Artist	Venue	Date	Venue URL
Brian Simpson and Jackiem Joyner	Blues Alley	Sunday, August 2, 2026	https://wl.seetickets.us/bluesalley
Brazilian Night w/Heitor Presser	Bossa Bistro	Sunday, August 2, 2026	http://bossadc.com/events/
Raja 50 - Ilaiyaraaja Live In Concert	EagleBank Arena	Sunday, August 2, 2026	https://www.eaglebankarena.com/events
Music In The Green Room By:, Sabo (Sol Selectas | La), shilimili, Neko Berg, Wellness Session: 3pm- 4pm Club Level | 2:45pm Doors | Complimentary Offering - First Come, First Serve, Restore In Breath & Sound with Hamilton Garces, Love Bazaar: 5-9pm | Club Room, Local Vendors Marketplace	Flash	Sunday, August 2, 2026	http://www.flashdc.com/
Live Music: Red Sunflower, Teaming in Chess	Galactic Panther Art Gallery	Sunday, August 2, 2026	https://www.eventbrite.com/o/galactic-panther-art-gallery-43341158153
Soul Crackers	Hank Dietle's Tavern	Sunday, August 2, 2026	https://www.hankdietles.net/
The Flatwounds	Hank Dietle's Tavern	Sunday, August 2, 2026	https://www.hankdietles.net/
Cordovas, Gavin Kattesh, Jarrod Dickenson	Jammin Java	Sunday, August 2, 2026	http://jamminjava.com
Sol Roots Trio	JoJo DC	Sunday, August 2, 2026	https://www.jojodc.com/events/
The Bee Charmers with Carol Gaylor	JV's Restaurant	Sunday, August 2, 2026	http://www.jvsrestaurant.com/home
Innlet, Boxrooster, Night Hawk	Pearl Street Warehouse	Sunday, August 2, 2026	http://www.pearlstreetwarehouse.com/
The Tan & Sober Gentlemen, Dylan Walshe (early show)	Pie Shop DC	Sunday, August 2, 2026	https://pieshopdc.com/events/
Zashed, Eyesofsorrow, At the Bottom of the Great Lakes, Denouement, xMemoriesToBurnx	Pie Shop DC	Sunday, August 2, 2026	https://pieshopdc.com/events/
Prisoner, Ninth Realm, Lay Waste, Obliviator	Songbyrd DC	Sunday, August 2, 2026	http://www.songbyrddc.com/events/
Spike Burton	Starr Hill Tysons	Sunday, August 2, 2026	https://www.starrhilltysons.com/events
Live Jazz: Geoff Reecer (Guitar) with Dan Roberts (Piano)	Tabard Inn	Sunday, August 2, 2026	https://www.tabardinn.com/upcoming_events/
Lord Huron, August Ponthier	The Anthem	Sunday, August 2, 2026	http://www.theanthemdc.com/calendar/
Wild Child For Kids	The Atlantis	Sunday, August 2, 2026	https://theatlantis.com/
Mohini Dey	The Birchmere	Sunday, August 2, 2026	http://www.birchmere.com/calendar/
Max McNown - The Summer Vacation Tour	The Fillmore Silver Spring	Sunday, August 2, 2026	http://www.fillmoresilverspring.com/
Stanley Plays The Dead	The Hamilton	Sunday, August 2, 2026	http://live.thehamiltondc.com/calendar/
R2Bees – Refuse To Be Over Tour (Live in DC) Powered by Mamusa Events & Safcom Group	The Howard Theatre	Sunday, August 2, 2026	https://www.thehowardtheatre.com/
Live Jazz Sunday	The Irish Inn	Sunday, August 2, 2026	https://irishinnglenecho.com/events/
Luh Tyler - Destined For Greatness Tour, 1900Rugrat	Union Stage	Sunday, August 2, 2026	https://www.unionstagepresents.com/
Marcus Mitchell Presents L-Stringz - Leanne Holmes -Emerging Artist Mondays	Blues Alley	Monday, August 3, 2026	https://wl.seetickets.us/bluesalley
Johnny Manchild and the Poor Bastards, Friend Of A Friend, Karma And The Killjoys	DC9	Monday, August 3, 2026	https://www.dc9.club/events
damon r., GoKibstarGo, Sharkchan	Jammin Java	Monday, August 3, 2026	http://jamminjava.com
Sh!tomato / The Peopling / Simmone Wrath / Inter Not Milan	Rhizome DC	Monday, August 3, 2026	http://www.rhizomedc.org/
Live Jazz: Geoff Reecer (Guitar) with Marty Nau (Saxophone)	Tabard Inn	Monday, August 3, 2026	https://www.tabardinn.com/upcoming_events/
Graham Nash – Live on Tour 2026	The Birchmere	Monday, August 3, 2026	http://www.birchmere.com/calendar/
Irish Inn Mates	The Irish Inn	Monday, August 3, 2026	https://irishinnglenecho.com/events/
Memphis Gold and the Blues Express Featuring Tia Dae	Blues Alley	Tuesday, August 4, 2026	https://wl.seetickets.us/bluesalley
Wayne Baker Brooks, special guests The Nighthawks	Hank Dietle's Tavern	Tuesday, August 4, 2026	https://www.hankdietles.net/
Dan Hovey	Hank Dietle's Tavern	Tuesday, August 4, 2026	https://www.hankdietles.net/
Holy Wave, Keegan Del Rio	Pearl Street Warehouse	Tuesday, August 4, 2026	http://www.pearlstreetwarehouse.com/
Gigi Marie (solo), Theophobia, Pleasure Business	Pie Shop DC	Tuesday, August 4, 2026	https://www.facebook.com/pg/pieshopdc/events/
Blaster / Gorf / Brain Surgery / Gifts Ungiven	Rhizome DC	Tuesday, August 4, 2026	http://www.rhizomedc.org/
Lenny Burridge	Starr Hill Tysons	Tuesday, August 4, 2026	https://www.starrhilltysons.com/events
Graham Nash – Live on Tour 2026	The Birchmere	Tuesday, August 4, 2026	http://www.birchmere.com/calendar/
Nine Vicious - A Tour	The Fillmore Silver Spring	Tuesday, August 4, 2026	http://www.fillmoresilverspring.com/
Merlon Devine - Smooth Jazz Summer Sax Series	Blues Alley	Wednesday, August 5, 2026	https://wl.seetickets.us/bluesalley
Joanie Leeds & Joya, Children's Theatre-in-the-Woods	Filene Center at Wolf Trap	Wednesday, August 5, 2026	https://www.wolftrap.org/calendar
Live Music: Sound Bites: A Night with Jay Columbus & André Vincent	Galactic Panther Art Gallery	Wednesday, August 5, 2026	https://www.eventbrite.com/o/galactic-panther-art-gallery-43341158153
"Local Cream" Songwriter Showcase	Hank Dietle's Tavern	Wednesday, August 5, 2026	https://www.hankdietles.net/
Thomas Walsh	Hank Dietle's Tavern	Wednesday, August 5, 2026	https://www.hankdietles.net/
Bonnie Stewart and Maddie Lenhart with special guest Daron Tapscott, Maddie Lenhart, Daron Tapscott	Jammin Java	Wednesday, August 5, 2026	http://jamminjava.com
Kenny Rittenhouse Trio	JoJo DC	Wednesday, August 5, 2026	https://www.jojodc.com/events/
New!!! Birds Of A Feather! Crowbait Blues Band Hosts Band Jam!	JV's Restaurant	Wednesday, August 5, 2026	http://www.jvsrestaurant.com/home
Casket Cassette, Stare Away, Syzygyx	Pie Shop DC	Wednesday, August 5, 2026	https://pieshopdc.com/events/
Jordan Smart, Jay Skaggs, thisdogllhunt	Quarry House Tavern	Wednesday, August 5, 2026	https://www.quarryhousetavern.com/music
Victor Vieira-Branco's Bark Culture / We All Witness (Bormet-Butler-Hughes-Paluch)	Rhizome DC	Wednesday, August 5, 2026	http://www.rhizomedc.org/
Bill Schroeher	Starr Hill Tysons	Wednesday, August 5, 2026	https://www.starrhilltysons.com/events
Riff Wood, Willowake	The Atlantis	Wednesday, August 5, 2026	https://theatlantis.com/
Three Dog Night	The Birchmere	Wednesday, August 5, 2026	http://www.birchmere.com/calendar/
John K’s Furthurmore	The Hamilton	Wednesday, August 5, 2026	http://live.thehamiltondc.com/calendar/
Inn House Band	The Irish Inn	Wednesday, August 5, 2026	https://irishinnglenecho.com/events/
Live from the Lawn: Shayna Steele	The Music Center at Strathmore	Wednesday, August 5, 2026	https://www.strathmore.org/calendar
Pj Morton - Saturday Night Sunday Morning Tour	Warner Theatre	Wednesday, August 5, 2026	http://www.warnertheatredc.com/
Carla Cook	Blues Alley	Thursday, August 6, 2026	https://wl.seetickets.us/bluesalley
Early Show! JazzMob DC	Bossa Bistro	Thursday, August 6, 2026	http://bossadc.com/events/
Jack Bond	Hank Dietle's Tavern	Thursday, August 6, 2026	https://www.hankdietles.net/
The Longtimers	Hank Dietle's Tavern	Thursday, August 6, 2026	https://www.hankdietles.net/
Jazz w/Gracie Jay	Henceforth DC	Thursday, August 6, 2026	https://www.henceforthdc.com/events
An Evening with The Steepwater Band	Jammin Java	Thursday, August 6, 2026	http://jamminjava.com
Amanda Gardier Trio	JoJo DC	Thursday, August 6, 2026	https://www.jojodc.com/events/
It's Double Trouble Night! With The Thrills And The Hardcore Troubadours - Two Bands, One Show	JV's Restaurant	Thursday, August 6, 2026	http://www.jvsrestaurant.com/home
The Bob Schwartz Quintet features Joe Brotherton	Mr Henry's Restaurant	Thursday, August 6, 2026	http://www.mrhenrysdc.com/calendar/
Nite, Echos	Pearl Street Warehouse	Thursday, August 6, 2026	http://www.pearlstreetwarehouse.com/
Julia Minkin, Hotel Sewing Kit (solo), Sophie Coran	Pie Shop DC	Thursday, August 6, 2026	https://pieshopdc.com/events/
Free Bluegrass Night, Blue Spruce	Quarry House Tavern	Thursday, August 6, 2026	https://www.quarryhousetavern.com/music
76th Street, Tornsey	Songbyrd DC	Thursday, August 6, 2026	http://www.songbyrddc.com/events/
Starting Early	Starr Hill Tysons	Thursday, August 6, 2026	https://www.starrhilltysons.com/events
Dave Hollister	The Birchmere	Thursday, August 6, 2026	http://www.birchmere.com/calendar/
Grahame Lesh & Friends	The Hamilton	Thursday, August 6, 2026	http://live.thehamiltondc.com/calendar/
Jeff Herbert	The Irish Inn	Thursday, August 6, 2026	https://irishinnglenecho.com/events/
The Barons, The Jellies, Leannán Shi	Union Stage	Thursday, August 6, 2026	https://www.unionstagepresents.com/
Chance Peña, Hans Williams	9:30 Club	Friday, August 7, 2026	http://www.930.com/#upcoming-shows-container
Carla Cook	Blues Alley	Friday, August 7, 2026	https://wl.seetickets.us/bluesalley
Alfredo Mojica Group	Bossa Bistro	Friday, August 7, 2026	http://bossadc.com/events/
The Briefs, The Sleeveens	Comet Ping Pong	Friday, August 7, 2026	http://www.cometpingpong.com/livemusic/
Foot Traffic, Makeup Girl, Playrite	DC9	Friday, August 7, 2026	https://www.dc9.club/events
Tosca, Puccini	Filene Center at Wolf Trap	Friday, August 7, 2026	https://www.wolftrap.org/calendar
DJ W!ld (The W Label, Take A Trip, Spit&Die | Paris), Gabbs (Italy), Enzo b2b Manny, Geena Marie, Shavaunxx, Reefe, MoxIIe, Cole Butler & Lecca	Flash	Friday, August 7, 2026	http://www.flashdc.com/
Live Music: Garrett Gleason (two sets: solo, trio) and Hujiking	Galactic Panther Art Gallery	Friday, August 7, 2026	https://www.eventbrite.com/o/galactic-panther-art-gallery-43341158153
Gary Ferguson with Ira Gitlin	Hank Dietle's Tavern	Friday, August 7, 2026	https://www.hankdietles.net/
Linwood Taylor & Mike Westcott, Still Standing	Hank Dietle's Tavern	Friday, August 7, 2026	https://www.hankdietles.net/
KaigaiM@S: An iDOLM@STER Tribute Live!, Sari Lynn Stardust, Heidi Honey, Emberloid, Barri	Jammin Java	Friday, August 7, 2026	http://jamminjava.com
Colin Chambers & Friends	JoJo DC	Friday, August 7, 2026	https://www.jojodc.com/events/
Obasi Akoto Trio	JoJo DC	Friday, August 7, 2026	https://www.jojodc.com/events/
Ray Hume & Stu Frye Duo - Return!	JV's Restaurant	Friday, August 7, 2026	http://www.jvsrestaurant.com/home
Shartel And Hume Band	JV's Restaurant	Friday, August 7, 2026	http://www.jvsrestaurant.com/home
Hard Core Troubadors	Mayan Monkey Brewing Co	Friday, August 7, 2026	https://www.mayanmonkeybrewingco.com/music
Alex Isley - When The City Sleeps	MGM National Harbor	Friday, August 7, 2026	https://www.mgmnationalharbor.com/en/entertainment/the-theater.html#/Entertainment%20Calendar
Jazz and Freedom Festival	Mr Henry's Restaurant	Friday, August 7, 2026	http://www.mrhenrysdc.com/calendar/
Jordan Davis	Nationals Park	Friday, August 7, 2026	https://www.mlb.com/nationals/tickets/concerts
D'Vibe & Conga	New Deal Cafe	Friday, August 7, 2026	https://www.newdealcafe.com/events/calendar/
Hot Like Mars, Strutman Lane	Pearl Street Warehouse	Friday, August 7, 2026	http://www.pearlstreetwarehouse.com/
Abominog, Goetia, Human Fluid Rot, Drugs of Faith, Trepanate, Spit Pile	Pie Shop DC	Friday, August 7, 2026	https://pieshopdc.com/events/
Centigrade 2 / Karacell / Syncretist / Diner Hours / Secret Wilderness	Rhizome DC	Friday, August 7, 2026	http://www.rhizomedc.org/
Abby Holliday & Charli Adams, Eliza Harrison Smith	Songbyrd DC	Friday, August 7, 2026	http://www.songbyrddc.com/events/
KleptoRadio	Starr Hill Tysons	Friday, August 7, 2026	https://www.starrhilltysons.com/events
Houndmouth, Rayland Baxter	The Anthem	Friday, August 7, 2026	http://www.theanthemdc.com/calendar/
2charm	The Atlantis	Friday, August 7, 2026	https://theatlantis.com/
A Tribute to the Music of John Denver Starring Jim Curry	The Birchmere	Friday, August 7, 2026	http://www.birchmere.com/calendar/
Steely Dead	The Hamilton	Friday, August 7, 2026	http://live.thehamiltondc.com/calendar/
Live Salsa night at State Theatre!	The State Theatre	Friday, August 7, 2026	http://www.thestatetheatre.com/events/upcoming_events.xml
The Click Five - For Lovers Tour, Ryan Wright	Union Stage	Friday, August 7, 2026	https://www.unionstagepresents.com/
Chance Peña, Hans Williams	9:30 Club	Saturday, August 8, 2026	http://www.930.com/#upcoming-shows-container
Girls Rock! DC August Showcase	Black Cat	Saturday, August 8, 2026	http://www.blackcatdc.com/schedule.html
Burning Down The House, A New Wave Drag Show	Black Cat	Saturday, August 8, 2026	http://www.blackcatdc.com/schedule.html
Liv Warfield	Blues Alley	Saturday, August 8, 2026	https://wl.seetickets.us/bluesalley
¡Latin Night with Tumbao!	Bossa Bistro	Saturday, August 8, 2026	http://bossadc.com/events/
Fairweather, Dosser, Celebration Summer	DC9	Saturday, August 8, 2026	https://www.dc9.club/events
Seven Lions	Echostage	Saturday, August 8, 2026	https://echostage.com/all-events/
The Concert: A Tribute to Abba	Filene Center at Wolf Trap	Saturday, August 8, 2026	https://www.wolftrap.org/calendar
33 Below, DJ Astronat, Wolfemayne	Flash	Saturday, August 8, 2026	http://www.flashdc.com/
Mystic Bill (Trax Records | Chicago), Edan Everywhere, Stretch (Detroit), Jus Familiarise, DJ LickAshot, DJ Technics	Flash	Saturday, August 8, 2026	http://www.flashdc.com/
Gumby And The Ghosts: Drawings by Tony Coleman and Andrew Jeffrey Wright	Galactic Panther Art Gallery	Saturday, August 8, 2026	https://www.eventbrite.com/o/galactic-panther-art-gallery-43341158153
Rev Billy C. Wirtz	Hank Dietle's Tavern	Saturday, August 8, 2026	https://www.hankdietles.net/
Anna Moss & Sabine McCalla	Jammin Java	Saturday, August 8, 2026	http://jamminjava.com
Reginald Cyntje Quartet	JoJo DC	Saturday, August 8, 2026	https://www.jojodc.com/events/
Brian Settles Trio l	JoJo DC	Saturday, August 8, 2026	https://www.jojodc.com/events/
Guns and Roses Tribute - Live show - $15	La Mia Italia	Saturday, August 8, 2026	
Cathy Ponton King	Mayan Monkey Brewing Co	Saturday, August 8, 2026	https://www.mayanmonkeybrewingco.com/music
Eddie Anderson Project	Mr Henry's Restaurant	Saturday, August 8, 2026	http://www.mrhenrysdc.com/calendar/
The Paulverizers	New Deal Cafe	Saturday, August 8, 2026	https://www.newdealcafe.com/events/calendar/
Gannon Fremin & Ccrev, Hello, Hate to See You Tour	Pearl Street Warehouse	Saturday, August 8, 2026	http://www.pearlstreetwarehouse.com/
Minka	Pie Shop DC	Saturday, August 8, 2026	https://pieshopdc.com/events/
Sunfo, FinalBossFight, The Overlook	Quarry House Tavern	Saturday, August 8, 2026	https://www.quarryhousetavern.com/music
Ammonite / Blackout Transmission / Grace A. Keller	Rhizome DC	Saturday, August 8, 2026	http://www.rhizomedc.org/
The Goons, Murphy's Law, Menstrual Tramp	Songbyrd DC	Saturday, August 8, 2026	http://www.songbyrddc.com/events/
Captain Seawalker Yacht Rock Party	Starr Hill Tysons	Saturday, August 8, 2026	https://www.starrhilltysons.com/events
Legal in the District	Starr Hill Tysons	Saturday, August 8, 2026	https://www.starrhilltysons.com/events
2MB	Starr Hill Tysons	Saturday, August 8, 2026	https://www.starrhilltysons.com/events
18th Annual UkeFest	Strathmore	Saturday, August 8, 2026	https://www.strathmore.org/calendar
CareFreeBlackGirl CookOut	Sycamore & Oak	Saturday, August 8, 2026	https://www.sycamoreandoak.com/events
Steve Turre	Takoma Station Tavern	Saturday, August 8, 2026	https://www.takomastation.com/
Kaleo – Way Down We Go Tour, Dogpark	The Anthem	Saturday, August 8, 2026	http://www.theanthemdc.com/calendar/
Titus Andronicus	The Atlantis	Saturday, August 8, 2026	https://theatlantis.com/
1964: The Tribute	The Birchmere	Saturday, August 8, 2026	http://www.birchmere.com/calendar/
Better Off Dead w/ Bella Rayne	The Hamilton	Saturday, August 8, 2026	http://live.thehamiltondc.com/calendar/
Uncaged - Zac Brown Tribute	The State Theatre	Saturday, August 8, 2026	http://www.thestatetheatre.com/events/upcoming_events.xml
White Ford Bronco: DC's All 90s Band	Union Stage	Saturday, August 8, 2026	https://www.unionstagepresents.com/
Liv Warfield	Blues Alley	Sunday, August 9, 2026	https://wl.seetickets.us/bluesalley
Margot Sinclair, Jordan Dean	DC9	Sunday, August 9, 2026	https://www.dc9.club/events
Music In The Green Room By:, Laidlaw (Beeyou Records | Uk), House Twelve, KayLaSoul, Wellness Session: 3pm- 4pm Club Level | 2:45pm Doors | Complimentary Offering - First Come, First Serve, Reiki Sound Bath with Kehinde Adeseye, Love Bazaar: 5-9pm | Club Room, Local Vendors Marketplace	Flash	Sunday, August 9, 2026	http://www.flashdc.com/
Live Music: The Fanoplane improvisational ensemble	Galactic Panther Art Gallery	Sunday, August 9, 2026	https://www.eventbrite.com/o/galactic-panther-art-gallery-43341158153
Flatbroke	Hank Dietle's Tavern	Sunday, August 9, 2026	https://www.hankdietles.net/
Slow Joy - I Love You So Much I Could Die Tour, Bike Routes, Glom	Jammin Java	Sunday, August 9, 2026	http://jamminjava.com
Sol Roots Trio	JoJo DC	Sunday, August 9, 2026	https://www.jojodc.com/events/
Charlie Owen & Pocket Change	New Deal Cafe	Sunday, August 9, 2026	https://www.newdealcafe.com/events/calendar/
Reek4real, Wlly, DreSkeem, TaeHendrix	Pie Shop DC	Sunday, August 9, 2026	https://www.facebook.com/pg/pieshopdc/events/
Degloved / Abortion Breath / Hydroencephalocystocele / Numbing Agent	Rhizome DC	Sunday, August 9, 2026	http://www.rhizomedc.org/
Bucky Malone: “Rampage” The Tour	Songbyrd DC	Sunday, August 9, 2026	http://www.songbyrddc.com/events/
Mark Dunn	Starr Hill Tysons	Sunday, August 9, 2026	https://www.starrhilltysons.com/events
Live Jazz: Donato Soviero (Guitar) with Bruce Swain (Saxophone)	Tabard Inn	Sunday, August 9, 2026	https://www.tabardinn.com/upcoming_events/
V Street Market	The Atlantis	Sunday, August 9, 2026	https://theatlantis.com/
An Evening with Hot Tuna Acoustic	The Birchmere	Sunday, August 9, 2026	http://www.birchmere.com/calendar/
Loe Shimmy - Pretty Girls Run the World Tour	The Fillmore Silver Spring	Sunday, August 9, 2026	http://www.fillmoresilverspring.com/
Noname - 10yr Anniversary of Telefone	The Howard Theatre	Sunday, August 9, 2026	https://www.thehowardtheatre.com/
Elevate Show	Union Stage	Sunday, August 9, 2026	https://www.unionstagepresents.com/
Marcus Mitchell Presents Miss Gavri - Emerging Artist Mondays	Blues Alley	Monday, August 10, 2026	https://wl.seetickets.us/bluesalley
The Philharmonik And Wyatt Waddell	Pearl Street Warehouse	Monday, August 10, 2026	http://www.pearlstreetwarehouse.com/
HillHillHill: Will Greene, Ishmael Ali, Lily Finnegan	Rhizome DC	Monday, August 10, 2026	http://www.rhizomedc.org/
Lip Critic, Jade Weapon, Consumer Culture	Songbyrd DC	Monday, August 10, 2026	http://www.songbyrddc.com/events/
Live Jazz: Donato Soviero (Guitar) with Steve Arnold (Bass)	Tabard Inn	Monday, August 10, 2026	https://www.tabardinn.com/upcoming_events/
Millkzy	The Atlantis	Monday, August 10, 2026	https://theatlantis.com/
Molly Santana & North West: KimokawaII Tour	The Fillmore Silver Spring	Monday, August 10, 2026	http://www.fillmoresilverspring.com/
Dogstar - All In Now Tour, The Backfires	9:30 Club	Tuesday, August 11, 2026	http://www.930.com/#upcoming-shows-container
Wes Watkins	Blues Alley	Tuesday, August 11, 2026	https://wl.seetickets.us/bluesalley
Blues Traveler, Gin Blossoms, Spin Doctors	Filene Center at Wolf Trap	Tuesday, August 11, 2026	https://www.wolftrap.org/calendar
Dan Hovey	Hank Dietle's Tavern	Tuesday, August 11, 2026	https://www.hankdietles.net/
Kiti Gartner & the Drifting Valentines	Hank Dietle's Tavern	Tuesday, August 11, 2026	https://www.hankdietles.net/
Fausto & Dan	Hank Dietle's Tavern	Tuesday, August 11, 2026	https://www.hankdietles.net/
Foreign Hands, Church Tongue, Gasket, Faith in Destruction	Pie Shop DC	Tuesday, August 11, 2026	https://www.facebook.com/pg/pieshopdc/events/
Sloppy Jane, Cherub Tree	Songbyrd DC	Tuesday, August 11, 2026	http://www.songbyrddc.com/events/
Eric Henkels	Starr Hill Tysons	Tuesday, August 11, 2026	https://www.starrhilltysons.com/events
Sam Taggart - So Pretty Much I'm Touring	Union Stage	Tuesday, August 11, 2026	https://www.unionstagepresents.com/
Andre Ward - Smooth Jazz Summer Sax Series	Blues Alley	Wednesday, August 12, 2026	https://wl.seetickets.us/bluesalley
Blues Traveler, Gin Blossoms, Spin Doctors	Filene Center at Wolf Trap	Wednesday, August 12, 2026	https://www.wolftrap.org/calendar
Keith Grimes & Dean Dalton	Hank Dietle's Tavern	Wednesday, August 12, 2026	https://www.hankdietles.net/
The Brother Bill Quintet	Hank Dietle's Tavern	Wednesday, August 12, 2026	https://www.hankdietles.net/
Jovi Greene, Josh Lian	Jammin Java	Wednesday, August 12, 2026	http://jamminjava.com
Lyle Link Trio	JoJo DC	Wednesday, August 12, 2026	https://www.jojodc.com/events/
Katy & The Gongs	New Deal Cafe	Wednesday, August 12, 2026	https://www.newdealcafe.com/events/calendar/
Them in Uniform, Peak Bloom, Makeup Girl	Pie Shop DC	Wednesday, August 12, 2026	https://www.facebook.com/pg/pieshopdc/events/
My House Walkthrough / Abriction / Bile / Naomi 10 Million	Rhizome DC	Wednesday, August 12, 2026	http://www.rhizomedc.org/
Patrick Budd, Jackson Perkins	Songbyrd DC	Wednesday, August 12, 2026	http://www.songbyrddc.com/events/
Andy Branigan	Starr Hill Tysons	Wednesday, August 12, 2026	https://www.starrhilltysons.com/events
Live from the Lawn: UkeFest Finale	The Music Center at Strathmore	Wednesday, August 12, 2026	https://www.strathmore.org/calendar
VonOff1700	Union Stage	Wednesday, August 12, 2026	https://www.unionstagepresents.com/
Eagles Of Death Metal - Death By Sexy 20th Anniversary Tour, Mountain Head	9:30 Club	Thursday, August 13, 2026	http://www.930.com/#upcoming-shows-container
Kyana & Brigette 'Bj Butterfly' Johnson	Blues Alley	Thursday, August 13, 2026	https://wl.seetickets.us/bluesalley
Early Show! JazzMob DC	Bossa Bistro	Thursday, August 13, 2026	http://bossadc.com/events/
The Princess Concert	Capital One Hall	Thursday, August 13, 2026	
Headsend	DC9	Thursday, August 13, 2026	https://www.dc9.club/events
Peace, Love & Boogie Woogie Happy Hour • Bill Starks, Greg Hardin	Hank Dietle's Tavern	Thursday, August 13, 2026	https://www.hankdietles.net/
The Grandsons Present • Special Guest: Tommy Lepson	Hank Dietle's Tavern	Thursday, August 13, 2026	https://www.hankdietles.net/
Jazz w/Gracie Jay	Henceforth DC	Thursday, August 13, 2026	https://www.henceforthdc.com/events
Cole Davidson	Jammin Java	Thursday, August 13, 2026	http://jamminjava.com
Brian Settles Trio	JoJo DC	Thursday, August 13, 2026	https://www.jojodc.com/events/
Jack Irby Quartet	Mr Henry's Restaurant	Thursday, August 13, 2026	http://www.mrhenrysdc.com/calendar/
Blue Spruce	New Deal Cafe	Thursday, August 13, 2026	https://www.newdealcafe.com/events/calendar/
Spiked Punch, Flex Kartel, PaydaiOTW, Samoris	Pearl Street Warehouse	Thursday, August 13, 2026	http://www.pearlstreetwarehouse.com/
McMansion, Tartarean, Brain Surgery, Chiaroscuro	Pie Shop DC	Thursday, August 13, 2026	https://www.facebook.com/pg/pieshopdc/events/
Housie / Saafewaay / Powerband / Deen Gray / QIIIIIIik	Rhizome DC	Thursday, August 13, 2026	http://www.rhizomedc.org/
Value Select	Songbyrd DC	Thursday, August 13, 2026	http://www.songbyrddc.com/events/
Free Flowing Musical Experience	Starr Hill Tysons	Thursday, August 13, 2026	https://www.starrhilltysons.com/events
Sara Evans: We Got The Beat, with Braden Hull	The Birchmere	Thursday, August 13, 2026	http://www.birchmere.com/calendar/
Dangermuffin	The Hamilton	Thursday, August 13, 2026	http://live.thehamiltondc.com/calendar/
August Bluebeat: The Unsustainables, Skank	The Wonderland Ballroom	Thursday, August 13, 2026	http://www.thewonderlandballroom.com/shows-and-events/
Ainae, Melan Soulflower, Atiya and Malik Dope	Union Stage	Thursday, August 13, 2026	https://www.unionstagepresents.com/
Pomplamoose	9:30 Club	Friday, August 14, 2026	http://www.930.com/#upcoming-shows-container
Yard Act, The Armed	Black Cat	Friday, August 14, 2026	http://www.blackcatdc.com/schedule.html
Miriamm	Blues Alley	Friday, August 14, 2026	https://wl.seetickets.us/bluesalley
Alfredo Mojica Group	Bossa Bistro	Friday, August 14, 2026	http://bossadc.com/events/
Early Show! Rafael Pondé	Bossa Bistro	Friday, August 14, 2026	http://bossadc.com/events/
Triptides, Some Nobodies	Comet Ping Pong	Friday, August 14, 2026	http://www.cometpingpong.com/livemusic/
Nü Androids and Achromatic Presents: Moombahton Massive	Culture DC	Friday, August 14, 2026	https://www.culturedc.com/events
Night Hawk, Spirit of the Bear, Jem Wilde	DC9	Friday, August 14, 2026	https://www.dc9.club/events
Alphabet Soup, Lauren Jay, Close Friends Collective	DC9	Friday, August 14, 2026	https://www.dc9.club/events
Deorro W/ Bolo The DJ	Echostage	Friday, August 14, 2026	https://echostage.com/all-events/
Beethoven’s Ninth Symphony, National Symphony Orchestra, Gianandrea Noseda, conductor	Filene Center at Wolf Trap	Friday, August 14, 2026	https://www.wolftrap.org/calendar
Tom Gbh, Brad Piff	Flash	Friday, August 14, 2026	http://www.flashdc.com/
Mark Farina (Great Lakes Audio Recordings, Om Records), Kochi, D.o.s, Mverto Futura, Arroyo	Flash	Friday, August 14, 2026	http://www.flashdc.com/
The Halfsmokes	Hank Dietle's Tavern	Friday, August 14, 2026	https://www.hankdietles.net/
Josh Bayer Trio	Hank Dietle's Tavern	Friday, August 14, 2026	https://www.hankdietles.net/
Age of Ruin, Shovelhead A.d., Vara Alta	Jammin Java	Friday, August 14, 2026	http://jamminjava.com
Experiencia Stereo - Soda Stereo Tribute - Live show	La Mia Italia	Friday, August 14, 2026	
Blondie meets the talking heads	Mayan Monkey Brewing Co	Friday, August 14, 2026	https://www.mayanmonkeybrewingco.com/music
Marco Antonio Solis - Tour Gratitud 2026	MGM National Harbor	Friday, August 14, 2026	https://www.mgmnationalharbor.com/en/entertainment/the-theater.html#/Entertainment%20Calendar
NII Akwei & The 11th Hour	Mr Henry's Restaurant	Friday, August 14, 2026	http://www.mrhenrysdc.com/calendar/
The Good Trouble Troubadours	New Deal Cafe	Friday, August 14, 2026	https://www.newdealcafe.com/events/calendar/
The Jerrymanders	Pearl Street Warehouse	Friday, August 14, 2026	http://www.pearlstreetwarehouse.com/
Litfrank, Ddk, goodview, Ernie Wayne	Pie Shop DC	Friday, August 14, 2026	https://www.facebook.com/pg/pieshopdc/events/
Maria Grand & Shakoor Hakeem / Bashi Rose	Rhizome DC	Friday, August 14, 2026	http://www.rhizomedc.org/
Rome Streetz “Sock It To My Pocket” Tour, Fergie Baby, $ha Hef	Songbyrd DC	Friday, August 14, 2026	http://www.songbyrddc.com/events/
AWS	Starr Hill Tysons	Friday, August 14, 2026	https://www.starrhilltysons.com/events
Who’s Bad: The Ultimate Michael Jackson Experience	The Birchmere	Friday, August 14, 2026	http://www.birchmere.com/calendar/
Yacht Lobsters	The Hamilton	Friday, August 14, 2026	http://live.thehamiltondc.com/calendar/
Raphael Ghanem Apresenta: A Carne Só Cai No Prato Do Vegano	The Howard Theatre	Friday, August 14, 2026	https://www.thehowardtheatre.com/
Faouzia - The Film Noir Tour	Union Stage	Friday, August 14, 2026	https://www.unionstagepresents.com/
LeAnn Rimes: 30 Years of Blue - The Voice. The Journey. The Truth	Warner Theatre	Friday, August 14, 2026	http://www.warnertheatredc.com/
Oh He Dead	9:30 Club	Saturday, August 15, 2026	http://www.930.com/#upcoming-shows-container
Argo & The Violet Queens (Record Release), Massie, Cuni, Pinkhouse, A benefit for Immigrant Solidarity Mutual Aid	Black Cat	Saturday, August 15, 2026	http://www.blackcatdc.com/schedule.html
I Got Life: The Music of Nina Simone feat. Carol Riddick and Gerald Veasley	Blues Alley	Saturday, August 15, 2026	https://wl.seetickets.us/bluesalley
¡Latin Night with Tumbao!	Bossa Bistro	Saturday, August 15, 2026	http://bossadc.com/events/
Nü Androids x Cafe Grooves Presents: Rafael	Culture DC	Saturday, August 15, 2026	https://www.culturedc.com/events
katmoji, EC, Maxxant, Yuk1, Yoshi Douglas, Kiryano, ProllyIris (1Trick), FijiDaniel (1Trick), Freaky T (1Trick), Andysalright	DC9	Saturday, August 15, 2026	https://www.dc9.club/events
Gershwin, Bernstein & American Mosaic, National Symphony Orchestra, Gianandrea Noseda, conductor	Filene Center at Wolf Trap	Saturday, August 15, 2026	https://www.wolftrap.org/calendar
Carl Craig (Planet E | Detroit), Scandalous (No Fun Intended | Vermont), Chris Nitti	Flash	Saturday, August 15, 2026	http://www.flashdc.com/
Bad Tuner, Nodef, Dev Doja	Flash	Saturday, August 15, 2026	http://www.flashdc.com/
Live Music: John Strike’s 40th birthday bill ft. Rise Defy & Rocket 77+2	Galactic Panther Art Gallery	Saturday, August 15, 2026	https://www.eventbrite.com/o/galactic-panther-art-gallery-43341158153
Bad Influence Band	Hank Dietle's Tavern	Saturday, August 15, 2026	https://www.hankdietles.net/
The Chuck Underwood Trio	Hank Dietle's Tavern	Saturday, August 15, 2026	https://www.hankdietles.net/
School of Rock Showcase • Adult Students	Hank Dietle's Tavern	Saturday, August 15, 2026	https://www.hankdietles.net/
That Handsome Devil, Boris and the Joy	Jammin Java	Saturday, August 15, 2026	http://jamminjava.com
The Doors Tribute - Live show	La Mia Italia	Saturday, August 15, 2026	
Film At Eleven	Mayan Monkey Brewing Co	Saturday, August 15, 2026	https://www.mayanmonkeybrewingco.com/music
Sagar Bhatia	MGM National Harbor	Saturday, August 15, 2026	https://www.mgmnationalharbor.com/en/entertainment/the-theater.html#/Entertainment%20Calendar
Joe Coleman	Mr Henry's Restaurant	Saturday, August 15, 2026	http://www.mrhenrysdc.com/calendar/
The Eric Selby Band	New Deal Cafe	Saturday, August 15, 2026	https://www.newdealcafe.com/events/calendar/
Spike Nu: Expensive Parting Gifts Live at Pearl Street, Hoddestn, Zion, Kenny Sway	Pearl Street Warehouse	Saturday, August 15, 2026	http://www.pearlstreetwarehouse.com/
Hiroe, Sutras, Engineered Extinction, Quiet Room	Pie Shop DC	Saturday, August 15, 2026	https://pieshopdc.com/events/
Nadie Nadia, 4la7la, Your Trusted Officials (early show)	Pie Shop DC	Saturday, August 15, 2026	https://pieshopdc.com/events/
Pearie Sol / That This / Jackie Cougar & The Vampires From Africa	Rhizome DC	Saturday, August 15, 2026	http://www.rhizomedc.org/
Texas Chainsaw Horns	Starr Hill Tysons	Saturday, August 15, 2026	https://www.starrhilltysons.com/events
Keeton	Starr Hill Tysons	Saturday, August 15, 2026	https://www.starrhilltysons.com/events
Back to Zero	Starr Hill Tysons	Saturday, August 15, 2026	https://www.starrhilltysons.com/events
Bobby Muncy	Takoma Station Tavern	Saturday, August 15, 2026	https://www.takomastation.com/
Howard Jones: Things Can Only Get Better Tour, Wang Chung, The English Beat, Modern English, Richard Blade	The Anthem	Saturday, August 15, 2026	http://www.theanthemdc.com/calendar/
Matthew Whitaker	The Birchmere	Saturday, August 15, 2026	http://www.birchmere.com/calendar/
Homecoming featuring Gordon Sterling & The People and Isaac Hadden w Soundwaves, Isaac Hadden , Soundwaves	Union Stage	Saturday, August 15, 2026	https://www.unionstagepresents.com/
Josh Tatofi	Union Stage	Saturday, August 15, 2026	https://www.unionstagepresents.com/
Rick Ross Port of Miami Orchestra Tour	Warner Theatre	Saturday, August 15, 2026	http://www.warnertheatredc.com/
Hayla - Dark Tour	9:30 Club	Sunday, August 16, 2026	http://www.930.com/#upcoming-shows-container
I Got Life: The Music of Nina Simone feat. Carol Riddick and Gerald Veasley	Blues Alley	Sunday, August 16, 2026	https://wl.seetickets.us/bluesalley
Nü Androids Presents: Ilario Alicante	Culture DC	Sunday, August 16, 2026	https://www.culturedc.com/events
Dolly Ave, Jenny Palacios, kid named rhi	DC9	Sunday, August 16, 2026	https://www.dc9.club/events
Yacht Rock Revue, Primetime 2026 Tour	Filene Center at Wolf Trap	Sunday, August 16, 2026	https://www.wolftrap.org/calendar
Music In The Green Room By:, Andrey Pushkarev (Luck of Access | Lisbon), Vivian Wang (Nyc), Unit J, Wellness Session: 3pm- 4pm Club Level | 2:45pm Doors | Complimentary Offering - First Come, First Serve, Guided Melodic Journey to Self Forgiveness with Conscious Contact (Green Shirt Guy), Love Bazaar: 5-9pm | Club Room, Local Vendors Marketplace	Flash	Sunday, August 16, 2026	http://www.flashdc.com/
Mary Ann Redmond Band	Hank Dietle's Tavern	Sunday, August 16, 2026	https://www.hankdietles.net/
The Hula Monsters	Hank Dietle's Tavern	Sunday, August 16, 2026	https://www.hankdietles.net/
Jay Yoder	Jammin Java	Sunday, August 16, 2026	http://jamminjava.com
Simple Plan: Bigger Than You Think! Tour - The Sequel!	MGM National Harbor	Sunday, August 16, 2026	https://www.mgmnationalharbor.com/en/entertainment/the-theater.html#/Entertainment%20Calendar
Grateful Sunday	New Deal Cafe	Sunday, August 16, 2026	https://www.newdealcafe.com/events/calendar/
Kill Bill the Rapper: I Found The End Tour, Ashtin Larold	Pearl Street Warehouse	Sunday, August 16, 2026	http://www.pearlstreetwarehouse.com/
The Saint Cecilia	Pie Shop DC	Sunday, August 16, 2026	https://www.facebook.com/pg/pieshopdc/events/
The No Headliners Tour, ft. Heno., Kwame Adu, My Favorite Color, zayALLCAPS	Songbyrd DC	Sunday, August 16, 2026	http://www.songbyrddc.com/events/
Tommy & Kim	Starr Hill Tysons	Sunday, August 16, 2026	https://www.starrhilltysons.com/events
Live Jazz: Steve Herberman (Guitar) with Ben Thomas (Bass)	Tabard Inn	Sunday, August 16, 2026	https://www.tabardinn.com/upcoming_events/
WorldBeat: Image Band	Takoma Station Tavern	Sunday, August 16, 2026	https://www.takomastation.com/
Destiny's Child: Iconic Reimagined Tribute – Washington DC	The Howard Theatre	Sunday, August 16, 2026	https://www.thehowardtheatre.com/
American Aquarium, Joelton Mayfield	Union Stage	Sunday, August 16, 2026	https://www.unionstagepresents.com/
Marcus Mitchell Presents Ashlei Peoples - Emerging Artist Mondays	Blues Alley	Monday, August 17, 2026	https://wl.seetickets.us/bluesalley
Anyone Awake, The Stone Popes, lobsterfight	DC9	Monday, August 17, 2026	https://www.dc9.club/events
Foo Fighters: Take Cover Tour 2026	Nationals Park	Monday, August 17, 2026	https://www.mlb.com/nationals/tickets/concerts
Live Jazz: Donato Soviero (Guitar) with James King (Bass)	Tabard Inn	Monday, August 17, 2026	https://www.tabardinn.com/upcoming_events/
Isaiah Rashad: Lil Sunny's Awful Road Trip	The Fillmore Silver Spring	Monday, August 17, 2026	http://www.fillmoresilverspring.com/
Lil' Maceo - Recording Release	Blues Alley	Tuesday, August 18, 2026	https://wl.seetickets.us/bluesalley
The Wiggles – Tree of Wisdom Spectacular!	Capital One Hall	Tuesday, August 18, 2026	
Blossom & Sledges with Guttered	Comet Ping Pong	Tuesday, August 18, 2026	http://www.cometpingpong.com/livemusic/
Dan Hovey	Hank Dietle's Tavern	Tuesday, August 18, 2026	https://www.hankdietles.net/
The Hard-Core Troubadours	Hank Dietle's Tavern	Tuesday, August 18, 2026	https://www.hankdietles.net/
Luke Borchelt, Emily Woodhull	Jammin Java	Tuesday, August 18, 2026	http://jamminjava.com
My Chemical Romance: The Black Parade 2026	Nationals Park	Tuesday, August 18, 2026	https://www.mlb.com/nationals/tickets/concerts
Iron Joy / Bccording / Dan	Rhizome DC	Tuesday, August 18, 2026	http://www.rhizomedc.org/
River Shook, Olivia Ellen Lloyd	Songbyrd DC	Tuesday, August 18, 2026	http://www.songbyrddc.com/events/
Marilyn Hucek	Starr Hill Tysons	Tuesday, August 18, 2026	https://www.starrhilltysons.com/events
Art Sherrod Jr. - Smooth Jazz Summer Sax Series	Blues Alley	Wednesday, August 19, 2026	https://wl.seetickets.us/bluesalley
Cg Jazz Collective	Hank Dietle's Tavern	Wednesday, August 19, 2026	https://www.hankdietles.net/
Songwriters Association of Washington (Saw) Showcase	Hank Dietle's Tavern	Wednesday, August 19, 2026	https://www.hankdietles.net/
Blue Water Highway	Jammin Java	Wednesday, August 19, 2026	http://jamminjava.com
Alena Ciera, Sean Davy, Kelle	Pearl Street Warehouse	Wednesday, August 19, 2026	http://www.pearlstreetwarehouse.com/
Sam Morrow, Andy Thomas	Pie Shop DC	Wednesday, August 19, 2026	https://www.facebook.com/pg/pieshopdc/events/
EMM, Bentley Robles, Venetian, Calyope	Songbyrd DC	Wednesday, August 19, 2026	http://www.songbyrddc.com/events/
Jordan Frank	Starr Hill Tysons	Wednesday, August 19, 2026	https://www.starrhilltysons.com/events
Musiq Soulchild	Warner Theatre	Wednesday, August 19, 2026	http://www.warnertheatredc.com/
Mycah Chevalier	Blues Alley	Thursday, August 20, 2026	https://wl.seetickets.us/bluesalley
Early Show! JazzMob DC	Bossa Bistro	Thursday, August 20, 2026	http://bossadc.com/events/
Black Pontiac, The Montaines, Alaska's Angels	Comet Ping Pong	Thursday, August 20, 2026	http://www.cometpingpong.com/livemusic/
Afternoon Bike Ride	DC9	Thursday, August 20, 2026	https://www.dc9.club/events
Rescheduled: Jason Isbell and the 400 Unit, Patty Griffin	Filene Center at Wolf Trap	Thursday, August 20, 2026	https://www.wolftrap.org/calendar
Gather on the Green: Go-Go on the Green	Go-Go Museum	Thursday, August 20, 2026	https://www.gogomuseumcafe.com/events/list/
Eric Scott • Solo	Hank Dietle's Tavern	Thursday, August 20, 2026	https://www.hankdietles.net/
Terri & The Back Alley Rhythm Cats	Hank Dietle's Tavern	Thursday, August 20, 2026	https://www.hankdietles.net/
Jazz w/Gracie Jay	Henceforth DC	Thursday, August 20, 2026	https://www.henceforthdc.com/events
Jesse James DeConto (The Pinkerton Raid), Annie Stokes, Colin Cutler	Jammin Java	Thursday, August 20, 2026	http://jamminjava.com
Summer Concert Series: U.S. Navy Band Concert Band	National Museum of the Marine Corps	Thursday, August 20, 2026	
Jason Aldean & Luke Bryan: Double Down Tour	Nationals Park	Thursday, August 20, 2026	https://www.mlb.com/nationals/tickets/concerts
The Classic Jam with The Low Rent Quartet:	New Deal Cafe	Thursday, August 20, 2026	https://www.newdealcafe.com/events/calendar/
Capital Rats, The Darelyns, Ari Voxx, The Darelynns, Ari Voxx	Pearl Street Warehouse	Thursday, August 20, 2026	http://www.pearlstreetwarehouse.com/
Erasergirl, New Passengers, Bohemian Waxwing	Pie Shop DC	Thursday, August 20, 2026	https://pieshopdc.com/events/
The Exchange Project, R-nØt, Please Knock	Songbyrd DC	Thursday, August 20, 2026	http://www.songbyrddc.com/events/
Scott Kurt & Memphis 59	Starr Hill Tysons	Thursday, August 20, 2026	https://www.starrhilltysons.com/events
Koe Wetzel: The Night Champion World Tour, Shane Smith and the Saints, Bayker Blankenship, Logan Jahnke	The Anthem	Thursday, August 20, 2026	http://www.theanthemdc.com/calendar/
An Evening with Nrbq & The Whole Wheat Horns	The Birchmere	Thursday, August 20, 2026	http://www.birchmere.com/calendar/
Jason Schmidt, Haven Madison	Union Stage	Thursday, August 20, 2026	https://www.unionstagepresents.com/
Velvet Divide, AITA, Courage Mother	Black Cat	Friday, August 21, 2026	http://www.blackcatdc.com/schedule.html
Marcus Mitchell Presents Jazmin Ghent	Blues Alley	Friday, August 21, 2026	https://wl.seetickets.us/bluesalley
Alfredo Mojica Group	Bossa Bistro	Friday, August 21, 2026	http://bossadc.com/events/
Invisible Touch - A Tribute to Phil Collins	Capital One Hall	Friday, August 21, 2026	
Lud Roes (Record Release!), Scoria, Caustic Casanova	Comet Ping Pong	Friday, August 21, 2026	http://www.cometpingpong.com/livemusic/
Tea Eater, Suppai Helwa, Girls on Toast	DC9	Friday, August 21, 2026	https://www.dc9.club/events
Jon Batiste, National Symphony Orchestra, Jonathan Taylor Rush, conductor	Filene Center at Wolf Trap	Friday, August 21, 2026	https://www.wolftrap.org/calendar
Eelke Kleijn (Days like Nights | Netherlands), Pete Holden, Tomas C (Magic City Disco)	Flash	Friday, August 21, 2026	http://www.flashdc.com/
Live Music: Erked, friends at Galactic Panther	Galactic Panther Art Gallery	Friday, August 21, 2026	https://www.eventbrite.com/o/galactic-panther-art-gallery-43341158153
Beatles at Dietle's	Hank Dietle's Tavern	Friday, August 21, 2026	https://www.hankdietles.net/
Guy Bouchie & Matt Kelley, Still Standing	Hank Dietle's Tavern	Friday, August 21, 2026	https://www.hankdietles.net/
Specialists, Tobin James, Lena Traynham, Josee Molavi	Jammin Java	Friday, August 21, 2026	http://jamminjava.com
Mike westcott band	Mayan Monkey Brewing Co	Friday, August 21, 2026	https://www.mayanmonkeybrewingco.com/music
Kevin Cordt Quartet	Mr Henry's Restaurant	Friday, August 21, 2026	http://www.mrhenrysdc.com/calendar/
The Halfsmokes	New Deal Cafe	Friday, August 21, 2026	https://www.newdealcafe.com/events/calendar/
Black Masala & The Last Rewind	Pearl Street Warehouse	Friday, August 21, 2026	http://www.pearlstreetwarehouse.com/
Jack Leon (fka Jack Stepanian) Album Release Show, Will Sevy	Pearl Street Warehouse	Friday, August 21, 2026	http://www.pearlstreetwarehouse.com/
Jo Passed, Club U.S.a., Endlings	Pie Shop DC	Friday, August 21, 2026	https://pieshopdc.com/events/
Joey Cash, N3urodegenerate	Songbyrd DC	Friday, August 21, 2026	http://www.songbyrddc.com/events/
The 19th Street Band	Starr Hill Tysons	Friday, August 21, 2026	https://www.starrhilltysons.com/events
Ella Mai – Do You Still Love Me? Tour, Girlfriend, Ama	The Anthem	Friday, August 21, 2026	http://www.theanthemdc.com/calendar/
Sapphic Dance Party, Baby Weight, House of Jane, Medusa's Muse (Kara Levchenko & Indyah Larae)	The Atlantis	Friday, August 21, 2026	https://theatlantis.com/
Robert Earl Keen “Then and Now Tour” with Race Ricketts	The Birchmere	Friday, August 21, 2026	http://www.birchmere.com/calendar/
Donavon Frankenreiter	The Hamilton	Friday, August 21, 2026	http://live.thehamiltondc.com/calendar/
Hollywood Nights - The Bob Seger Experience	The State Theatre	Friday, August 21, 2026	http://www.thestatetheatre.com/events/upcoming_events.xml
Latino Landia	Union Stage	Friday, August 21, 2026	https://www.unionstagepresents.com/
White Ford Bronco: DC's All '90s Band	9:30 Club	Saturday, August 22, 2026	http://www.930.com/#upcoming-shows-container
Atlas Presents Music with Mr. Rob and Friends	Atlas Arts Center	Saturday, August 22, 2026	http://www.atlasarts.org/music/
Garbage Fest 2026, A Food Not Bombs Benefit	Black Cat	Saturday, August 22, 2026	http://www.blackcatdc.com/schedule.html
Debórah Bond	Blues Alley	Saturday, August 22, 2026	https://wl.seetickets.us/bluesalley
¡Latin Night with Tumbao!	Bossa Bistro	Saturday, August 22, 2026	http://bossadc.com/events/
Gary Allan Live in Concert!	Capital One Hall	Saturday, August 22, 2026	
REMnant A Tribute to R.e.m.	Capital One Hall	Saturday, August 22, 2026	
Nü Androids Presents: Ac Slater	Culture DC	Saturday, August 22, 2026	https://www.culturedc.com/events
Josh Groban, National Symphony Orchestra, Stage, Screen, and Symphony	Filene Center at Wolf Trap	Saturday, August 22, 2026	https://www.wolftrap.org/calendar
Julian Fijma, Solo b2b Renzo, Lukewarm	Flash	Saturday, August 22, 2026	http://www.flashdc.com/
VOiD The Sandman X 30MinuteNap Tour Day 3	Galactic Panther Art Gallery	Saturday, August 22, 2026	https://www.eventbrite.com/o/galactic-panther-art-gallery-43341158153
The Music of Mingus, Monk, & Duke	Hank Dietle's Tavern	Saturday, August 22, 2026	https://www.hankdietles.net/
The Rock-A-Sonics	Hank Dietle's Tavern	Saturday, August 22, 2026	https://www.hankdietles.net/
Bones Jones Music Students	Hank Dietle's Tavern	Saturday, August 22, 2026	https://www.hankdietles.net/
Band Battle #31 Finals, Radiant Descent, Nude, Jerry-X, Dogs of Puerto Rico, Birdcage, Kavlick	Jammin Java	Saturday, August 22, 2026	http://jamminjava.com
The Thrills	Mayan Monkey Brewing Co	Saturday, August 22, 2026	https://www.mayanmonkeybrewingco.com/music
11th Hour Music Summer Jazz Fest	Mr Henry's Restaurant	Saturday, August 22, 2026	http://www.mrhenrysdc.com/calendar/
4th Saturday Jazz Jam	New Deal Cafe	Saturday, August 22, 2026	https://www.newdealcafe.com/events/calendar/
Hue, Mend, Pulses, RenRiot	Pearl Street Warehouse	Saturday, August 22, 2026	http://www.pearlstreetwarehouse.com/
Joe Strummer Bday Party, The Equalizer, Distortion Inc., Star Carr, The Delarcos	Pie Shop DC	Saturday, August 22, 2026	https://www.facebook.com/pg/pieshopdc/events/
Soft Palms	Quarry House Tavern	Saturday, August 22, 2026	https://www.quarryhousetavern.com/music
You Fool! (Single Release Show), Kinoko, Nayan	Songbyrd DC	Saturday, August 22, 2026	http://www.songbyrddc.com/events/
Ky & Matty D	Starr Hill Tysons	Saturday, August 22, 2026	https://www.starrhilltysons.com/events
Chaotic Blonde	Starr Hill Tysons	Saturday, August 22, 2026	https://www.starrhilltysons.com/events
Young Relics	Starr Hill Tysons	Saturday, August 22, 2026	https://www.starrhilltysons.com/events
Marshall Keys	Takoma Station Tavern	Saturday, August 22, 2026	https://www.takomastation.com/
Masego: Fix Your Face Tour, Lekan	The Anthem	Saturday, August 22, 2026	http://www.theanthemdc.com/calendar/
Anthony Green - This Tour Won't Save You, Maps & Atlases, Keith Goodwin	The Atlantis	Saturday, August 22, 2026	https://theatlantis.com/
Robert Earl Keen “Then and Now Tour” with Race Ricketts	The Birchmere	Saturday, August 22, 2026	http://www.birchmere.com/calendar/
Carbon Leaf	The Hamilton	Saturday, August 22, 2026	http://live.thehamiltondc.com/calendar/
The Music of the Beach Boys feat. Pet Sounds Live!	The State Theatre	Saturday, August 22, 2026	http://www.thestatetheatre.com/events/upcoming_events.xml
Flowerbomb - Homecoming Show, Cal Rifkin, Taisha Estrada	Union Stage	Saturday, August 22, 2026	https://www.unionstagepresents.com/
Debórah Bond	Blues Alley	Sunday, August 23, 2026	https://wl.seetickets.us/bluesalley
Mariachazo 2026	Capital One Hall	Sunday, August 23, 2026	
Playlunch, Yagki	DC9	Sunday, August 23, 2026	https://www.dc9.club/events
Gipsy Kings featuring Nicolas Reyes, Special Guest Reyes Heritage	Filene Center at Wolf Trap	Sunday, August 23, 2026	https://www.wolftrap.org/calendar
Music In The Green Room By:, Isaac Carter (Ochi | London), Wellness Session: 3pm- 4pm Club Level | 2:45pm Doors | Complimentary Offering - First Come, First Serve, TBA, Love Bazaar: 5-9pm | Club Room, Local Vendors Marketplace	Flash	Sunday, August 23, 2026	http://www.flashdc.com/
Calvin Pineda & The Antacids, The Last Arizona + more!	Galactic Panther Art Gallery	Sunday, August 23, 2026	https://www.eventbrite.com/o/galactic-panther-art-gallery-43341158153
John Primer & The Real Deal Blues Band	Hank Dietle's Tavern	Sunday, August 23, 2026	https://www.hankdietles.net/
Spoonful of Monkees	Hank Dietle's Tavern	Sunday, August 23, 2026	https://www.hankdietles.net/
The Wharf Rats, Live! Endless Summer Jam	Jammin Java	Sunday, August 23, 2026	http://jamminjava.com
Sounds of the District, Quiet Hours, Offleash, Mancala, Kailey Jane	Pearl Street Warehouse	Sunday, August 23, 2026	http://www.pearlstreetwarehouse.com/
Viogression, Cavern Womb, Gorgar	Pie Shop DC	Sunday, August 23, 2026	https://www.facebook.com/pg/pieshopdc/events/
Timalikesmusic Presetns: Buga Suga, A Classic R&b Party	Songbyrd DC	Sunday, August 23, 2026	http://www.songbyrddc.com/events/
Summer & Eric	Starr Hill Tysons	Sunday, August 23, 2026	https://www.starrhilltysons.com/events
Live Jazz: Geoff Reecer (Guitar) with Alison Crockett (Vocals)	Tabard Inn	Sunday, August 23, 2026	https://www.tabardinn.com/upcoming_events/
Robert Earl Keen “Then and Now Tour” with Race Ricketts	The Birchmere	Sunday, August 23, 2026	http://www.birchmere.com/calendar/
Will Wood: The SELF-iSH Tour 2026 (18+)	The Fillmore Silver Spring	Sunday, August 23, 2026	http://www.fillmoresilverspring.com/
Fattmack - The McKenzie Tour	The Howard Theatre	Sunday, August 23, 2026	https://www.thehowardtheatre.com/
Mike Stanley, Will Abeles, Samson Shete	Union Stage	Sunday, August 23, 2026	https://www.unionstagepresents.com/
Marcus Mitchell Presents Elyscia Jefferson - Emerging Artist Mondays	Blues Alley	Monday, August 24, 2026	https://wl.seetickets.us/bluesalley
Will Swinton	DC9	Monday, August 24, 2026	https://www.dc9.club/events
Worst, Bodied, United By Choice	Pie Shop DC	Monday, August 24, 2026	https://www.facebook.com/pg/pieshopdc/events/
Live Jazz: Geoff Reecer (Guitar) with Tommy Cecil (Bass)	Tabard Inn	Monday, August 24, 2026	https://www.tabardinn.com/upcoming_events/
Amanda Gardier - Recording Release	Blues Alley	Tuesday, August 25, 2026	https://wl.seetickets.us/bluesalley
Dan Hovey	Hank Dietle's Tavern	Tuesday, August 25, 2026	https://www.hankdietles.net/
Swing 5 Jazz, Includes beginner Balboa dance lesson @7:15	Hank Dietle's Tavern	Tuesday, August 25, 2026	https://www.hankdietles.net/
Shane Gamble	Starr Hill Tysons	Tuesday, August 25, 2026	https://www.starrhilltysons.com/events
Jack Harlow – Monica Tour, James Savage	The Anthem	Tuesday, August 25, 2026	http://www.theanthemdc.com/calendar/
In Color	The Atlantis	Tuesday, August 25, 2026	https://theatlantis.com/
Robert Glasper	The Birchmere	Tuesday, August 25, 2026	http://www.birchmere.com/calendar/
Marcus Mitchell - Smooth Jazz Summer Sax Series - Recording Release	Blues Alley	Wednesday, August 26, 2026	https://wl.seetickets.us/bluesalley
Windows, Red Sunflower, Spark Isle, Dumb Lucky	DC9	Wednesday, August 26, 2026	https://www.dc9.club/events
Gregory Alan Isakov, National Symphony Orchestra, Christopher Dragon, conductor	Filene Center at Wolf Trap	Wednesday, August 26, 2026	https://www.wolftrap.org/calendar
Bill Baker Band	Hank Dietle's Tavern	Wednesday, August 26, 2026	https://www.hankdietles.net/
Rick Whitehead Jazz Trio	Hank Dietle's Tavern	Wednesday, August 26, 2026	https://www.hankdietles.net/
Georgia Parker, Eli Pafumi	Jammin Java	Wednesday, August 26, 2026	http://jamminjava.com
Kim's Grand Rounds - A Songwriters' Circle	New Deal Cafe	Wednesday, August 26, 2026	https://www.newdealcafe.com/events/calendar/
Kate Cosentino, Marilyn Hucek, Jeff Toth	Pie Shop DC	Wednesday, August 26, 2026	https://www.facebook.com/pg/pieshopdc/events/
Time In The Wilderness, Last Legs, Doll Apartments, The Delarcos	Songbyrd DC	Wednesday, August 26, 2026	http://www.songbyrddc.com/events/
Mackenzie Ryan	Starr Hill Tysons	Wednesday, August 26, 2026	https://www.starrhilltysons.com/events
Brooklyn Vegan Presents: Swervedriver - raise at 35, Slow Fiction	The Atlantis	Wednesday, August 26, 2026	https://theatlantis.com/
Tiffany Day - Halo Tour - Moved from The Atlantis, Tommy Fleece	9:30 Club	Thursday, August 27, 2026	http://www.930.com/#upcoming-shows-container
Marcus Mitchell Presents Brittany Atterberry	Blues Alley	Thursday, August 27, 2026	https://wl.seetickets.us/bluesalley
Ekko Astral, Right Chipper, Berra	DC9	Thursday, August 27, 2026	https://www.dc9.club/events
Harry Potter and the Sorcerer's Stone™ in Concert, National Symphony Orchestra	Filene Center at Wolf Trap	Thursday, August 27, 2026	https://www.wolftrap.org/calendar
The Thrills	Hank Dietle's Tavern	Thursday, August 27, 2026	https://www.hankdietles.net/
The Gould Standard	Hank Dietle's Tavern	Thursday, August 27, 2026	https://www.hankdietles.net/
Jazz w/Gracie Jay	Henceforth DC	Thursday, August 27, 2026	https://www.henceforthdc.com/events
Chatham County Line	Jammin Java	Thursday, August 27, 2026	http://jamminjava.com
Therapy Gecko	Miracle Theatre	Thursday, August 27, 2026	https://themiracletheatre.com/event-category/live-events/
Andrew Musselman	Mr Henry's Restaurant	Thursday, August 27, 2026	http://www.mrhenrysdc.com/calendar/
Summer Concert Series: "The President's Own" U.S. Marine Band	National Museum of the Marine Corps	Thursday, August 27, 2026	
Reggie Right Eye & The Missing Pieces	New Deal Cafe	Thursday, August 27, 2026	https://www.newdealcafe.com/events/calendar/
Blacktop Mojo, Seven Year Witch, Bitter Luck	Pearl Street Warehouse	Thursday, August 27, 2026	http://www.pearlstreetwarehouse.com/
Title Holder, The Bad Ups, Haplophryne	Pie Shop DC	Thursday, August 27, 2026	https://pieshopdc.com/events/
Debbie Dopamine, Ammonite, Gerf	Quarry House Tavern	Thursday, August 27, 2026	https://www.quarryhousetavern.com/music
Hit Shuffle: A Live Show By Kontra Ft. Father Sokka, T.a.t., Organized Khaos, Risk, Elyvn	Songbyrd DC	Thursday, August 27, 2026	http://www.songbyrddc.com/events/
Justin Trawick & The Common Good	Starr Hill Tysons	Thursday, August 27, 2026	https://www.starrhilltysons.com/events
Mustard Service, Pity Party (Girls Club), Manwolves, Chicano Mosh	Union Stage	Thursday, August 27, 2026	https://www.unionstagepresents.com/
Earlybirds Club	9:30 Club	Friday, August 28, 2026	http://www.930.com/#upcoming-shows-container
Super Art Fight, with special musical guest Hue	Black Cat	Friday, August 28, 2026	http://www.blackcatdc.com/schedule.html
Kim Waters	Blues Alley	Friday, August 28, 2026	https://wl.seetickets.us/bluesalley
Alfredo Mojica Group	Bossa Bistro	Friday, August 28, 2026	http://bossadc.com/events/
Mutate - Alyssa Jolee, Cera Khin, Trym, Yosuf	Echostage	Friday, August 28, 2026	https://echostage.com/all-events/
Tedeschi Trucks Band, Lukas Nelson, Future Soul 2026 Tour	Filene Center at Wolf Trap	Friday, August 28, 2026	https://www.wolftrap.org/calendar
Kursa [Hybrid LiVE]	Flash	Friday, August 28, 2026	http://www.flashdc.com/
Makèz (No Art, Balance Recordings | Amsterdam), Thee Brochachos	Flash	Friday, August 28, 2026	http://www.flashdc.com/
Live Music: Princess Taft Album Release Show	Galactic Panther Art Gallery	Friday, August 28, 2026	https://www.eventbrite.com/o/galactic-panther-art-gallery-43341158153
Swamp Grass	Hank Dietle's Tavern	Friday, August 28, 2026	https://www.hankdietles.net/
Great Northern Out of DC - A Tribute to The Greatful Dead	Jammin Java	Friday, August 28, 2026	http://jamminjava.com
9th Gear Band	Mayan Monkey Brewing Co	Friday, August 28, 2026	https://www.mayanmonkeybrewingco.com/music
Dirty Soul	New Deal Cafe	Friday, August 28, 2026	https://www.newdealcafe.com/events/calendar/
Chxrry Presents: The Ego Tour	Pearl Street Warehouse	Friday, August 28, 2026	http://www.pearlstreetwarehouse.com/
Neon Habits, Flora and the Fauna, Pet Names	Pie Shop DC	Friday, August 28, 2026	https://pieshopdc.com/events/
Res – “How I Do” 25th Anniversary [Live] *Night 1*	Songbyrd DC	Friday, August 28, 2026	http://www.songbyrddc.com/events/
Römper Rüme	Starr Hill Tysons	Friday, August 28, 2026	https://www.starrhilltysons.com/events
Raheem Devaughn	The Birchmere	Friday, August 28, 2026	http://www.birchmere.com/calendar/
Ariel Posen	The Hamilton	Friday, August 28, 2026	http://live.thehamiltondc.com/calendar/
Jimmie's Chicken Shack	The State Theatre	Friday, August 28, 2026	http://www.thestatetheatre.com/events/upcoming_events.xml
Dess Dior	Union Stage	Friday, August 28, 2026	https://www.unionstagepresents.com/
Bop To The Top	Union Stage	Friday, August 28, 2026	https://www.unionstagepresents.com/
Earlybirds Club	9:30 Club	Saturday, August 29, 2026	http://www.930.com/#upcoming-shows-container
Eighties Mayhem, End of Summer 80's Dance Party, w/ DJs Steve Ep and Missguided	Black Cat	Saturday, August 29, 2026	http://www.blackcatdc.com/schedule.html
Kim Waters	Blues Alley	Saturday, August 29, 2026	https://wl.seetickets.us/bluesalley
Early Show! A Brazilian Night feat. Akinola Pedro	Bossa Bistro	Saturday, August 29, 2026	http://bossadc.com/events/
¡Latin Night with Tumbao!	Bossa Bistro	Saturday, August 29, 2026	http://bossadc.com/events/
Swampfoot, Greenhead, Magenta	DC9	Saturday, August 29, 2026	https://www.dc9.club/events
William Black: The Shadow Realm Tour	Echostage	Saturday, August 29, 2026	https://echostage.com/all-events/
Tedeschi Trucks Band, Lukas Nelson, Future Soul 2026 Tour	Filene Center at Wolf Trap	Saturday, August 29, 2026	https://www.wolftrap.org/calendar
Kasbo, Isidora Echenique, Mnd Sync	Flash	Saturday, August 29, 2026	http://www.flashdc.com/
Oliver Koletzki (Stil vor Talent, Light My Fire | Berlin) b2b Frida Darko (Tipping Point, Stil vor Talent | Berlin), Adrian Collazo, Discopedia, SOUL	Flash	Saturday, August 29, 2026	http://www.flashdc.com/
Live Music: Sleep Destroyer W, Local bands TBA	Galactic Panther Art Gallery	Saturday, August 29, 2026	https://www.eventbrite.com/o/galactic-panther-art-gallery-43341158153
Esther Haynes • Keith Grimes • Dean Dalton	Hank Dietle's Tavern	Saturday, August 29, 2026	https://www.hankdietles.net/
Ward Hayden & the Outliers	Hank Dietle's Tavern	Saturday, August 29, 2026	https://www.hankdietles.net/
School of Rock Showcase • Performance Program	Hank Dietle's Tavern	Saturday, August 29, 2026	https://www.hankdietles.net/
A Thousand Horses	Jammin Java	Saturday, August 29, 2026	http://jamminjava.com
Zydeco Jed	Mayan Monkey Brewing Co	Saturday, August 29, 2026	https://www.mayanmonkeybrewingco.com/music
Mr Henry's 60th Anniversary Gala	Mr Henry's Restaurant	Saturday, August 29, 2026	http://www.mrhenrysdc.com/calendar/
The Cassaday Concoction, Femi and the Foundation, Brendan Lane & The Sugar Packets	Pearl Street Warehouse	Saturday, August 29, 2026	http://www.pearlstreetwarehouse.com/
End of Summer Dark Music Night, Feyleux, Winter Sect, Talking to Shadows	Pie Shop DC	Saturday, August 29, 2026	https://pieshopdc.com/events/
Dead Billionaires, Sheila, Nayan	Quarry House Tavern	Saturday, August 29, 2026	https://www.quarryhousetavern.com/music
Res – “How I Do” 25th Anniversary [Live] *Night 2*	Songbyrd DC	Saturday, August 29, 2026	http://www.songbyrddc.com/events/
Pool Boys	Starr Hill Tysons	Saturday, August 29, 2026	https://www.starrhilltysons.com/events
The Poprocks	Starr Hill Tysons	Saturday, August 29, 2026	https://www.starrhilltysons.com/events
Maria Grand	Takoma Station Tavern	Saturday, August 29, 2026	https://www.takomastation.com/
Flashband Warped Tour Showcase	The Atlantis	Saturday, August 29, 2026	https://theatlantis.com/
Kail Lowry: Fatherless Behavior Tour	The Fillmore Silver Spring	Saturday, August 29, 2026	http://www.fillmoresilverspring.com/
Arlo Parks - Desire Tour	The Howard Theatre	Saturday, August 29, 2026	https://www.thehowardtheatre.com/
Kontrolled Khaos Band - Outside All Summer	Union Stage	Saturday, August 29, 2026	https://www.unionstagepresents.com/
Kim Waters	Blues Alley	Sunday, August 30, 2026	https://wl.seetickets.us/bluesalley
James Taylor & His All-Star Band	Filene Center at Wolf Trap	Sunday, August 30, 2026	https://www.wolftrap.org/calendar
Music In The Green Room By:, Jamie 3:26 (3:26 Records | Chicago), Sal Negro, Wellness Session: 3pm- 4pm Club Level | 2:45pm Doors | Complimentary Offering - First Come, First Serve, TBA, Love Bazaar: 5-9pm | Club Room, Local Vendors Marketplace	Flash	Sunday, August 30, 2026	http://www.flashdc.com/
The Kennedys	Hank Dietle's Tavern	Sunday, August 30, 2026	https://www.hankdietles.net/
Cathy Ponton King Band	Hank Dietle's Tavern	Sunday, August 30, 2026	https://www.hankdietles.net/
Caring Less, Flo Petite, Jeer	Pie Shop DC	Sunday, August 30, 2026	https://www.facebook.com/pg/pieshopdc/events/
The Missing Peace x Blanket, Day Aches	Songbyrd DC	Sunday, August 30, 2026	http://www.songbyrddc.com/events/
Brian Franke	Starr Hill Tysons	Sunday, August 30, 2026	https://www.starrhilltysons.com/events
Live Jazz: Steve Herberman (Guitar) with Tommy Holladay (Guitar)	Tabard Inn	Sunday, August 30, 2026	https://www.tabardinn.com/upcoming_events/
Meltt, Los Eclipses	The Atlantis	Sunday, August 30, 2026	https://theatlantis.com/
Down: Strap It Down Tour '26	The Fillmore Silver Spring	Sunday, August 30, 2026	http://www.fillmoresilverspring.com/
Loud and Live Presents Clarent Usa Tour	The Howard Theatre	Sunday, August 30, 2026	https://www.thehowardtheatre.com/
Quicksand & Bane, Soul Blind	9:30 Club	Monday, August 31, 2026	http://www.930.com/#upcoming-shows-container
Marcus Mitchell Presents Ron Ward Jr. & Friends - Emerging Artist Mondays	Blues Alley	Monday, August 31, 2026	https://wl.seetickets.us/bluesalley
Parrotfish, Snorkeler, Campanula	DC9	Monday, August 31, 2026	https://www.dc9.club/events
Live Jazz: Steve Herberman (Guitar) with Peter Revell (Bass)	Tabard Inn	Monday, August 31, 2026	https://www.tabardinn.com/upcoming_events/
Solya, Tele Novella	The Atlantis	Monday, August 31, 2026	https://theatlantis.com/
slayr - Half Blood Tour	The Fillmore Silver Spring	Monday, August 31, 2026	http://www.fillmoresilverspring.com/
Henry Moodie – Mood Swings World Tour, Band of Silver	Union Stage	Monday, August 31, 2026	https://www.unionstagepresents.com/
Mike D 5d	9:30 Club	Tuesday, September 1, 2026	http://www.930.com/#upcoming-shows-container
John Lamkin II's "Birthday Celebration"	Blues Alley	Tuesday, September 1, 2026	https://wl.seetickets.us/bluesalley
James Taylor & His All-Star Band	Filene Center at Wolf Trap	Tuesday, September 1, 2026	https://www.wolftrap.org/calendar
Dan Hovey	Hank Dietle's Tavern	Tuesday, September 1, 2026	https://www.hankdietles.net/
The Brother Bill Quintet	Hank Dietle's Tavern	Tuesday, September 1, 2026	https://www.hankdietles.net/
Pump Action	Pearl Street Warehouse	Tuesday, September 1, 2026	http://www.pearlstreetwarehouse.com/
Earth Tongue, Magick Potion, Seasick Gladiator	Pie Shop DC	Tuesday, September 1, 2026	https://www.facebook.com/pg/pieshopdc/events/
Rock Creek Kings	Starr Hill Tysons	Tuesday, September 1, 2026	https://www.starrhilltysons.com/events
Patti Smith Quartet	The Atlantis	Tuesday, September 1, 2026	https://theatlantis.com/
Citizen - Halcyon Blues	The Fillmore Silver Spring	Tuesday, September 1, 2026	http://www.fillmoresilverspring.com/
Ryan Hanseler featuring Gabrielle Cavassa	Blues Alley	Wednesday, September 2, 2026	https://wl.seetickets.us/bluesalley
Emarosa, Veaux, slo/tide, dreamfone	DC9	Wednesday, September 2, 2026	https://www.dc9.club/events
James Taylor & His All-Star Band	Filene Center at Wolf Trap	Wednesday, September 2, 2026	https://www.wolftrap.org/calendar
David Goodfriend • Skip Casale	Hank Dietle's Tavern	Wednesday, September 2, 2026	https://www.hankdietles.net/
"Local Cream" Songwriter Showcase	Hank Dietle's Tavern	Wednesday, September 2, 2026	https://www.hankdietles.net/
Omar Courtz - Por Si MAÑANA No Estoy Usa Tour	MGM National Harbor	Wednesday, September 2, 2026	https://www.mgmnationalharbor.com/en/entertainment/the-theater.html#/Entertainment%20Calendar
Rezn - Cycles in the Infinite Dream Tour, Lockstep, Solvent	Pearl Street Warehouse	Wednesday, September 2, 2026	http://www.pearlstreetwarehouse.com/
Dirt Champ, little a, Petrichor	Pie Shop DC	Wednesday, September 2, 2026	https://www.facebook.com/pg/pieshopdc/events/
The Monsters	Quarry House Tavern	Wednesday, September 2, 2026	https://www.quarryhousetavern.com/music
Marilyn Hucek	Starr Hill Tysons	Wednesday, September 2, 2026	https://www.starrhilltysons.com/events
The Wailin’ Jennys	The Birchmere	Wednesday, September 2, 2026	http://www.birchmere.com/calendar/
DC Jazz Fest	The Hamilton	Wednesday, September 2, 2026	http://live.thehamiltondc.com/calendar/
50th Anniversary of Go-Go Celebration feat. Big Tony & Trouble Funk	9:30 Club	Thursday, September 3, 2026	http://www.930.com/#upcoming-shows-container
Herm Hopkins and His "Big Soul Band"	Blues Alley	Thursday, September 3, 2026	https://wl.seetickets.us/bluesalley
Jembaa Groove	Comet Ping Pong	Thursday, September 3, 2026	http://www.cometpingpong.com/livemusic/
Lucki	Echostage	Thursday, September 3, 2026	https://echostage.com/all-events/
Squeeze, special guest Adam Ant	Filene Center at Wolf Trap	Thursday, September 3, 2026	https://www.wolftrap.org/calendar
Truth, Athena b2b Gordo Dubz, Rotten	Flash	Thursday, September 3, 2026	http://www.flashdc.com/
Jack Bond	Hank Dietle's Tavern	Thursday, September 3, 2026	https://www.hankdietles.net/
The Longtimers	Hank Dietle's Tavern	Thursday, September 3, 2026	https://www.hankdietles.net/
Huzzah! Better Said Than Done's 15th Anniversary Storytelling Show	Jammin Java	Thursday, September 3, 2026	http://jamminjava.com
Radish & 65 North Pickers, 65 North Pickers	Pearl Street Warehouse	Thursday, September 3, 2026	http://www.pearlstreetwarehouse.com/
Ramona and the Holy Smokes, Hotpants	Pie Shop DC	Thursday, September 3, 2026	https://www.facebook.com/pg/pieshopdc/events/
Free Bluegrass Night, Tornado Rose	Quarry House Tavern	Thursday, September 3, 2026	https://www.quarryhousetavern.com/music
Big D & The Kids Table, Matamoska!	Songbyrd DC	Thursday, September 3, 2026	http://www.songbyrddc.com/events/
Jameson Green Band	Starr Hill Tysons	Thursday, September 3, 2026	https://www.starrhilltysons.com/events
DCJazzfest: Sharel Cassity	Takoma Station Tavern	Thursday, September 3, 2026	https://www.takomastation.com/
Fox N' Vead - Playing The Game Tour, The Smokes	The Atlantis	Thursday, September 3, 2026	https://theatlantis.com/
The Wailin’ Jennys	The Birchmere	Thursday, September 3, 2026	http://www.birchmere.com/calendar/
Junkyard Band	The Hamilton	Thursday, September 3, 2026	http://live.thehamiltondc.com/calendar/
Elefante: Tour 30 Aniversario!	The State Theatre	Thursday, September 3, 2026	http://www.thestatetheatre.com/events/upcoming_events.xml
Blade Rave: Vampire Blood Rave	Union Stage	Thursday, September 3, 2026	https://www.unionstagepresents.com/
Nino Paid, It's All Temporary Tour, with 1up Tee	Black Cat	Friday, September 4, 2026	http://www.blackcatdc.com/schedule.html
Alfredo Mojica Group	Bossa Bistro	Friday, September 4, 2026	http://bossadc.com/events/
Grupo Frontera - Triste Pero Bien C*bron Tour	EagleBank Arena	Friday, September 4, 2026	https://www.eaglebankarena.com/events
Unreal North America Tour	Echostage	Friday, September 4, 2026	https://echostage.com/all-events/
Jerry Garcia Symphonic Celebration, National Symphony Orchestra	Filene Center at Wolf Trap	Friday, September 4, 2026	https://www.wolftrap.org/calendar
fumi (240 Km/h | Berlin)	Flash	Friday, September 4, 2026	http://www.flashdc.com/
Memphis Lightning	Hank Dietle's Tavern	Friday, September 4, 2026	https://www.hankdietles.net/
Jay Byrd	Hank Dietle's Tavern	Friday, September 4, 2026	https://www.hankdietles.net/
An Evening with The Nighthawks	Jammin Java	Friday, September 4, 2026	http://jamminjava.com
Bobby Thompson	Mayan Monkey Brewing Co	Friday, September 4, 2026	https://www.mayanmonkeybrewingco.com/music
Zeruel, ASkySoBlack	Pearl Street Warehouse	Friday, September 4, 2026	http://www.pearlstreetwarehouse.com/
Abby Jeanne & The Shadowband	Pie Shop DC	Friday, September 4, 2026	https://www.facebook.com/pg/pieshopdc/events/
Void & Phantom – Empire Of Blood 2 Tour, Aphellion	Songbyrd DC	Friday, September 4, 2026	http://www.songbyrddc.com/events/
Brisk	Starr Hill Tysons	Friday, September 4, 2026	https://www.starrhilltysons.com/events
Social Distortion, Descendents, The Chats	The Anthem	Friday, September 4, 2026	http://www.theanthemdc.com/calendar/
The Wailin’ Jennys	The Birchmere	Friday, September 4, 2026	http://www.birchmere.com/calendar/
Jinx Proof 30th Anniversary with Trapped Under Ice, Youth of Today, Damnation A.d., The Final Agony, Damnation A.d., The Final Agony, Posición Unida	The Howard Theatre	Friday, September 4, 2026	https://www.thehowardtheatre.com/
Yoi Toki - A Future Funk/Vaporwave Party feat. Saint Pepsi, GreenTeaWasted, Faith in the Glitch	Union Stage	Friday, September 4, 2026	https://www.unionstagepresents.com/
¡Latin Night with Tumbao!	Bossa Bistro	Saturday, September 5, 2026	http://bossadc.com/events/
Blackberry Smoke: 25th Anniversary Tour 2026	Capital One Hall	Saturday, September 5, 2026	
Victoryland, Drook	DC9	Saturday, September 5, 2026	https://www.dc9.club/events
Hugel [Early Show]	Echostage	Saturday, September 5, 2026	https://echostage.com/all-events/
Chris Stussy [Late Show]	Echostage	Saturday, September 5, 2026	https://echostage.com/all-events/
Hook in Concert, National Symphony Orchestra	Filene Center at Wolf Trap	Saturday, September 5, 2026	https://www.wolftrap.org/calendar
Arty Hill and The Long Gone Daddys	Hank Dietle's Tavern	Saturday, September 5, 2026	https://www.hankdietles.net/
Big Howdy Bluegrass Showcase	Hank Dietle's Tavern	Saturday, September 5, 2026	https://www.hankdietles.net/
Rawhoney, Kevin Bull Jr., Sweet Fruits	Jammin Java	Saturday, September 5, 2026	http://jamminjava.com
Bad Influence	Mayan Monkey Brewing Co	Saturday, September 5, 2026	https://www.mayanmonkeybrewingco.com/music
DC JazzFest, José André Quartet, Hannah Marks, Kenny Rittenhouse, Vilem Spilka, Fran Vilema, Son Cubano Subterraneo	Pearl Street Warehouse	Saturday, September 5, 2026	http://www.pearlstreetwarehouse.com/
Ossuary, Bone Weapon, Archael, Pesterer	Pie Shop DC	Saturday, September 5, 2026	https://www.facebook.com/pg/pieshopdc/events/
Rosevile Sucks	Quarry House Tavern	Saturday, September 5, 2026	https://www.quarryhousetavern.com/music
Legal in the District	Starr Hill Tysons	Saturday, September 5, 2026	https://www.starrhilltysons.com/events
Ken Carson – xperimenting tour, Xaviersobased, Prettifun, DJ Moon	The Anthem	Saturday, September 5, 2026	http://www.theanthemdc.com/calendar/
John Cafferty & The Beaver Brown Band	The Birchmere	Saturday, September 5, 2026	http://www.birchmere.com/calendar/
Elevation Rhythm - Washed Tour	The Fillmore Silver Spring	Saturday, September 5, 2026	http://www.fillmoresilverspring.com/
Tribute to Frankie Beverly & Maze ft. Edward”Junie”Henderson	The Hamilton	Saturday, September 5, 2026	http://live.thehamiltondc.com/calendar/
Feeling 22: A Tribute to Taylor Swift	The State Theatre	Saturday, September 5, 2026	http://www.thestatetheatre.com/events/upcoming_events.xml
DC JazzFest presents: DC JazzPrix Finals, Luther S. Alison & Poiesis, Amina Scott Quintet, Bokani Dyer Trio, James Fernando Trio	Union Stage	Saturday, September 5, 2026	https://www.unionstagepresents.com/
DC JazzFest, Pureum Jin Ensemble, Next Jazz Legacy, Brandon Woody's Upendo	Union Stage	Saturday, September 5, 2026	https://www.unionstagepresents.com/
Get The Led Out	Warner Theatre	Saturday, September 5, 2026	http://www.warnertheatredc.com/
Ricardo Montaner: El Ultimo Regreso Tour	EagleBank Arena	Sunday, September 6, 2026	https://www.eaglebankarena.com/events
Odd Mob [Ldw]	Echostage	Sunday, September 6, 2026	https://echostage.com/all-events/
Shreya Ghoshal, The Unstoppable Tour	Filene Center at Wolf Trap	Sunday, September 6, 2026	https://www.wolftrap.org/calendar
Music In The Green Room By:, Eduardo de la Calle (Planet E Communications | Madrid), Wellness Session: 3pm- 4pm Club Level | 2:45pm Doors | Complimentary Offering - First Come, First Serve, TBA, Love Bazaar: 5-9pm | Club Room, Local Vendors Marketplace	Flash	Sunday, September 6, 2026	http://www.flashdc.com/
TWiN, Sean Morris, 2Groove (Tony Smooth & Vince Christopher)	Flash	Sunday, September 6, 2026	http://www.flashdc.com/
Love Riot - Pre-Release Party!	Hank Dietle's Tavern	Sunday, September 6, 2026	https://www.hankdietles.net/
DC JazzFest, Charles Rahmat Woods, Alfred Yun, Emmet Cohen Jam	Pearl Street Warehouse	Sunday, September 6, 2026	http://www.pearlstreetwarehouse.com/
Leannán Shi, The Dead Queens, Coral Bank Hollow	Pie Shop DC	Sunday, September 6, 2026	https://pieshopdc.com/events/
AntagonizÖr, Desolus, Stygian Mind, Arkas	Songbyrd DC	Sunday, September 6, 2026	http://www.songbyrddc.com/events/
Hijynx	Starr Hill Tysons	Sunday, September 6, 2026	https://www.starrhilltysons.com/events
7th Annual Danny Gatton Birthday Celebration	The Birchmere	Sunday, September 6, 2026	http://www.birchmere.com/calendar/
Elevation Rhythm - Washed Tour	The Fillmore Silver Spring	Sunday, September 6, 2026	http://www.fillmoresilverspring.com/
DC JazzFest, Shacara Rogers Gospel Hour, Elsa Nilsson - Band Of Pulses, Domas Zeromskas, Luke Stewart Silt Trio, Felix Contreras	Union Stage	Sunday, September 6, 2026	https://www.unionstagepresents.com/
Channel Tres - The Enigma Tour, Zainab	9:30 Club	Monday, September 7, 2026	http://www.930.com/#upcoming-shows-container
The Cybertronic Spree	Jammin Java	Monday, September 7, 2026	http://jamminjava.com
Carleigh Jane	Starr Hill Tysons	Monday, September 7, 2026	https://www.starrhilltysons.com/events
An Evening With Celtic Thunder 2026: Celebrate Your Favorite Songs	Warner Theatre	Monday, September 7, 2026	http://www.warnertheatredc.com/
Peter Hook & The Light - North American Tour 2026	9:30 Club	Tuesday, September 8, 2026	http://www.930.com/#upcoming-shows-container
Nanny Assis Performs "Afro-Jobim" - Brazilian Jazz Series	Blues Alley	Tuesday, September 8, 2026	https://wl.seetickets.us/bluesalley
Dan Hovey	Hank Dietle's Tavern	Tuesday, September 8, 2026	https://www.hankdietles.net/
Kiti Gartner & the Drifting Valentines	Hank Dietle's Tavern	Tuesday, September 8, 2026	https://www.hankdietles.net/
Shiner, Bursting, Hungry Bug	Pearl Street Warehouse	Tuesday, September 8, 2026	http://www.pearlstreetwarehouse.com/
The 4411	Pie Shop DC	Tuesday, September 8, 2026	https://pieshopdc.com/events/
Brown Horse	Songbyrd DC	Tuesday, September 8, 2026	http://www.songbyrddc.com/events/
Eric Henkels	Starr Hill Tysons	Tuesday, September 8, 2026	https://www.starrhilltysons.com/events
Robyn – The Sexistential Tour, Nourished by Time	The Anthem	Tuesday, September 8, 2026	http://www.theanthemdc.com/calendar/
Hulvey - Could Be Tonight Tour	The Fillmore Silver Spring	Tuesday, September 8, 2026	http://www.fillmoresilverspring.com/
The Callous Daoboys – Heaven Across North America, Kaonashi, Girl of Glass, Wielded Steel	Union Stage	Tuesday, September 8, 2026	https://www.unionstagepresents.com/
Daniela Soledade and Nate Najar - Love & Bossa Nova - Brazilian Jazz Series	Blues Alley	Wednesday, September 9, 2026	https://wl.seetickets.us/bluesalley
Keith Grimes & Dean Dalton	Hank Dietle's Tavern	Wednesday, September 9, 2026	https://www.hankdietles.net/
Rum Jungle	Pearl Street Warehouse	Wednesday, September 9, 2026	http://www.pearlstreetwarehouse.com/
Castle, Borracho, Faith in Jane	Pie Shop DC	Wednesday, September 9, 2026	https://pieshopdc.com/events/
Nice Strong Arm, Bed Maker, Mark Robinson	Quarry House Tavern	Wednesday, September 9, 2026	https://www.quarryhousetavern.com/music
Wé Ani – Burn That Bridge Tour	Songbyrd DC	Wednesday, September 9, 2026	http://www.songbyrddc.com/events/
Elonzo Wesley	Starr Hill Tysons	Wednesday, September 9, 2026	https://www.starrhilltysons.com/events
Robyn – The Sexistential Tour, Nourished by Time	The Anthem	Wednesday, September 9, 2026	http://www.theanthemdc.com/calendar/
Devotchka - A Tribute to the Music of Little Miss Sunshine	The Atlantis	Wednesday, September 9, 2026	https://theatlantis.com/
Margo Price – Wild At Heart Tour, with special guest Jeremy Ivey	The Birchmere	Wednesday, September 9, 2026	http://www.birchmere.com/calendar/
Hatebreed: Summer Slaughter Tour 2026	The Fillmore Silver Spring	Wednesday, September 9, 2026	http://www.fillmoresilverspring.com/
3quency – Girls Talk Tour	The Howard Theatre	Wednesday, September 9, 2026	https://www.thehowardtheatre.com/
Bella Kay: The Reckless Tour	9:30 Club	Thursday, September 10, 2026	http://www.930.com/#upcoming-shows-container
Trio da Paz - Brazilian Jazz Series	Blues Alley	Thursday, September 10, 2026	https://wl.seetickets.us/bluesalley
Nana Grizol, Art Sorority	Comet Ping Pong	Thursday, September 10, 2026	http://www.cometpingpong.com/livemusic/
Chayanne - Bailemos Otra Vez Tour	EagleBank Arena	Thursday, September 10, 2026	https://www.eaglebankarena.com/events
Peace, Love & Boogie Woogie Happy Hour • Bill Starks w/Willie Barry	Hank Dietle's Tavern	Thursday, September 10, 2026	https://www.hankdietles.net/
Two Runner	Jammin Java	Thursday, September 10, 2026	http://jamminjava.com
Jim E. Brown	Pearl Street Warehouse	Thursday, September 10, 2026	http://www.pearlstreetwarehouse.com/
Weald & Woe, Ninth Realm, Blasphemous, Torvus	Pie Shop DC	Thursday, September 10, 2026	https://www.facebook.com/pg/pieshopdc/events/
Zack Keim x Gardener, The Duskwhales, Stephen Sol (solo)	Songbyrd DC	Thursday, September 10, 2026	http://www.songbyrddc.com/events/
Jay Park with special guest Lngshot: Serenades & Body Rolls	The Anthem	Thursday, September 10, 2026	http://www.theanthemdc.com/calendar/
Yarn	The Hamilton	Thursday, September 10, 2026	http://live.thehamiltondc.com/calendar/
POiSON GiRL FRiEND	The Howard Theatre	Thursday, September 10, 2026	https://www.thehowardtheatre.com/
Sicard Hollow	Union Stage	Thursday, September 10, 2026	https://www.unionstagepresents.com/
Melanie C World Tour (of Spice Girls)	9:30 Club	Friday, September 11, 2026	http://www.930.com/#upcoming-shows-container
Rastapé	Black Cat	Friday, September 11, 2026	http://www.blackcatdc.com/schedule.html
Diego Figueiredo - Brazilian Jazz Series	Blues Alley	Friday, September 11, 2026	https://wl.seetickets.us/bluesalley
A Decade of Harmony: Novasian Chorus 10th Anniversary Concert	Capital One Hall	Friday, September 11, 2026	
Vibras At Culture	Culture DC	Friday, September 11, 2026	https://www.culturedc.com/events
Bad Boombox, BIIanco, David Löhlein, mischluft	Echostage	Friday, September 11, 2026	https://echostage.com/all-events/
John Talabot (Hivern Discs | Barcelona), Apollo Dust b2b Henry P	Flash	Friday, September 11, 2026	http://www.flashdc.com/
Rock-A-Sonics	Mayan Monkey Brewing Co	Friday, September 11, 2026	https://www.mayanmonkeybrewingco.com/music
LuluYam	Pearl Street Warehouse	Friday, September 11, 2026	http://www.pearlstreetwarehouse.com/
the booyah! kids, Jeff Draco	Pie Shop DC	Friday, September 11, 2026	https://www.facebook.com/pg/pieshopdc/events/
Bandits on the Run	Songbyrd DC	Friday, September 11, 2026	http://www.songbyrddc.com/events/
Lush	Starr Hill Tysons	Friday, September 11, 2026	https://www.starrhilltysons.com/events
Herman’s Hermits Starring Peter Noone	The Birchmere	Friday, September 11, 2026	http://www.birchmere.com/calendar/
Aldous Harding, Sam Burton	The Howard Theatre	Friday, September 11, 2026	https://www.thehowardtheatre.com/
Charlotte Sands - Satellite Tour, Yonaka, Hooked Like Helen	Union Stage	Friday, September 11, 2026	https://www.unionstagepresents.com/
Venjent	9:30 Club	Saturday, September 12, 2026	http://www.930.com/#upcoming-shows-container
Willow Avalon, Tiffany Stringer, Macy Todd	9:30 Club	Saturday, September 12, 2026	http://www.930.com/#upcoming-shows-container
Wolves Of Glendale	Black Cat	Saturday, September 12, 2026	http://www.blackcatdc.com/schedule.html
"Great Brazilian Guitars"w/ Romero Lubambo, Chico Pinheiro,Diego Figueiredo	Blues Alley	Saturday, September 12, 2026	https://wl.seetickets.us/bluesalley
Alex Cameron	Comet Ping Pong	Saturday, September 12, 2026	http://www.cometpingpong.com/livemusic/
ISOxo presents: Hardcore Diva	Echostage	Saturday, September 12, 2026	https://echostage.com/all-events/
The Jazz at Lincoln Center Orchestra with Wynton Marsalis, National Symphony Orchestra	Filene Center at Wolf Trap	Saturday, September 12, 2026	https://www.wolftrap.org/calendar
Bloom at Good Hope Concert Series—Joey Antico	Good Hope Neighborhood Recreation Center	Saturday, September 12, 2026	
Big Sandy & His Fly-Rite Boys	Hank Dietle's Tavern	Saturday, September 12, 2026	https://www.hankdietles.net/
Ben Tufts and Friends present: Spirit of '76	Jammin Java	Saturday, September 12, 2026	http://jamminjava.com
Film At Eleven	Mayan Monkey Brewing Co	Saturday, September 12, 2026	https://www.mayanmonkeybrewingco.com/music
Sondre Lerche	Miracle Theatre	Saturday, September 12, 2026	https://themiracletheatre.com/event-category/live-events/
An Intimate Night with Ellison K.	Mr Henry's Restaurant	Saturday, September 12, 2026	http://www.mrhenrysdc.com/calendar/
KanII - Lightman Tour	Pearl Street Warehouse	Saturday, September 12, 2026	http://www.pearlstreetwarehouse.com/
Andrew Sa, Rebecca Porter & The Rhinestone Roses	Pie Shop DC	Saturday, September 12, 2026	https://pieshopdc.com/events/
Missouri Executive Order 44	Quarry House Tavern	Saturday, September 12, 2026	https://www.quarryhousetavern.com/music
Keeton	Starr Hill Tysons	Saturday, September 12, 2026	https://www.starrhilltysons.com/events
Justin Trawick & The Common Good	Starr Hill Tysons	Saturday, September 12, 2026	https://www.starrhilltysons.com/events
Sara Bareilles: The Good Grief Tour	The Anthem	Saturday, September 12, 2026	http://www.theanthemdc.com/calendar/
nate sib: reborn tour	The Atlantis	Saturday, September 12, 2026	https://theatlantis.com/
Eaglemania: The World’s Greatest Eagles Tribute Band	The Birchmere	Saturday, September 12, 2026	http://www.birchmere.com/calendar/
Streetlight Manifesto: The Presence of the Past Tour	The Fillmore Silver Spring	Saturday, September 12, 2026	http://www.fillmoresilverspring.com/
Laura Tsaggaris	The Hamilton	Saturday, September 12, 2026	http://live.thehamiltondc.com/calendar/
The Legwarmers: The Ultimate 80's Retro Dance P...	The State Theatre	Saturday, September 12, 2026	http://www.thestatetheatre.com/events/upcoming_events.xml
Wax, DJ Hoppa with Grieves, Grieves	Union Stage	Saturday, September 12, 2026	https://www.unionstagepresents.com/
The Fixx, Colin Blunstone (The voice of the Zombies), and Peter Asher	Warner Theatre	Saturday, September 12, 2026	http://www.warnertheatredc.com/
Little Stranger, Tropidelic, Jarv, Damn Skippy	9:30 Club	Sunday, September 13, 2026	http://www.930.com/#upcoming-shows-container
Romero Lubambo and Chico Pinheiro - Brazilian Jazz Series	Blues Alley	Sunday, September 13, 2026	https://wl.seetickets.us/bluesalley
Symphonic Quest	Capital One Hall	Sunday, September 13, 2026	
Shearling, Brother Dragon	Comet Ping Pong	Sunday, September 13, 2026	http://www.cometpingpong.com/livemusic/
ISOxo presents: Hardcore Diva	Echostage	Sunday, September 13, 2026	https://echostage.com/all-events/
Ray LaMontagne, The Weather Station, Trouble 20th Anniversary Tour	Filene Center at Wolf Trap	Sunday, September 13, 2026	https://www.wolftrap.org/calendar
Big Sandy & His Fly-Rite Boys	Hank Dietle's Tavern	Sunday, September 13, 2026	https://www.hankdietles.net/
Daisy Chain	Jammin Java	Sunday, September 13, 2026	http://jamminjava.com
Madame Joyce: The Purple Couch Tour	Miracle Theatre	Sunday, September 13, 2026	https://themiracletheatre.com/event-category/live-events/
Evangelia, Stolar	Pearl Street Warehouse	Sunday, September 13, 2026	http://www.pearlstreetwarehouse.com/
Monsterwatch, Hungry Bug, Powerband	Pie Shop DC	Sunday, September 13, 2026	https://www.facebook.com/pg/pieshopdc/events/
Death Lens, Destiny Bond, Others May Fall, Debt	Songbyrd DC	Sunday, September 13, 2026	http://www.songbyrddc.com/events/
Sara Bareilles: The Good Grief Tour	The Anthem	Sunday, September 13, 2026	http://www.theanthemdc.com/calendar/
EsDeeKid - Council House Rat Tour	The Fillmore Silver Spring	Sunday, September 13, 2026	http://www.fillmoresilverspring.com/
The Wooten Brothers	The Hamilton	Sunday, September 13, 2026	http://live.thehamiltondc.com/calendar/
Theo Croker	The Howard Theatre	Sunday, September 13, 2026	https://www.thehowardtheatre.com/
Inayah - Therapy Wasn't Enough North America Tour 2026	Union Stage	Sunday, September 13, 2026	https://www.unionstagepresents.com/
Claudio Rubio Quintet - Chilean Jazz Series	Blues Alley	Monday, September 14, 2026	https://wl.seetickets.us/bluesalley
overtonight, Tommy Ragen	DC9	Monday, September 14, 2026	https://www.dc9.club/events
Sparta, Public Opinion	Pearl Street Warehouse	Monday, September 14, 2026	http://www.pearlstreetwarehouse.com/
Laveda, Massie, Pinky Lemon	Pie Shop DC	Monday, September 14, 2026	https://www.facebook.com/pg/pieshopdc/events/
Arrows in Action - I Think We've Toured Here Before, Good Boy Daisy, Instant Crush	The Atlantis	Monday, September 14, 2026	https://theatlantis.com/
Danny Elfman	The Fillmore Silver Spring	Monday, September 14, 2026	http://www.fillmoresilverspring.com/
Nai Palm (of Hiatus Kaiyote)	Union Stage	Monday, September 14, 2026	https://www.unionstagepresents.com/
Adéla: The Red Bottoms Tour	9:30 Club	Tuesday, September 15, 2026	http://www.930.com/#upcoming-shows-container
Mario Wellmann Trio - Chilean Jazz Series	Blues Alley	Tuesday, September 15, 2026	https://wl.seetickets.us/bluesalley
Swmrs	DC9	Tuesday, September 15, 2026	https://www.dc9.club/events
Ryan Castro: Sende - The Last Dance Tour	Echostage	Tuesday, September 15, 2026	https://echostage.com/all-events/
John Fogerty + Steve Winwood, The Legacy Tour	Filene Center at Wolf Trap	Tuesday, September 15, 2026	https://www.wolftrap.org/calendar
Alicia Witt - Album Release Show Between Heaven and Earth (and David Lynch)	Jammin Java	Tuesday, September 15, 2026	http://jamminjava.com
Beth Orton, Kenny Stahl	Miracle Theatre	Tuesday, September 15, 2026	https://themiracletheatre.com/event-category/live-events/
Anna Graves, Catherine Savage	Pearl Street Warehouse	Tuesday, September 15, 2026	http://www.pearlstreetwarehouse.com/
Third Reprise	Pie Shop DC	Tuesday, September 15, 2026	https://www.facebook.com/pg/pieshopdc/events/
Ghostly Kisses – North America Tour 2026	Songbyrd DC	Tuesday, September 15, 2026	http://www.songbyrddc.com/events/
Andy Branigan	Starr Hill Tysons	Tuesday, September 15, 2026	https://www.starrhilltysons.com/events
Ysl Records & Young Thug Present: The New Generation Tour, NAV	The Anthem	Tuesday, September 15, 2026	http://www.theanthemdc.com/calendar/
Angine de Poitrine	The Atlantis	Tuesday, September 15, 2026	https://theatlantis.com/
The Robert Cray Band: All Amped Up Tour 2026	The Birchmere	Tuesday, September 15, 2026	http://www.birchmere.com/calendar/
Devon Gilfillian - Time Will Tell Tour, Snacktime	Union Stage	Tuesday, September 15, 2026	https://www.unionstagepresents.com/
Whitney, Emma Ogier	9:30 Club	Wednesday, September 16, 2026	http://www.930.com/#upcoming-shows-container
Cheekface, Apes Of The State	Black Cat	Wednesday, September 16, 2026	http://www.blackcatdc.com/schedule.html
Brian Urra - Chillean Jazz Series	Blues Alley	Wednesday, September 16, 2026	https://wl.seetickets.us/bluesalley
Tyler Ballgame	DC9	Wednesday, September 16, 2026	https://www.dc9.club/events
Song Of The Saints Tour with Phil Wickham	EagleBank Arena	Wednesday, September 16, 2026	https://www.eaglebankarena.com/events
A Shrewdness of Apes, Fix Your Hearts, Jerry-X	Jammin Java	Wednesday, September 16, 2026	http://jamminjava.com
Vwillz - The Long Story Short Tour, Adam Yokum, Jgriff	Pearl Street Warehouse	Wednesday, September 16, 2026	http://www.pearlstreetwarehouse.com/
Cardinals, Sex Week	Songbyrd DC	Wednesday, September 16, 2026	http://www.songbyrddc.com/events/
Sharif	Starr Hill Tysons	Wednesday, September 16, 2026	https://www.starrhilltysons.com/events
Mari Froes	The Atlantis	Wednesday, September 16, 2026	https://theatlantis.com/
President: North American Campaign 2026	The Fillmore Silver Spring	Wednesday, September 16, 2026	http://www.fillmoresilverspring.com/
Through the Griffin Tour: Hosted by the Super Carlin Brothers	Union Stage	Wednesday, September 16, 2026	https://www.unionstagepresents.com/
oskar med k	9:30 Club	Thursday, September 17, 2026	http://www.930.com/#upcoming-shows-container
Nick Hakim, Arima Ederra	Black Cat	Thursday, September 17, 2026	http://www.blackcatdc.com/schedule.html
Sebastian Fuentes - Chilean Jazz Series	Blues Alley	Thursday, September 17, 2026	https://wl.seetickets.us/bluesalley
Pansy Division	Comet Ping Pong	Thursday, September 17, 2026	http://www.cometpingpong.com/livemusic/
Max Fry, aWannabe	DC9	Thursday, September 17, 2026	https://www.dc9.club/events
Thee Sacred Souls, La Lom + The Womack Sisters, The Constellation Tour	Filene Center at Wolf Trap	Thursday, September 17, 2026	https://www.wolftrap.org/calendar
Horse Feathers	Jammin Java	Thursday, September 17, 2026	http://jamminjava.com
Vacation Manor, Nolen Durham	Pearl Street Warehouse	Thursday, September 17, 2026	http://www.pearlstreetwarehouse.com/
Jake Blount	Pie Shop DC	Thursday, September 17, 2026	https://www.facebook.com/pg/pieshopdc/events/
Bermuda Search Party: Atlantic Adieu Tour, Miki Fiki	Songbyrd DC	Thursday, September 17, 2026	http://www.songbyrddc.com/events/
Jungle – World Tour 2026, Rio Kosta	The Anthem	Thursday, September 17, 2026	http://www.theanthemdc.com/calendar/
Tweet	The Birchmere	Thursday, September 17, 2026	http://www.birchmere.com/calendar/
Yg: The Gentlemen's Club Tour	The Fillmore Silver Spring	Thursday, September 17, 2026	http://www.fillmoresilverspring.com/
Gangstagrass	The Hamilton	Thursday, September 17, 2026	http://live.thehamiltondc.com/calendar/
Angine de Poitrine	The Lincoln Theatre	Thursday, September 17, 2026	https://www.ticketmaster.com/lincoln-theatre-tickets-washington/venue/172087
Soda Blonde	Union Stage	Thursday, September 17, 2026	https://www.unionstagepresents.com/
Ashley Cooke: The Baby Blues Tour, Timmy McKeever	9:30 Club	Friday, September 18, 2026	http://www.930.com/#upcoming-shows-container
Kim Gordon, Play Me Tour with, Bill Nace	Black Cat	Friday, September 18, 2026	http://www.blackcatdc.com/schedule.html
Claudia Acuna "Queen of Chilean Jazz" - Chilean Jazz Series	Blues Alley	Friday, September 18, 2026	https://wl.seetickets.us/bluesalley
Rad Arts Foundation Presents Mohsen Namjoo Live in Washington DC	Capital Turnaround	Friday, September 18, 2026	https://capitalturnaround.com/live-events/
Perennial	Comet Ping Pong	Friday, September 18, 2026	http://www.cometpingpong.com/livemusic/
Evening Elephants	DC9	Friday, September 18, 2026	https://www.dc9.club/events
Gareth Emery: Lsr/city	Echostage	Friday, September 18, 2026	https://echostage.com/all-events/
The Avett Brothers, Guster	Filene Center at Wolf Trap	Friday, September 18, 2026	https://www.wolftrap.org/calendar
Baauer	Flash	Friday, September 18, 2026	http://www.flashdc.com/
Brian K & The Parkway Album Release, Jack the Radio, Horsehead	Jammin Java	Friday, September 18, 2026	http://jamminjava.com
Strange Souls	Mayan Monkey Brewing Co	Friday, September 18, 2026	https://www.mayanmonkeybrewingco.com/music
The Roots	MGM National Harbor	Friday, September 18, 2026	https://www.mgmnationalharbor.com/en/entertainment/the-theater.html#/Entertainment%20Calendar
Benny G	Pearl Street Warehouse	Friday, September 18, 2026	http://www.pearlstreetwarehouse.com/
Smut x Dirt Buyer	Pie Shop DC	Friday, September 18, 2026	https://pieshopdc.com/events/
Saint Harison Presents The Ghosted Tour	Songbyrd DC	Friday, September 18, 2026	http://www.songbyrddc.com/events/
Dr.Fu	Starr Hill Tysons	Friday, September 18, 2026	https://www.starrhilltysons.com/events
Jungle – World Tour 2026, Rio Kosta	The Anthem	Friday, September 18, 2026	http://www.theanthemdc.com/calendar/
Stephen Dawes Presents The Skin to Skin Tour	The Atlantis	Friday, September 18, 2026	https://theatlantis.com/
The Secret Sisters with Caleb Elliott	The Birchmere	Friday, September 18, 2026	http://www.birchmere.com/calendar/
Dying Fetus & Sanguisugabogg	The Fillmore Silver Spring	Friday, September 18, 2026	http://www.fillmoresilverspring.com/
Chris Smither	The Hamilton	Friday, September 18, 2026	http://live.thehamiltondc.com/calendar/
Monsieur Perine - Instrucciones Para Ser Feliz Tour	The Lincoln Theatre	Friday, September 18, 2026	https://www.ticketmaster.com/lincoln-theatre-tickets-washington/venue/172087
Strangelove: The Depeche Mode Experience	The State Theatre	Friday, September 18, 2026	http://www.thestatetheatre.com/events/upcoming_events.xml
Way Dynamic, Star Moles	Union Stage	Friday, September 18, 2026	https://www.unionstagepresents.com/
Steph Tolev	9:30 Club	Saturday, September 19, 2026	http://www.930.com/#upcoming-shows-container
Culture Wars	Black Cat	Saturday, September 19, 2026	http://www.blackcatdc.com/schedule.html
Claudia Acuna "Queen of Chilean Jazz" - Chilean Jazz Series	Blues Alley	Saturday, September 19, 2026	https://wl.seetickets.us/bluesalley
Elephant Stone, The Stevenson Ranch Davidians	Comet Ping Pong	Saturday, September 19, 2026	http://www.cometpingpong.com/livemusic/
Achromatic Presents: Nooriyah	Culture DC	Saturday, September 19, 2026	https://www.culturedc.com/events
Ian Asher	Echostage	Saturday, September 19, 2026	https://echostage.com/all-events/
The Avett Brothers, Guster	Filene Center at Wolf Trap	Saturday, September 19, 2026	https://www.wolftrap.org/calendar
Marrøn (Eerste Communie | Amsterdam), Desvelo (Quinny b2b Fredy), Ryan Soho	Flash	Saturday, September 19, 2026	http://www.flashdc.com/
Milagro Azul	Mayan Monkey Brewing Co	Saturday, September 19, 2026	https://www.mayanmonkeybrewingco.com/music
The Minor Fall	Mayan Monkey Brewing Co	Saturday, September 19, 2026	https://www.mayanmonkeybrewingco.com/music
Mystic Nights VII	MGM National Harbor	Saturday, September 19, 2026	https://www.mgmnationalharbor.com/en/entertainment/the-theater.html#/Entertainment%20Calendar
El Ten Eleven, Tall Tall Trees	Pearl Street Warehouse	Saturday, September 19, 2026	http://www.pearlstreetwarehouse.com/
Collective	Starr Hill Tysons	Saturday, September 19, 2026	https://www.starrhilltysons.com/events
Don West	The Atlantis	Saturday, September 19, 2026	https://theatlantis.com/
The Wellermen	The Birchmere	Saturday, September 19, 2026	http://www.birchmere.com/calendar/
Bikini Kill	The Fillmore Silver Spring	Saturday, September 19, 2026	http://www.fillmoresilverspring.com/
Cyril Neville Plays the Dead	The Hamilton	Saturday, September 19, 2026	http://live.thehamiltondc.com/calendar/
Grouper	The Lincoln Theatre	Saturday, September 19, 2026	https://www.ticketmaster.com/lincoln-theatre-tickets-washington/venue/172087
The Nashville Nights Band: The Ultimate 90's Co...	The State Theatre	Saturday, September 19, 2026	http://www.thestatetheatre.com/events/upcoming_events.xml
Brandon Flowers	9:30 Club	Sunday, September 20, 2026	http://www.930.com/#upcoming-shows-container
Militarie Gun, Softcult, Shady Nasty, DAZY	Black Cat	Sunday, September 20, 2026	http://www.blackcatdc.com/schedule.html
Camila Meza - Chilean Jazz Series	Blues Alley	Sunday, September 20, 2026	https://wl.seetickets.us/bluesalley
Aaron Rowe, Abigail Osborn	DC9	Sunday, September 20, 2026	https://www.dc9.club/events
Erykah Badu with special guests De La Soul and The Alchemist	Filene Center at Wolf Trap	Sunday, September 20, 2026	https://www.wolftrap.org/calendar
Homestyle Dinner Rolls, Lavalove	Jammin Java	Sunday, September 20, 2026	http://jamminjava.com
Phoebe Ryan Mine & Yours: The Tour	Pearl Street Warehouse	Sunday, September 20, 2026	http://www.pearlstreetwarehouse.com/
Johnny Based: The GothStar Tour, Jabbagotdajuice	Pie Shop DC	Sunday, September 20, 2026	https://www.facebook.com/pg/pieshopdc/events/
Tobi Lou – Same Old Jeans Tour	Songbyrd DC	Sunday, September 20, 2026	http://www.songbyrddc.com/events/
Malcolm Todd: Do That Again Tour	The Anthem	Sunday, September 20, 2026	http://www.theanthemdc.com/calendar/
Jenna Raine - Jeans, Boys & Jesus Tour, Alyssa Flaherty	The Atlantis	Sunday, September 20, 2026	https://theatlantis.com/
Rufus Wainwright with Hohnen Ford	The Birchmere	Sunday, September 20, 2026	http://www.birchmere.com/calendar/
Saint Levant - Afandi World Tour	The Fillmore Silver Spring	Sunday, September 20, 2026	http://www.fillmoresilverspring.com/
Naomi Sharon - No Sleep In Paradise Tour	The Howard Theatre	Sunday, September 20, 2026	https://www.thehowardtheatre.com/
Men At Work	The Lincoln Theatre	Sunday, September 20, 2026	https://www.ticketmaster.com/lincoln-theatre-tickets-washington/venue/172087
Joe Fenti, Sarah Fitz	Union Stage	Sunday, September 20, 2026	https://www.unionstagepresents.com/
The Milk Carton Kids, Willie Watson, Paper Wings	9:30 Club	Monday, September 21, 2026	http://www.930.com/#upcoming-shows-container
Oakwood, Camping In Alaska, Empty Parking Lot	Black Cat	Monday, September 21, 2026	http://www.blackcatdc.com/schedule.html
Valentina Rubio - Argentinian Jazz Series	Blues Alley	Monday, September 21, 2026	https://wl.seetickets.us/bluesalley
Agustin Grasso - Recording Release - Argentinian Jazz Series	Blues Alley	Monday, September 21, 2026	https://wl.seetickets.us/bluesalley
Nate Vickers, Summer Hoop, pinknoise	Jammin Java	Monday, September 21, 2026	http://jamminjava.com
The Psycodelics	Pearl Street Warehouse	Monday, September 21, 2026	http://www.pearlstreetwarehouse.com/
TONE, Unwed Sailor, Ice Out	Pie Shop DC	Monday, September 21, 2026	https://www.facebook.com/pg/pieshopdc/events/
Dermot Kennedy: The Weight of the Woods Tour, Jonah Kagen	The Anthem	Monday, September 21, 2026	http://www.theanthemdc.com/calendar/
Automatic, Accessory	The Atlantis	Monday, September 21, 2026	https://theatlantis.com/
Sierra Hull	The Birchmere	Monday, September 21, 2026	http://www.birchmere.com/calendar/
Mon Rovîa - Bloodline Tour	The Fillmore Silver Spring	Monday, September 21, 2026	http://www.fillmoresilverspring.com/
Lp - All Is Not Lost Tour	The Lincoln Theatre	Monday, September 21, 2026	https://www.ticketmaster.com/lincoln-theatre-tickets-washington/venue/172087
Saves The Day, Dosser	Union Stage	Monday, September 21, 2026	https://www.unionstagepresents.com/
Tinlicker North America 2026	9:30 Club	Tuesday, September 22, 2026	http://www.930.com/#upcoming-shows-container
Damien Jurado, St. Yuma	Black Cat	Tuesday, September 22, 2026	http://www.blackcatdc.com/schedule.html
Valeria Stewart - Argentinian Jazz Series	Blues Alley	Tuesday, September 22, 2026	https://wl.seetickets.us/bluesalley
aespa Live Tour - Synk : COMPLæXITY - in Washington	Capital One Arena	Tuesday, September 22, 2026	http://capitalonearena.monumentalsportsnetwork.com/events
Kenny G	Capital One Hall	Tuesday, September 22, 2026	
Pertinence	DC9	Tuesday, September 22, 2026	https://www.dc9.club/events
Blü Eyes: Two People at Once Tour, Marielle Kraft	Jammin Java	Tuesday, September 22, 2026	http://jamminjava.com
The Inspector Cluzo, Ampliphobia	Pie Shop DC	Tuesday, September 22, 2026	https://www.facebook.com/pg/pieshopdc/events/
Bill Schroeher	Starr Hill Tysons	Tuesday, September 22, 2026	https://www.starrhilltysons.com/events
Role Model Presents: Chuck On Tour, Samia	The Anthem	Tuesday, September 22, 2026	http://www.theanthemdc.com/calendar/
Edgehill	The Atlantis	Tuesday, September 22, 2026	https://theatlantis.com/
40 Fingers	The Birchmere	Tuesday, September 22, 2026	http://www.birchmere.com/calendar/
DOMi & Jd Beck - Who Asked? Tour	The Howard Theatre	Tuesday, September 22, 2026	https://www.thehowardtheatre.com/
Jervis Campbell	Union Stage	Tuesday, September 22, 2026	https://www.unionstagepresents.com/
Mike Campbell & The Dirty Knobs	Warner Theatre	Tuesday, September 22, 2026	http://www.warnertheatredc.com/
Jane Remover - Live Exhibit, Dazegxd	9:30 Club	Wednesday, September 23, 2026	http://www.930.com/#upcoming-shows-container
QuinTango - New Music Releases - Argentinean Jazz Series	Blues Alley	Wednesday, September 23, 2026	https://wl.seetickets.us/bluesalley
L'Rain	DC9	Wednesday, September 23, 2026	https://www.dc9.club/events
Goodnight, Texas	Jammin Java	Wednesday, September 23, 2026	http://jamminjava.com
Otto Benson, Sweet Baby Jesus	Pie Shop DC	Wednesday, September 23, 2026	https://www.facebook.com/pg/pieshopdc/events/
V-n-G Acoustic at Starr Hill Biergarten	Starr Hill Tysons	Wednesday, September 23, 2026	https://www.starrhilltysons.com/events
Pokey LaFarge, Cicada Rhythm	The Atlantis	Wednesday, September 23, 2026	https://theatlantis.com/
Cabaret Voltaire: Final Usa, Canada Tour, I Speak Machine	The Howard Theatre	Wednesday, September 23, 2026	https://www.thehowardtheatre.com/
Kennedy Ryon: The Can We Evolve? Tour	Union Stage	Wednesday, September 23, 2026	https://www.unionstagepresents.com/
Circle Jerks, Haywire, Negative Approach	9:30 Club	Thursday, September 24, 2026	http://www.930.com/#upcoming-shows-container
King Mala	Black Cat	Thursday, September 24, 2026	http://www.blackcatdc.com/schedule.html
Emilio Solla & Bien Sur! - Argentinean Jazz Series	Blues Alley	Thursday, September 24, 2026	https://wl.seetickets.us/bluesalley
Telescreens	DC9	Thursday, September 24, 2026	https://www.dc9.club/events
Daphni (Caribou | London)	Flash	Thursday, September 24, 2026	http://www.flashdc.com/
Scoochie Boochie, Groovebox	Jammin Java	Thursday, September 24, 2026	http://jamminjava.com
Roger Daltrey - A Great Night Out	MGM National Harbor	Thursday, September 24, 2026	https://www.mgmnationalharbor.com/en/entertainment/the-theater.html#/Entertainment%20Calendar
The Holdup, Cydeways, Dylan Reese	Pearl Street Warehouse	Thursday, September 24, 2026	http://www.pearlstreetwarehouse.com/
Drag Talk	Pie Shop DC	Thursday, September 24, 2026	https://pieshopdc.com/events/
Starcleaner Reunion: Tour For A Rainy Day	Songbyrd DC	Thursday, September 24, 2026	http://www.songbyrddc.com/events/
Katie Pruitt - Fools for the Fleeting Tour	The Atlantis	Thursday, September 24, 2026	https://theatlantis.com/
Robin Trower	The Birchmere	Thursday, September 24, 2026	http://www.birchmere.com/calendar/
Loathe: A Stranger to You	The Fillmore Silver Spring	Thursday, September 24, 2026	http://www.fillmoresilverspring.com/
Minyo Crusaders	The Hamilton	Thursday, September 24, 2026	http://live.thehamiltondc.com/calendar/
B Side Presents: Anees - Lucky Duck Tour - Washington D.C.	The Howard Theatre	Thursday, September 24, 2026	https://www.thehowardtheatre.com/
gnash - The Garden Tour	Union Stage	Thursday, September 24, 2026	https://www.unionstagepresents.com/
Sons of Legion - Soul to Søl World Tour 2026	Warner Theatre	Thursday, September 24, 2026	http://www.warnertheatredc.com/
Haute & Freddy's Big Disgrace Tour	9:30 Club	Friday, September 25, 2026	http://www.930.com/#upcoming-shows-container
Earlybirds Club	9:30 Club	Friday, September 25, 2026	http://www.930.com/#upcoming-shows-container
The Matches, Decomposer 20 Years Later	Black Cat	Friday, September 25, 2026	http://www.blackcatdc.com/schedule.html
Dani Cortaza Quartet - Argentinian Jazz Series	Blues Alley	Friday, September 25, 2026	https://wl.seetickets.us/bluesalley
Thesaurus Rex, Night Hawk, Berra	Comet Ping Pong	Friday, September 25, 2026	http://www.cometpingpong.com/livemusic/
Dead Eyes, Versus Me	DC9	Friday, September 25, 2026	https://www.dc9.club/events
I Hate Models	Echostage	Friday, September 25, 2026	https://echostage.com/all-events/
Dennett	Flash	Friday, September 25, 2026	http://www.flashdc.com/
Hand Painted Swingers	Mayan Monkey Brewing Co	Friday, September 25, 2026	https://www.mayanmonkeybrewingco.com/music
Hot Flash Heat Wave, Bleary Eyed, High.	Pearl Street Warehouse	Friday, September 25, 2026	http://www.pearlstreetwarehouse.com/
Jenny Owen Youngs, Northcote	Pie Shop DC	Friday, September 25, 2026	https://pieshopdc.com/events/
Spoonfed (Ep Release Show), The Montaines, Aidan Leclaire	Songbyrd DC	Friday, September 25, 2026	http://www.songbyrddc.com/events/
Mastodon, Deafheaven, Alcest	The Anthem	Friday, September 25, 2026	http://www.theanthemdc.com/calendar/
SYML, Katelyn Tarver	The Atlantis	Friday, September 25, 2026	https://theatlantis.com/
Eric Darius	The Birchmere	Friday, September 25, 2026	http://www.birchmere.com/calendar/
The Charlatans Uk - North American Tour 2026	The Fillmore Silver Spring	Friday, September 25, 2026	http://www.fillmoresilverspring.com/
No Surprises DMV’s Tribute to Radiohead	The Hamilton	Friday, September 25, 2026	http://live.thehamiltondc.com/calendar/
Altin Gün: North America Tour 2026, support Alex Maas, Alex Maas	The Howard Theatre	Friday, September 25, 2026	https://www.thehowardtheatre.com/
The Machine performs Pink Floyd	The State Theatre	Friday, September 25, 2026	http://www.thestatetheatre.com/events/upcoming_events.xml
Southern Culture on the Skids	Union Stage	Friday, September 25, 2026	https://www.unionstagepresents.com/
josh conway: the plum tour, Homeshake (solo)	9:30 Club	Saturday, September 26, 2026	http://www.930.com/#upcoming-shows-container
MARO, Pedro Altério, Carbeau & Manuel Rocha	Black Cat	Saturday, September 26, 2026	http://www.blackcatdc.com/schedule.html
Nicholas Payton - Recording "A Supreme Blue" Release	Blues Alley	Saturday, September 26, 2026	https://wl.seetickets.us/bluesalley
Gorillaz - The Mountain Tour	Capital One Arena	Saturday, September 26, 2026	http://capitalonearena.monumentalsportsnetwork.com/events
Nü Androids Presents: Gravagerz	Culture DC	Saturday, September 26, 2026	https://www.culturedc.com/events
Thomas Dollbaum	DC9	Saturday, September 26, 2026	https://www.dc9.club/events
Gorgon City	Echostage	Saturday, September 26, 2026	https://echostage.com/all-events/
Whipped Cream	Flash	Saturday, September 26, 2026	http://www.flashdc.com/
Live Music: Deathreefer, friends Live @ Galactic Panther	Galactic Panther Art Gallery	Saturday, September 26, 2026	https://www.eventbrite.com/o/galactic-panther-art-gallery-43341158153
Music From The Sole	GMU Center For The Arts	Saturday, September 26, 2026	https://cfa.calendar.gmu.edu/series-music/
The Bros. Landreth: Tumbling Wild Tour 2026, Madeleine Roger	Jammin Java	Saturday, September 26, 2026	http://jamminjava.com
Joshua Radin, Amber Rubarth	Miracle Theatre	Saturday, September 26, 2026	https://themiracletheatre.com/event-category/live-events/
Opal In Sky, Levels, Mirrorcell	Pearl Street Warehouse	Saturday, September 26, 2026	http://www.pearlstreetwarehouse.com/
Paloma Morphy	The Atlantis	Saturday, September 26, 2026	https://theatlantis.com/
Eric Roberson	The Birchmere	Saturday, September 26, 2026	http://www.birchmere.com/calendar/
The Pretty Reckless - Dear God Tour	The Fillmore Silver Spring	Saturday, September 26, 2026	http://www.fillmoresilverspring.com/
Madison Ryann Ward - The Standing Tall Tour	The Howard Theatre	Saturday, September 26, 2026	https://www.thehowardtheatre.com/
Afrobeats to the World	The Howard Theatre	Saturday, September 26, 2026	https://www.thehowardtheatre.com/
Satin Jackets	Union Stage	Saturday, September 26, 2026	https://www.unionstagepresents.com/
Arin Ray – The ‘Limbo’ Tour	Union Stage	Saturday, September 26, 2026	https://www.unionstagepresents.com/
Switchfoot - Forever Now Tour	Warner Theatre	Saturday, September 26, 2026	http://www.warnertheatredc.com/
honestav - The Sweet American Boy Tour, Untitled, Judah Weston	9:30 Club	Sunday, September 27, 2026	http://www.930.com/#upcoming-shows-container
Nicholas Payton - Recording "A Supreme Blue" Release	Blues Alley	Sunday, September 27, 2026	https://wl.seetickets.us/bluesalley
Sonu Nigam: Revolution	EagleBank Arena	Sunday, September 27, 2026	https://www.eaglebankarena.com/events
Jay Nash	Jammin Java	Sunday, September 27, 2026	http://jamminjava.com
Post Sex Nachos, Fetch Tiger	Pearl Street Warehouse	Sunday, September 27, 2026	http://www.pearlstreetwarehouse.com/
Jack Waugh's Americanaland (album release show!), Austin Loman Group, Trinomial	Pie Shop DC	Sunday, September 27, 2026	https://www.facebook.com/pg/pieshopdc/events/
anaIIs	Songbyrd DC	Sunday, September 27, 2026	http://www.songbyrddc.com/events/
Sawyer Hill - Everybody's Home, Nobody's Happy World Tour	The Atlantis	Sunday, September 27, 2026	https://theatlantis.com/
Eric Roberson	The Birchmere	Sunday, September 27, 2026	http://www.birchmere.com/calendar/
Kamelot - Dark Asylum World Tour	The Fillmore Silver Spring	Sunday, September 27, 2026	http://www.fillmoresilverspring.com/
Hazlett	The Howard Theatre	Sunday, September 27, 2026	https://www.thehowardtheatre.com/
Spacehog	The State Theatre	Sunday, September 27, 2026	http://www.thestatetheatre.com/events/upcoming_events.xml
Armand Hammer, Curly Castro	Union Stage	Sunday, September 27, 2026	https://www.unionstagepresents.com/
Julia Wolf, Bee Blackwell	9:30 Club	Monday, September 28, 2026	http://www.930.com/#upcoming-shows-container
Charli xcx - Music, Fashion, Film Tour	Capital One Arena	Monday, September 28, 2026	http://capitalonearena.monumentalsportsnetwork.com/events
Croz Boyce (Avey Tare and Geologist of Animal Collective)	Miracle Theatre	Monday, September 28, 2026	https://themiracletheatre.com/event-category/live-events/
Rocketship: "A Certain Smile, A Certain Sadness” 30th Anniversary Tour, Lightheaded	Pearl Street Warehouse	Monday, September 28, 2026	http://www.pearlstreetwarehouse.com/
Problems, Glorian, Brain Surgery, Dicqbeats	Pie Shop DC	Monday, September 28, 2026	https://pieshopdc.com/events/
Jozzy: Get Her Back Tour	Songbyrd DC	Monday, September 28, 2026	http://www.songbyrddc.com/events/
Ringo Starr and His All Starr Band	The Anthem	Monday, September 28, 2026	http://www.theanthemdc.com/calendar/
Bebe Stockwell, Gabrielle Hope	The Atlantis	Monday, September 28, 2026	https://theatlantis.com/
Taste Of Chaos	The Fillmore Silver Spring	Monday, September 28, 2026	http://www.fillmoresilverspring.com/
The Tear Garden (The Legendary Pink Dots & cEvin Key)	Union Stage	Monday, September 28, 2026	https://www.unionstagepresents.com/
Sex Pistols (Steve Jones, Paul Cook, Glen Matlock) feat. Frank Carter, Sex Pistols & Frank Carter, Bad Nerves	9:30 Club	Tuesday, September 29, 2026	http://www.930.com/#upcoming-shows-container
Ryan Davis & The Roadhouse Band, Styrofoam Winos	Black Cat	Tuesday, September 29, 2026	http://www.blackcatdc.com/schedule.html
Aga Zaryan	Blues Alley	Tuesday, September 29, 2026	https://wl.seetickets.us/bluesalley
Phoebe Bridgers: The Lost Tour	Capital One Arena	Tuesday, September 29, 2026	http://capitalonearena.monumentalsportsnetwork.com/events
Taylor Bickett, Corrina	DC9	Tuesday, September 29, 2026	https://www.dc9.club/events
Kany Garcia: Puerta Abierta Tour	MGM National Harbor	Tuesday, September 29, 2026	https://www.mgmnationalharbor.com/en/entertainment/the-theater.html#/Entertainment%20Calendar
Upon your Dead Body	Pearl Street Warehouse	Tuesday, September 29, 2026	http://www.pearlstreetwarehouse.com/
Ravyn Lenae Presents: Blue Island, Lexa Gates	The Anthem	Tuesday, September 29, 2026	http://www.theanthemdc.com/calendar/
Brenn! - Amateur At Best World Tour	The Atlantis	Tuesday, September 29, 2026	https://theatlantis.com/
John Cameron Mitchell - Hedwig 25th Anniversary Movie Tour	The Howard Theatre	Tuesday, September 29, 2026	https://www.thehowardtheatre.com/
Lucinda Williams And Her Band	The Lincoln Theatre	Tuesday, September 29, 2026	https://www.ticketmaster.com/lincoln-theatre-tickets-washington/venue/172087
Inoha, Capital Soiree, Pretoria	Union Stage	Tuesday, September 29, 2026	https://www.unionstagepresents.com/
Lucinda Williams And Her Band	9:30 Club	Wednesday, September 30, 2026	http://www.930.com/#upcoming-shows-container
Santiago Cruz: Sigo En Pie tour	Miracle Theatre	Wednesday, September 30, 2026	https://themiracletheatre.com/event-category/live-events/
Chinese Football	Pearl Street Warehouse	Wednesday, September 30, 2026	http://www.pearlstreetwarehouse.com/
ALI	Songbyrd DC	Wednesday, September 30, 2026	http://www.songbyrddc.com/events/
Shaboozey – Outlaws Never Die Tour, Noeline Hofmann	The Anthem	Wednesday, September 30, 2026	http://www.theanthemdc.com/calendar/
Stanley Simmons	The Atlantis	Wednesday, September 30, 2026	https://theatlantis.com/
Shinyribs with Patrick Sweany (Solo)	The Birchmere	Wednesday, September 30, 2026	http://www.birchmere.com/calendar/
Our Lady Peace, The Verve Pipe	The Howard Theatre	Wednesday, September 30, 2026	https://www.thehowardtheatre.com/
Public Image Ltd - This Is Not The Last Tour, Plague Vendor	9:30 Club	Thursday, October 1, 2026	http://www.930.com/#upcoming-shows-container
Benito Gonzalez / Buster Williams / Lenny White	Blues Alley	Thursday, October 1, 2026	https://wl.seetickets.us/bluesalley
Powerplant, Carrion Kids, Dim Wizard	Comet Ping Pong	Thursday, October 1, 2026	http://www.cometpingpong.com/livemusic/
Sophie Hunter	DC9	Thursday, October 1, 2026	https://www.dc9.club/events
Shumaun, CH3MTRAILs, Greenhead	Jammin Java	Thursday, October 1, 2026	http://jamminjava.com
Hannah Cole, maggie Fm	Pearl Street Warehouse	Thursday, October 1, 2026	http://www.pearlstreetwarehouse.com/
Laerz	Songbyrd DC	Thursday, October 1, 2026	http://www.songbyrddc.com/events/
Towa Bird - The Gentleman Tour, Mother Soki	The Atlantis	Thursday, October 1, 2026	https://theatlantis.com/
Yächtley Crëw	The Birchmere	Thursday, October 1, 2026	http://www.birchmere.com/calendar/
Snail Mail & Soccer Mommy	The Fillmore Silver Spring	Thursday, October 1, 2026	http://www.fillmoresilverspring.com/
ButtTootKing: Lydia B Kollins, Suzie Toot, and Kori King	The Howard Theatre	Thursday, October 1, 2026	https://www.thehowardtheatre.com/
Squirrel Flower, Dari Bay	Union Stage	Thursday, October 1, 2026	https://www.unionstagepresents.com/
Get Get Aw! The Sexbomb Concert Us Tour	Warner Theatre	Thursday, October 1, 2026	http://www.warnertheatredc.com/
Buffalo Traffic Jam - Pictures of You Tour	9:30 Club	Friday, October 2, 2026	http://www.930.com/#upcoming-shows-container
Bear Ghost, Sarah & The Safe Word, Spaceman Bob	Black Cat	Friday, October 2, 2026	http://www.blackcatdc.com/schedule.html
Benito Gonzalez / Buster Williams / Lenny White	Blues Alley	Friday, October 2, 2026	https://wl.seetickets.us/bluesalley
Weezer: The Gathering	Capital One Arena	Friday, October 2, 2026	http://capitalonearena.monumentalsportsnetwork.com/events
Iguana Death Cult	Comet Ping Pong	Friday, October 2, 2026	http://www.cometpingpong.com/livemusic/
Noah Richardson, Duunes	DC9	Friday, October 2, 2026	https://www.dc9.club/events
Improvement Movement, The Point	Pearl Street Warehouse	Friday, October 2, 2026	http://www.pearlstreetwarehouse.com/
Veneraxiom, Glorious Descent, Dashuyn	Pie Shop DC	Friday, October 2, 2026	https://pieshopdc.com/events/
Tim Atlas	Songbyrd DC	Friday, October 2, 2026	http://www.songbyrddc.com/events/
wave to earth – the pieces tour	The Anthem	Friday, October 2, 2026	http://www.theanthemdc.com/calendar/
Asha Banks: something inbetween tour, Alfie Jukes	The Atlantis	Friday, October 2, 2026	https://theatlantis.com/
Martin Sexton – Live Wide Open Tour 2026	The Birchmere	Friday, October 2, 2026	http://www.birchmere.com/calendar/
The Birchmere Presents Black Violin with Braxton Cook at the Warner Theatre!	The Birchmere	Friday, October 2, 2026	http://www.birchmere.com/calendar/
Pennywise	The Fillmore Silver Spring	Friday, October 2, 2026	http://www.fillmoresilverspring.com/
Upstate	The Hamilton	Friday, October 2, 2026	http://live.thehamiltondc.com/calendar/
Daley - Us Tour	The Howard Theatre	Friday, October 2, 2026	https://www.thehowardtheatre.com/
The Format	The Lincoln Theatre	Friday, October 2, 2026	https://www.ticketmaster.com/lincoln-theatre-tickets-washington/venue/172087
Weatherday - Hornet Disaster Tour 2026	Union Stage	Friday, October 2, 2026	https://www.unionstagepresents.com/
Black Violin - The Be Free Tour	Warner Theatre	Friday, October 2, 2026	http://www.warnertheatredc.com/
The California Honeydrops - Sweet Like That Tour 2026, Jontavious Willis	9:30 Club	Saturday, October 3, 2026	http://www.930.com/#upcoming-shows-container
Frog, Woods	Black Cat	Saturday, October 3, 2026	http://www.blackcatdc.com/schedule.html
Arturo O'Farrill Quintet	Blues Alley	Saturday, October 3, 2026	https://wl.seetickets.us/bluesalley
Olivia Rodrigo: The Unraveled Tour	Capital One Arena	Saturday, October 3, 2026	http://capitalonearena.monumentalsportsnetwork.com/events
2026 Monsta X World Tour [The X : Nexus] In Fairfax	EagleBank Arena	Saturday, October 3, 2026	https://www.eaglebankarena.com/events
Meduza³	Echostage	Saturday, October 3, 2026	https://echostage.com/all-events/
Jazzy	Flash	Saturday, October 3, 2026	http://www.flashdc.com/
Marco Strous (Uk)	Flash	Saturday, October 3, 2026	http://www.flashdc.com/
Live Music: Fifth Floor	Galactic Panther Art Gallery	Saturday, October 3, 2026	https://www.eventbrite.com/o/galactic-panther-art-gallery-43341158153
Special Event: Jeff Goldblum and the Mildred Snitzer Orchestra	GMU Center For The Arts	Saturday, October 3, 2026	https://cfa.calendar.gmu.edu/series-music/
Mindy Gledhill: The Phone Booth Sessions Tour, Debra Fotheringham	Jammin Java	Saturday, October 3, 2026	http://jamminjava.com
Honor By August	Jammin Java	Saturday, October 3, 2026	http://jamminjava.com
Eliot Lipp, Wax Future	Pearl Street Warehouse	Saturday, October 3, 2026	http://www.pearlstreetwarehouse.com/
Raaginder – be:coming Usa Tour	Pearl Street Warehouse	Saturday, October 3, 2026	http://www.pearlstreetwarehouse.com/
Jordan Dean	Quarry House Tavern	Saturday, October 3, 2026	https://www.quarryhousetavern.com/music
Kiefer, Shibo	Songbyrd DC	Saturday, October 3, 2026	http://www.songbyrddc.com/events/
Knocked Loose & Denzel Curry, Superheaven, Boundaries	The Anthem	Saturday, October 3, 2026	http://www.theanthemdc.com/calendar/
#Imomsohard ‘The Flashback Tour’	The Birchmere	Saturday, October 3, 2026	http://www.birchmere.com/calendar/
DJ Shadow Celebrates 30 Years of Endtroducing	The Fillmore Silver Spring	Saturday, October 3, 2026	http://www.fillmoresilverspring.com/
Kruder & Dorfmeister - K&d Kicks 30 Anniversary Tour	The Howard Theatre	Saturday, October 3, 2026	https://www.thehowardtheatre.com/
The Jungle Giants - Experiencing Feelings of Joy	Union Stage	Saturday, October 3, 2026	https://www.unionstagepresents.com/
Medium Build Presents The King of Having Fun on Tour, Ken Yates	9:30 Club	Sunday, October 4, 2026	http://www.930.com/#upcoming-shows-container
Ceremony, Poison Ruïn, Dry Socket	Black Cat	Sunday, October 4, 2026	http://www.blackcatdc.com/schedule.html
Arturo O'Farrill Quintet	Blues Alley	Sunday, October 4, 2026	https://wl.seetickets.us/bluesalley
Olivia Rodrigo: The Unraveled Tour	Capital One Arena	Sunday, October 4, 2026	http://capitalonearena.monumentalsportsnetwork.com/events
diffuse: Brunello x Dean Turnley	Culture DC	Sunday, October 4, 2026	https://www.culturedc.com/events
The Toxhards	DC9	Sunday, October 4, 2026	https://www.dc9.club/events
Greywind, Soul Meets Body, Keep Your Secrets, Rodeo	Jammin Java	Sunday, October 4, 2026	http://jamminjava.com
Rahat Fateh Ali Khan	MGM National Harbor	Sunday, October 4, 2026	https://www.mgmnationalharbor.com/en/entertainment/the-theater.html#/Entertainment%20Calendar
Unsane, Consumer Culture	Pearl Street Warehouse	Sunday, October 4, 2026	http://www.pearlstreetwarehouse.com/
Hana Stretton	Songbyrd DC	Sunday, October 4, 2026	http://www.songbyrddc.com/events/
Indigo Girls, Linda Perry	The Anthem	Sunday, October 4, 2026	http://www.theanthemdc.com/calendar/
Theo Katzman	The Atlantis	Sunday, October 4, 2026	https://theatlantis.com/
Davide De Pierro	The Howard Theatre	Sunday, October 4, 2026	https://www.thehowardtheatre.com/
Everything Everything - Get To Heaven, 10th Anniversary, North America	The Lincoln Theatre	Sunday, October 4, 2026	https://www.ticketmaster.com/lincoln-theatre-tickets-washington/venue/172087
Jeff Bernat - Luv Language Tour	Union Stage	Sunday, October 4, 2026	https://www.unionstagepresents.com/
Outlander In Concert: Echoes Through the Highlands	Warner Theatre	Sunday, October 4, 2026	http://www.warnertheatredc.com/
Sylvan Esso	9:30 Club	Monday, October 5, 2026	http://www.930.com/#upcoming-shows-container
M. Alex Ramirez feat. Arturo O'Farrill - Recording Release	Blues Alley	Monday, October 5, 2026	https://wl.seetickets.us/bluesalley
Le Sserafim - 2026 Le Sserafim 'Pureflow' Tour In Washington	Capital One Arena	Monday, October 5, 2026	http://capitalonearena.monumentalsportsnetwork.com/events
Allison Eide	Jammin Java	Monday, October 5, 2026	http://jamminjava.com
Sub Urban - The Bell Tolls Tour, Golden Cats	The Atlantis	Monday, October 5, 2026	https://theatlantis.com/
Angelo De Augustine, Erin Rae	Union Stage	Monday, October 5, 2026	https://www.unionstagepresents.com/
Sylvan Esso	9:30 Club	Tuesday, October 6, 2026	http://www.930.com/#upcoming-shows-container
Perkutao	Blues Alley	Tuesday, October 6, 2026	https://wl.seetickets.us/bluesalley
Joshua Burnside	Jammin Java	Tuesday, October 6, 2026	http://jamminjava.com
Justin Nozuka	Pearl Street Warehouse	Tuesday, October 6, 2026	http://www.pearlstreetwarehouse.com/
Ella Boh: Blurry Tour	Songbyrd DC	Tuesday, October 6, 2026	http://www.songbyrddc.com/events/
The Chicks – Taking The Long Way	The Anthem	Tuesday, October 6, 2026	http://www.theanthemdc.com/calendar/
Asha Banks: something inbetween tour, Alfie Jukes	The Atlantis	Tuesday, October 6, 2026	https://theatlantis.com/
John Hiatt	The Birchmere	Tuesday, October 6, 2026	http://www.birchmere.com/calendar/
Cortex, Adrian Younge, J Rocc	The Howard Theatre	Tuesday, October 6, 2026	https://www.thehowardtheatre.com/
Daði Freyr	The Lincoln Theatre	Tuesday, October 6, 2026	https://www.ticketmaster.com/lincoln-theatre-tickets-washington/venue/172087
Kelsey Lu: So Help Me God Tour	Union Stage	Tuesday, October 6, 2026	https://www.unionstagepresents.com/
Gustavo Casenave - Solo Piano Performance	Blues Alley	Wednesday, October 7, 2026	https://wl.seetickets.us/bluesalley
The Yawpers, Shane Guerrette	Jammin Java	Wednesday, October 7, 2026	http://jamminjava.com
Big Special	Pearl Street Warehouse	Wednesday, October 7, 2026	http://www.pearlstreetwarehouse.com/
Faux Real	Songbyrd DC	Wednesday, October 7, 2026	http://www.songbyrddc.com/events/
Foster The People – Good Mourning Sunshine, Goth Babe	The Anthem	Wednesday, October 7, 2026	http://www.theanthemdc.com/calendar/
Grace Enger - The Satisfied Girl Tour, Aubory Bugg	The Atlantis	Wednesday, October 7, 2026	https://theatlantis.com/
Ingrid Andress - Nowhere Else To Go Tour	The Atlantis	Wednesday, October 7, 2026	https://theatlantis.com/
John Hiatt	The Birchmere	Wednesday, October 7, 2026	http://www.birchmere.com/calendar/
Phantom Planet	The Hamilton	Wednesday, October 7, 2026	http://live.thehamiltondc.com/calendar/
Vitamin String Quartet & Girl Named Tom	The Lincoln Theatre	Wednesday, October 7, 2026	https://www.ticketmaster.com/lincoln-theatre-tickets-washington/venue/172087
Bertha: Grateful Drag	9:30 Club	Thursday, October 8, 2026	http://www.930.com/#upcoming-shows-container
Cain Culto, Occulto U.S. Tour 2026	Black Cat	Thursday, October 8, 2026	http://www.blackcatdc.com/schedule.html
Cash Money & No Limit Tour	Capital One Arena	Thursday, October 8, 2026	http://capitalonearena.monumentalsportsnetwork.com/events
Polyphia Tour Mmxxvi	Echostage	Thursday, October 8, 2026	https://echostage.com/all-events/
Laura Veirs, Karl Blau	Jammin Java	Thursday, October 8, 2026	http://jamminjava.com
OCT	Pearl Street Warehouse	Thursday, October 8, 2026	http://www.pearlstreetwarehouse.com/
Robert Lester Folsom, Liz Cooper	Songbyrd DC	Thursday, October 8, 2026	http://www.songbyrddc.com/events/
Slift, Rhododendron	The Atlantis	Thursday, October 8, 2026	https://theatlantis.com/
Lalah Hathaway	The Birchmere	Thursday, October 8, 2026	http://www.birchmere.com/calendar/
Skillet: Comatose 20 Years, Still Screaming Tour	The Fillmore Silver Spring	Thursday, October 8, 2026	http://www.fillmoresilverspring.com/
Bright Eyes, Lullaby For The Working Class	9:30 Club	Friday, October 9, 2026	http://www.930.com/#upcoming-shows-container
Strange Boutique, Cemetary Sex, DJ Sara Vox	Black Cat	Friday, October 9, 2026	http://www.blackcatdc.com/schedule.html
Getaway Car, Shane Hines, Ryan Wright	Jammin Java	Friday, October 9, 2026	http://jamminjava.com
Lalah Hathaway	The Birchmere	Friday, October 9, 2026	http://www.birchmere.com/calendar/
3BallMTY	The Fillmore Silver Spring	Friday, October 9, 2026	http://www.fillmoresilverspring.com/
North Mississippi Allstars	The Hamilton	Friday, October 9, 2026	http://live.thehamiltondc.com/calendar/
Michael Kosta: Big Dad Energy	The Howard Theatre	Friday, October 9, 2026	https://www.thehowardtheatre.com/
Flex, La Factoria Demphra & Makano	The Howard Theatre	Friday, October 9, 2026	https://www.thehowardtheatre.com/
Six Foot Blonde - Spit It Out Tour	Union Stage	Friday, October 9, 2026	https://www.unionstagepresents.com/
Mo Lowda & The Humble - Tailing the Ghost Tour, Surf Hat	9:30 Club	Saturday, October 10, 2026	http://www.930.com/#upcoming-shows-container
Basement, Momma	9:30 Club	Saturday, October 10, 2026	http://www.930.com/#upcoming-shows-container
Afrojack	Echostage	Saturday, October 10, 2026	https://echostage.com/all-events/
Live Music: Benefit Concert for Immigrant Rights	Galactic Panther Art Gallery	Saturday, October 10, 2026	https://www.eventbrite.com/o/galactic-panther-art-gallery-43341158153
Bloom at Good Hope — GËTTE	Good Hope Neighborhood Recreation Center	Saturday, October 10, 2026	
Chelsea Wolfe: The Dark – World Tour, With Jonathan Hultén	Sixth & I	Saturday, October 10, 2026	https://www.sixthandi.org/events/category/arts-entertainment/music/list/
Staring In Spaces (Single Release Show), Endlings	Songbyrd DC	Saturday, October 10, 2026	http://www.songbyrddc.com/events/
Staring In Spaces Presents The Afterparty!, ft. DJ Fibi, Yoshmo	Songbyrd DC	Saturday, October 10, 2026	http://www.songbyrddc.com/events/
Jessie Ware: The Superbloom Tour 2026, dhruv	The Anthem	Saturday, October 10, 2026	http://www.theanthemdc.com/calendar/
Epik High 3.0 North American Tour	The Howard Theatre	Saturday, October 10, 2026	https://www.thehowardtheatre.com/
The Warped Tour Band - A Tribute To Emo/pop-punk	The State Theatre	Saturday, October 10, 2026	http://www.thestatetheatre.com/events/upcoming_events.xml
Bayonne - The ‘Filters’ Tour	Union Stage	Saturday, October 10, 2026	https://www.unionstagepresents.com/
Lewis OfMan - 50kwtts North American Tour	Union Stage	Saturday, October 10, 2026	https://www.unionstagepresents.com/
Brian Fallon & The Pain Killers, Tim Barry	Black Cat	Sunday, October 11, 2026	http://www.blackcatdc.com/schedule.html
Live Music: ArtSchool Live @ Galactic Panther	Galactic Panther Art Gallery	Sunday, October 11, 2026	https://www.eventbrite.com/o/galactic-panther-art-gallery-43341158153
Keyboard Conversations® with Jeffrey Siegel: Glorious Musical Jewels – Beethoven and Schubert	GMU Center For The Arts	Sunday, October 11, 2026	https://cfa.calendar.gmu.edu/series-music/
Ellis Paul, Shanna in a Dress	Jammin Java	Sunday, October 11, 2026	http://jamminjava.com
New Jack Swing Birthday Bash featuring Teddy Riley and Guy	MGM National Harbor	Sunday, October 11, 2026	https://www.mgmnationalharbor.com/en/entertainment/the-theater.html#/Entertainment%20Calendar
Magenta Wave	Pearl Street Warehouse	Sunday, October 11, 2026	http://www.pearlstreetwarehouse.com/
Cardinal Bloom – Burn The House Tour	Songbyrd DC	Sunday, October 11, 2026	http://www.songbyrddc.com/events/
Two Door Cinema Club – Tourist History 15th Anniversary Tour, Strfkr	The Anthem	Sunday, October 11, 2026	http://www.theanthemdc.com/calendar/
Tokyo Tea Room - Feel Forever Tour	The Atlantis	Sunday, October 11, 2026	https://theatlantis.com/
Alison Brown	The Hamilton	Sunday, October 11, 2026	http://live.thehamiltondc.com/calendar/
Music in the Mansion: Raul Midón	The Music Center at Strathmore	Sunday, October 11, 2026	https://www.strathmore.org/calendar
Shawn James - Flew Too Close To The Sun Tour	Union Stage	Sunday, October 11, 2026	https://www.unionstagepresents.com/
Knox, Emi Grace	9:30 Club	Monday, October 12, 2026	http://www.930.com/#upcoming-shows-container
Show Me The Body, Whispers, Lip Critic, Combust	Black Cat	Monday, October 12, 2026	http://www.blackcatdc.com/schedule.html
Kemuel Roig - Solo Piano - Recording Release - Cuban Jazz Series	Blues Alley	Monday, October 12, 2026	https://wl.seetickets.us/bluesalley
Great Lake Swimmers	Jammin Java	Monday, October 12, 2026	http://jamminjava.com
Ida	Pearl Street Warehouse	Monday, October 12, 2026	http://www.pearlstreetwarehouse.com/
Aoife O’donovan – Solo Acoustic	The Birchmere	Monday, October 12, 2026	http://www.birchmere.com/calendar/
Goldcoast Ent Presents 2 Chainz	The Howard Theatre	Monday, October 12, 2026	https://www.thehowardtheatre.com/
Token - I'm Leaving Soon, Clark D, DJ Lucas	Union Stage	Monday, October 12, 2026	https://www.unionstagepresents.com/
My Hero Academia in Concert	Warner Theatre	Monday, October 12, 2026	http://www.warnertheatredc.com/
Chanel Beads, Horse Vision, Car Culture	Black Cat	Tuesday, October 13, 2026	http://www.blackcatdc.com/schedule.html
Kalí Rodríguez-Peña feat. Dayme Arocena - Cuban Jazz Series	Blues Alley	Tuesday, October 13, 2026	https://wl.seetickets.us/bluesalley
Teddy Swims: The Ugly Tour	Capital One Arena	Tuesday, October 13, 2026	http://capitalonearena.monumentalsportsnetwork.com/events
Garrison Starr, L. Rogers	Jammin Java	Tuesday, October 13, 2026	http://jamminjava.com
Lauren Ash	Pearl Street Warehouse	Tuesday, October 13, 2026	http://www.pearlstreetwarehouse.com/
Balthvs, Free Whenever	The Atlantis	Tuesday, October 13, 2026	https://theatlantis.com/
Kelela - new avatar live	The Fillmore Silver Spring	Tuesday, October 13, 2026	http://www.fillmoresilverspring.com/
Isaiah Falls: Lvrs Paradise Side B, RAASIIM, Luxury Lane	The Howard Theatre	Tuesday, October 13, 2026	https://www.thehowardtheatre.com/
Tricky	The Lincoln Theatre	Tuesday, October 13, 2026	https://www.ticketmaster.com/lincoln-theatre-tickets-washington/venue/172087
Wesley Joseph - The Forever Tour 2026	Union Stage	Tuesday, October 13, 2026	https://www.unionstagepresents.com/
Dayramir González- Recording Release - Cuban Piano Jazz Series	Blues Alley	Wednesday, October 14, 2026	https://wl.seetickets.us/bluesalley
Fred Eaglesmith featuring Tif Ginn	Jammin Java	Wednesday, October 14, 2026	http://jamminjava.com
Sin Bandera - Escenas Us Tour	MGM National Harbor	Wednesday, October 14, 2026	https://www.mgmnationalharbor.com/en/entertainment/the-theater.html#/Entertainment%20Calendar
Sugar, J. Robbins (Jawbox)	The Anthem	Wednesday, October 14, 2026	http://www.theanthemdc.com/calendar/
Logan Mize	The Hamilton	Wednesday, October 14, 2026	http://live.thehamiltondc.com/calendar/
Dice, Fai Laci	Union Stage	Wednesday, October 14, 2026	https://www.unionstagepresents.com/
Rebecca Black - Exhibitionism on Tour	9:30 Club	Thursday, October 15, 2026	http://www.930.com/#upcoming-shows-container
Weedeater, ZEKE, Royal Thunder, Yes Ma'am	Black Cat	Thursday, October 15, 2026	http://www.blackcatdc.com/schedule.html
Chuchito Valdés - Cuban Jazz Series	Blues Alley	Thursday, October 15, 2026	https://wl.seetickets.us/bluesalley
Don Omar "The Last King World Tour"	Capital One Arena	Thursday, October 15, 2026	http://capitalonearena.monumentalsportsnetwork.com/events
Kool & the Gang	MGM National Harbor	Thursday, October 15, 2026	https://www.mgmnationalharbor.com/en/entertainment/the-theater.html#/Entertainment%20Calendar
BoomBox, Future Joy	Pearl Street Warehouse	Thursday, October 15, 2026	http://www.pearlstreetwarehouse.com/
Morrissey	The Anthem	Thursday, October 15, 2026	http://www.theanthemdc.com/calendar/
Lauren Sanderson - Come Say Sum Tour	The Atlantis	Thursday, October 15, 2026	https://theatlantis.com/
Keiko Matsui	The Birchmere	Thursday, October 15, 2026	http://www.birchmere.com/calendar/
Bethel Music 2026 Tour	The Howard Theatre	Thursday, October 15, 2026	https://www.thehowardtheatre.com/
Music in the Mansion: Poiesis Quartet	The Music Center at Strathmore	Thursday, October 15, 2026	https://www.strathmore.org/calendar
Laundry Day Presents: The Larger Than Life Tour	9:30 Club	Friday, October 16, 2026	http://www.930.com/#upcoming-shows-container
Chuchito Valdés - Cuban Jazz Series	Blues Alley	Friday, October 16, 2026	https://wl.seetickets.us/bluesalley
Rod Wave: Don't Look Down Tour	Capital One Arena	Friday, October 16, 2026	http://capitalonearena.monumentalsportsnetwork.com/events
Sorry Ghost, Kevin Walkman	Comet Ping Pong	Friday, October 16, 2026	http://www.cometpingpong.com/livemusic/
The Fabulous Dialtones Rock and Dance Party, Molly & The Misfits	Jammin Java	Friday, October 16, 2026	http://jamminjava.com
Sofi Tukker Presents: Animal Talk, Kungs, Nala	The Anthem	Friday, October 16, 2026	http://www.theanthemdc.com/calendar/
feeble little horse - bitknot tour, snuggle	The Atlantis	Friday, October 16, 2026	https://theatlantis.com/
Gerald Albright	The Birchmere	Friday, October 16, 2026	http://www.birchmere.com/calendar/
Rhett Miller	The Hamilton	Friday, October 16, 2026	http://live.thehamiltondc.com/calendar/
Benjamin Tod & Lost Dog Street Band, Tommy Prine	The Howard Theatre	Friday, October 16, 2026	https://www.thehowardtheatre.com/
Sienna Spiro: My House Tour	The Lincoln Theatre	Friday, October 16, 2026	https://www.ticketmaster.com/lincoln-theatre-tickets-washington/venue/172087
Chasing Abbey	Union Stage	Friday, October 16, 2026	https://www.unionstagepresents.com/
An evening with Andrew McMahon and his piano, Ivory Layne	9:30 Club	Saturday, October 17, 2026	http://www.930.com/#upcoming-shows-container
The Residents - Eskimo Live	9:30 Club	Saturday, October 17, 2026	http://www.930.com/#upcoming-shows-container
Cesar López Quartet - Cuban Jazz Series	Blues Alley	Saturday, October 17, 2026	https://wl.seetickets.us/bluesalley
San Holo presents True Love In A Made Up World	Echostage	Saturday, October 17, 2026	https://echostage.com/all-events/
Distant Matter	Flash	Saturday, October 17, 2026	http://www.flashdc.com/
Jackie and The Treehorns, Roscoe Tripp @ Galactic Panther	Galactic Panther Art Gallery	Saturday, October 17, 2026	https://www.eventbrite.com/o/galactic-panther-art-gallery-43341158153
Jammin Java 25th Anniversary Party and Concert Featuring The Brindley Brothers Reunion, Special Guests	Jammin Java	Saturday, October 17, 2026	http://jamminjava.com
Magoo	Pearl Street Warehouse	Saturday, October 17, 2026	http://www.pearlstreetwarehouse.com/
Jai’len Josey – The Serial Romantic Tour	Songbyrd DC	Saturday, October 17, 2026	http://www.songbyrddc.com/events/
Hijynx - Starr Hill	Starr Hill Tysons	Saturday, October 17, 2026	https://www.starrhilltysons.com/events
RomancePlanet	The Atlantis	Saturday, October 17, 2026	https://theatlantis.com/
The Whispers – 60th Anniversary!	The Birchmere	Saturday, October 17, 2026	http://www.birchmere.com/calendar/
Fallin’ Free: A Tribute to Tom Petty and the Heartbreakers	The Hamilton	Saturday, October 17, 2026	http://live.thehamiltondc.com/calendar/
Phoebe Robinson: Feral & Fired Up	The Howard Theatre	Saturday, October 17, 2026	https://www.thehowardtheatre.com/
Reggaefest	The Howard Theatre	Saturday, October 17, 2026	https://www.thehowardtheatre.com/
The Tallest Man On Earth	The Lincoln Theatre	Saturday, October 17, 2026	https://www.ticketmaster.com/lincoln-theatre-tickets-washington/venue/172087
Julia Cole, Jordana Bryant	Union Stage	Saturday, October 17, 2026	https://www.unionstagepresents.com/
Slow Magic, Portyl, No Sir E	Union Stage	Saturday, October 17, 2026	https://www.unionstagepresents.com/
Quadeca, Derby, Olēka	9:30 Club	Sunday, October 18, 2026	http://www.930.com/#upcoming-shows-container
Cesar López Quartet - Cuban Jazz Series	Blues Alley	Sunday, October 18, 2026	https://wl.seetickets.us/bluesalley
Johnny Blue Skies & The Dark Clouds - Mutiny For The Masses 2026 Tour	Capital One Arena	Sunday, October 18, 2026	http://capitalonearena.monumentalsportsnetwork.com/events
Dogwood Tales	Comet Ping Pong	Sunday, October 18, 2026	http://www.cometpingpong.com/livemusic/
Young Fresh Fellows	Hank Dietle's Tavern	Sunday, October 18, 2026	https://www.hankdietles.net/
Eric Brace, Thomm Jutz	Jammin Java	Sunday, October 18, 2026	http://jamminjava.com
Ian McConnell, Cherokee Social	Pearl Street Warehouse	Sunday, October 18, 2026	http://www.pearlstreetwarehouse.com/
Simone Dinnerstein, piano, Ruth Bader Ginsburg Memorial Recital	Sixth & I	Sunday, October 18, 2026	https://www.sixthandi.org/events/category/arts-entertainment/music/list/
Wishy, Dead Sullivan	The Atlantis	Sunday, October 18, 2026	https://theatlantis.com/
Daryl Davis Presents: A Tribute To Chuck Berry	The Birchmere	Sunday, October 18, 2026	http://www.birchmere.com/calendar/
Alvaro Diaz - Omakase Tour	The Fillmore Silver Spring	Sunday, October 18, 2026	http://www.fillmoresilverspring.com/
Jerry’s Middle Finger	The Hamilton	Sunday, October 18, 2026	http://live.thehamiltondc.com/calendar/
Viaje Tropical with Tony Succar, Mauricio Mesones, Mimy Succar y Kenyi Succar	The Howard Theatre	Sunday, October 18, 2026	https://www.thehowardtheatre.com/
Chucho Valdés 85th Birthday Celebration	The Music Center at Strathmore	Sunday, October 18, 2026	https://www.strathmore.org/calendar
Music in the Mansion: Wu Fei & Abigail Washburn	The Music Center at Strathmore	Sunday, October 18, 2026	https://www.strathmore.org/calendar
Stephen Day: The Self Titled Tour	Union Stage	Sunday, October 18, 2026	https://www.unionstagepresents.com/
Gillian Welch & David Rawlings Play Grateful Dead Acoustic Reckoning	Warner Theatre	Sunday, October 18, 2026	http://www.warnertheatredc.com/
Allyn Johnson Organ Trio - Hammond B3 Week	Blues Alley	Monday, October 19, 2026	https://wl.seetickets.us/bluesalley
ivri, Ally Nicholas	The Atlantis	Monday, October 19, 2026	https://theatlantis.com/
Waylon Wyatt - Dustpiles World Tour, Noah James	9:30 Club	Tuesday, October 20, 2026	http://www.930.com/#upcoming-shows-container
Benjie Porecki - Hammond B-3 Week	Blues Alley	Tuesday, October 20, 2026	https://wl.seetickets.us/bluesalley
Guerilla Toss	Songbyrd DC	Tuesday, October 20, 2026	http://www.songbyrddc.com/events/
Rodrigo Y Gabriela – OurHome Tour	The Anthem	Tuesday, October 20, 2026	http://www.theanthemdc.com/calendar/
Maris	The Atlantis	Tuesday, October 20, 2026	https://theatlantis.com/
Five For Fighting With String Quartet, with Lace & Lee	The Birchmere	Tuesday, October 20, 2026	http://www.birchmere.com/calendar/
Candlebox - Can't Quit You Tour, Fall 2026	The Fillmore Silver Spring	Tuesday, October 20, 2026	http://www.fillmoresilverspring.com/
The Damned - Final Damnation 50, Flamin' Groovies, The Courettes	9:30 Club	Wednesday, October 21, 2026	http://www.930.com/#upcoming-shows-container
The Pat Bianchi Trio - Hammond B-3 Week	Blues Alley	Wednesday, October 21, 2026	https://wl.seetickets.us/bluesalley
Arcángel - La 8va Maravilla World Tour	EagleBank Arena	Wednesday, October 21, 2026	https://www.eaglebankarena.com/events
Jpegmafia: the Experimental Rap Tour	Echostage	Wednesday, October 21, 2026	https://echostage.com/all-events/
Mason Symphony Orchestra Concert: Beginnings & Triumphs (2026)	GMU Center For The Arts	Wednesday, October 21, 2026	https://cfa.calendar.gmu.edu/series-music/
Will Varley, Beans on Toast	Jammin Java	Wednesday, October 21, 2026	http://jamminjava.com
Jesse Welles, Hudson Freeman	The Anthem	Wednesday, October 21, 2026	http://www.theanthemdc.com/calendar/
L7: The Last Hurrah Tour 2026, VIAL	The Howard Theatre	Wednesday, October 21, 2026	https://www.thehowardtheatre.com/
Sanctuary Park Tour: Celebrating 40 Years of The Jayhawks	The Lincoln Theatre	Wednesday, October 21, 2026	https://www.ticketmaster.com/lincoln-theatre-tickets-washington/venue/172087
Lølø - God Forbid a Girl Goes on Tour, Mylie Taylor, Sydney Sherrill	9:30 Club	Thursday, October 22, 2026	http://www.930.com/#upcoming-shows-container
Mike LeDonne's Groovers Quartet - Hammond B3 Week	Blues Alley	Thursday, October 22, 2026	https://wl.seetickets.us/bluesalley
Katseye: The Wildworld Tour	Capital One Arena	Thursday, October 22, 2026	http://capitalonearena.monumentalsportsnetwork.com/events
Mason Jazz Ensemble Concert: Fall 2026	GMU Center For The Arts	Thursday, October 22, 2026	https://cfa.calendar.gmu.edu/series-music/
East Nash Grass	Pearl Street Warehouse	Thursday, October 22, 2026	http://www.pearlstreetwarehouse.com/
Ecca Vandal	The Atlantis	Thursday, October 22, 2026	https://theatlantis.com/
Phil Vassar (Acoustic) with Talbot Mayo	The Birchmere	Thursday, October 22, 2026	http://www.birchmere.com/calendar/
John Scofield’s Electrospective	The Hamilton	Thursday, October 22, 2026	http://live.thehamiltondc.com/calendar/
Emei - Night at the Opera Tour	The Lincoln Theatre	Thursday, October 22, 2026	https://www.ticketmaster.com/lincoln-theatre-tickets-washington/venue/172087
Tiana Major9 – November Scorpio Tour	Union Stage	Thursday, October 22, 2026	https://www.unionstagepresents.com/
The Airborne Toxic Event - The Way Home 20 Year Anniversary Tour	9:30 Club	Friday, October 23, 2026	http://www.930.com/#upcoming-shows-container
Røz Presents: Se Esta Haciendo Tarde, Røz	9:30 Club	Friday, October 23, 2026	http://www.930.com/#upcoming-shows-container
Helado Negro and Reyna Tropical present Helado Tropical	Black Cat	Friday, October 23, 2026	http://www.blackcatdc.com/schedule.html
Mike LeDonne's Groovers Quartet - Hammond B3 Week	Blues Alley	Friday, October 23, 2026	https://wl.seetickets.us/bluesalley
Toad the Wet Sprocket Rings: The Acoustic Tour	Capital One Hall	Friday, October 23, 2026	
Canabliss	Flash	Friday, October 23, 2026	http://www.flashdc.com/
Elizabeth Nichols - I Don't Kiss & Tell, I Kiss & Tour	Pearl Street Warehouse	Friday, October 23, 2026	http://www.pearlstreetwarehouse.com/
Porch Light - Hush Tour	The Atlantis	Friday, October 23, 2026	https://theatlantis.com/
David Cross	The Birchmere	Friday, October 23, 2026	http://www.birchmere.com/calendar/
Cavetown - Running With Scissors Tour	The Fillmore Silver Spring	Friday, October 23, 2026	http://www.fillmoresilverspring.com/
The Brothers Comatose with The Dirty Grass Players	The Hamilton	Friday, October 23, 2026	http://live.thehamiltondc.com/calendar/
Low Cut Connie, Brian Dunne	The Howard Theatre	Friday, October 23, 2026	https://www.thehowardtheatre.com/
Daniel Donato's Cosmic Country	The Lincoln Theatre	Friday, October 23, 2026	https://www.ticketmaster.com/lincoln-theatre-tickets-washington/venue/172087
Maddie Zahm - Everything All The Time Tour, Semler	Union Stage	Friday, October 23, 2026	https://www.unionstagepresents.com/
Paris Paloma: The Fatal Flaw Tour, Susannah Joffe	9:30 Club	Saturday, October 24, 2026	http://www.930.com/#upcoming-shows-container
Joey Alexander	Blues Alley	Saturday, October 24, 2026	https://wl.seetickets.us/bluesalley
¥øu$uk? ¥uk1mat$u: Autumn 2026 Tour	Echostage	Saturday, October 24, 2026	https://echostage.com/all-events/
My Favorite Highway, Jon Cresswell	Jammin Java	Saturday, October 24, 2026	http://jamminjava.com
Little Big Town - For The Art Of It Tour	MGM National Harbor	Saturday, October 24, 2026	https://www.mgmnationalharbor.com/en/entertainment/the-theater.html#/Entertainment%20Calendar
RAV, Teller Bank$, Fatboi Sharif	Pearl Street Warehouse	Saturday, October 24, 2026	http://www.pearlstreetwarehouse.com/
Niladri Kumaar, sitar	Sixth & I	Saturday, October 24, 2026	https://www.sixthandi.org/events/category/arts-entertainment/music/list/
Swapmeet	Songbyrd DC	Saturday, October 24, 2026	http://www.songbyrddc.com/events/
lilyisthatyou, James the Seventh	The Atlantis	Saturday, October 24, 2026	https://theatlantis.com/
Josh Ritter: A Book Of Gold Thrown Open	The Birchmere	Saturday, October 24, 2026	http://www.birchmere.com/calendar/
Periphery - A Pale White Dot Us Tour	The Fillmore Silver Spring	Saturday, October 24, 2026	http://www.fillmoresilverspring.com/
Phillip Phillips: Let’s Go Far Tour	The Hamilton	Saturday, October 24, 2026	http://live.thehamiltondc.com/calendar/
Daniel Donato's Cosmic Country	The Lincoln Theatre	Saturday, October 24, 2026	https://www.ticketmaster.com/lincoln-theatre-tickets-washington/venue/172087
Paris Paloma: The Fatal Flaw Tour, Susannah Joffe	9:30 Club	Sunday, October 25, 2026	http://www.930.com/#upcoming-shows-container
Joey Alexander	Blues Alley	Sunday, October 25, 2026	https://wl.seetickets.us/bluesalley
Rush: Fifty Something	Capital One Arena	Sunday, October 25, 2026	http://capitalonearena.monumentalsportsnetwork.com/events
Dewberry School of Music Faculty Artist Showcase Recital 2026	GMU Center For The Arts	Sunday, October 25, 2026	https://cfa.calendar.gmu.edu/series-music/
The Kennedys CD Release & Maura’s Birthday Party	Jammin Java	Sunday, October 25, 2026	http://jamminjava.com
Dent May	Pearl Street Warehouse	Sunday, October 25, 2026	http://www.pearlstreetwarehouse.com/
Renny Conti – Split Second Tour, James Eichman	Songbyrd DC	Sunday, October 25, 2026	http://www.songbyrddc.com/events/
Beck – Ride Lonesome Tour, Diana Silvers	The Anthem	Sunday, October 25, 2026	http://www.theanthemdc.com/calendar/
After	The Atlantis	Sunday, October 25, 2026	https://theatlantis.com/
Josh Ritter: A Book Of Gold Thrown Open	The Birchmere	Sunday, October 25, 2026	http://www.birchmere.com/calendar/
Arch Enemy & The Black Dahlia Murder - Wrath Across North America 2026	The Fillmore Silver Spring	Sunday, October 25, 2026	http://www.fillmoresilverspring.com/
Bettye LaVette	The Hamilton	Sunday, October 25, 2026	http://live.thehamiltondc.com/calendar/
Hey, Nothing ? The Hound Tour	9:30 Club	Monday, October 26, 2026	http://www.930.com/#upcoming-shows-container
Kw Big Band - Live Recording - Emerging Artist Mondays	Blues Alley	Monday, October 26, 2026	https://wl.seetickets.us/bluesalley
An Evening with Oz Noy Trio featuring Dave Weckl & Brian Charette	Jammin Java	Monday, October 26, 2026	http://jamminjava.com
Friko - Something Worth Waiting For: The Tour, Nine Perfect Lives	The Atlantis	Monday, October 26, 2026	https://theatlantis.com/
An Evening of Alton Brown	The Music Center at Strathmore	Monday, October 26, 2026	https://www.strathmore.org/calendar
Patrick Droney	9:30 Club	Tuesday, October 27, 2026	http://www.930.com/#upcoming-shows-container
Baby Blue Sound Collective -"Children's National Hospital Fundraiser"	Blues Alley	Tuesday, October 27, 2026	https://wl.seetickets.us/bluesalley
Rush: Fifty Something	Capital One Arena	Tuesday, October 27, 2026	http://capitalonearena.monumentalsportsnetwork.com/events
Sophie Truax, Sasha Cee	The Atlantis	Tuesday, October 27, 2026	https://theatlantis.com/
Emma Nissen	The Birchmere	Tuesday, October 27, 2026	http://www.birchmere.com/calendar/
Jenna Davis, Ava Liv Mabry	Union Stage	Tuesday, October 27, 2026	https://www.unionstagepresents.com/
Bruce Cockburn In Concert with special guest Livingston Taylor	Warner Theatre	Tuesday, October 27, 2026	http://www.warnertheatredc.com/
Sueco, Jeris Johnson	9:30 Club	Wednesday, October 28, 2026	http://www.930.com/#upcoming-shows-container
James Fernando Presents "New Music Releases"	Blues Alley	Wednesday, October 28, 2026	https://wl.seetickets.us/bluesalley
Doom Gong	Pearl Street Warehouse	Wednesday, October 28, 2026	http://www.pearlstreetwarehouse.com/
The Hails	The Atlantis	Wednesday, October 28, 2026	https://theatlantis.com/
An Evening with Acoustic Alchemy	The Birchmere	Wednesday, October 28, 2026	http://www.birchmere.com/calendar/
Movements - Happier Now Usa Tour	The Fillmore Silver Spring	Wednesday, October 28, 2026	http://www.fillmoresilverspring.com/
Joanne McNally - Pinotphile	The Howard Theatre	Wednesday, October 28, 2026	https://www.thehowardtheatre.com/
Dev Lemons - Eat The Pavement Tour	Union Stage	Wednesday, October 28, 2026	https://www.unionstagepresents.com/
Mico - Running From A Feeling Tour, Will Linley	9:30 Club	Thursday, October 29, 2026	http://www.930.com/#upcoming-shows-container
Baby Bugs, Elliot Lee	Jammin Java	Thursday, October 29, 2026	http://jamminjava.com
Luke Kidgell	Miracle Theatre	Thursday, October 29, 2026	https://themiracletheatre.com/event-category/live-events/
Dana and Alden - Papa's Boat Tour	The Atlantis	Thursday, October 29, 2026	https://theatlantis.com/
Boney James	The Birchmere	Thursday, October 29, 2026	http://www.birchmere.com/calendar/
Vince Staples - Cry Baby Tour	The Fillmore Silver Spring	Thursday, October 29, 2026	http://www.fillmoresilverspring.com/
Eivør	The Howard Theatre	Thursday, October 29, 2026	https://www.thehowardtheatre.com/
Afro-Cuban All Stars	The Music Center at Strathmore	Thursday, October 29, 2026	https://www.strathmore.org/calendar
Jukebox the Ghost: HalloQueen	9:30 Club	Friday, October 30, 2026	http://www.930.com/#upcoming-shows-container
Heavens To Betsy	Black Cat	Friday, October 30, 2026	http://www.blackcatdc.com/schedule.html
Wolf Trap Presents Art Garfunkel, What a Wonderful World Celebration Concerts	Capital One Hall	Friday, October 30, 2026	
Eli Brown - Panic Attack Tour	Echostage	Friday, October 30, 2026	https://echostage.com/all-events/
An Evening with Mike Dawes	Jammin Java	Friday, October 30, 2026	http://jamminjava.com
Charlie Wilson	MGM National Harbor	Friday, October 30, 2026	https://www.mgmnationalharbor.com/en/entertainment/the-theater.html#/Entertainment%20Calendar
Cb @ Starr Hill Tysons - BrewPub	Starr Hill Tysons	Friday, October 30, 2026	https://www.starrhilltysons.com/events
Hudson Westbrook, Kenny Whitmire, Ethan Burdick	The Anthem	Friday, October 30, 2026	http://www.theanthemdc.com/calendar/
Walter Beasley	The Birchmere	Friday, October 30, 2026	http://www.birchmere.com/calendar/
White Ford Bronco	The Hamilton	Friday, October 30, 2026	http://live.thehamiltondc.com/calendar/
Boy Harsher, True Blue, Kassie Krut	The Howard Theatre	Friday, October 30, 2026	https://www.thehowardtheatre.com/
Harbour	Union Stage	Friday, October 30, 2026	https://www.unionstagepresents.com/
The Army, The Navy: The Fake Brave Tour 2026, Ella Woolsey	9:30 Club	Saturday, October 31, 2026	http://www.930.com/#upcoming-shows-container
Holywatr: Deo Gratias Tour, Mercury	9:30 Club	Saturday, October 31, 2026	http://www.930.com/#upcoming-shows-container
John Summit - Ctrl Escape Arena Tour	Capital One Arena	Saturday, October 31, 2026	http://capitalonearena.monumentalsportsnetwork.com/events
Halloween Masquerade with Rocknoceros	Jammin Java	Saturday, October 31, 2026	http://jamminjava.com
The Speaks & Crash Boom Bang, Kill for Sushi	Jammin Java	Saturday, October 31, 2026	http://jamminjava.com
Blake Whiten, Slater Nalley	The Atlantis	Saturday, October 31, 2026	https://theatlantis.com/
Judah & The Lion	The Fillmore Silver Spring	Saturday, October 31, 2026	http://www.fillmoresilverspring.com/
Madds Buckley	Union Stage	Saturday, October 31, 2026	https://www.unionstagepresents.com/
She Wants Revenge, Rosegarden Funeral Party	9:30 Club	Sunday, November 1, 2026	http://www.930.com/#upcoming-shows-container
Stephen Philip Harvey Octet - Recording Release	Blues Alley	Sunday, November 1, 2026	https://wl.seetickets.us/bluesalley
The Nth Power	Jammin Java	Sunday, November 1, 2026	http://jamminjava.com
Undertale – The Determination Symphony World Tour, Undertale Symphony	The Anthem	Sunday, November 1, 2026	http://www.theanthemdc.com/calendar/
Dweezil Zappa Dz20: Like Father, Like Son	The Birchmere	Sunday, November 1, 2026	http://www.birchmere.com/calendar/
Eva Ayllon with special guest Daniela Darcourt, Daniela Darcourt	The Howard Theatre	Sunday, November 1, 2026	https://www.thehowardtheatre.com/
Music in the Mansion: Maryna Krut	The Music Center at Strathmore	Sunday, November 1, 2026	https://www.strathmore.org/calendar
Hovvdy, Christian Lee Hutson	9:30 Club	Monday, November 2, 2026	http://www.930.com/#upcoming-shows-container
Formosan Groove - Emerging Artist Mondays	Blues Alley	Monday, November 2, 2026	https://wl.seetickets.us/bluesalley
Frank Maza Featuring Javier Limon Present: Back Then., Javier Limón	Pearl Street Warehouse	Monday, November 2, 2026	http://www.pearlstreetwarehouse.com/
Jackie Evans	Songbyrd DC	Monday, November 2, 2026	http://www.songbyrddc.com/events/
Blondshell - Scaring Strangers Tour, Prewn	9:30 Club	Tuesday, November 3, 2026	http://www.930.com/#upcoming-shows-container
George Mason Jazz Faculty	Blues Alley	Tuesday, November 3, 2026	https://wl.seetickets.us/bluesalley
Francisca Valenzuela	The Atlantis	Tuesday, November 3, 2026	https://theatlantis.com/
Choir! Choir! Choir! Presents: Landslide: An Epic Fleetwood Mac Singalong!	The Birchmere	Tuesday, November 3, 2026	http://www.birchmere.com/calendar/
Silly Goose – The “Set It Off” Tour, Cheem, Muttlee	Union Stage	Tuesday, November 3, 2026	https://www.unionstagepresents.com/
Hot Club of San Francisco	Blues Alley	Wednesday, November 4, 2026	https://wl.seetickets.us/bluesalley
Jazz Workshop Concert: Fall 2026	GMU Center For The Arts	Wednesday, November 4, 2026	https://cfa.calendar.gmu.edu/series-music/
Rawayana - ¿Dónde es el after? World Tour	MGM National Harbor	Wednesday, November 4, 2026	https://www.mgmnationalharbor.com/en/entertainment/the-theater.html#/Entertainment%20Calendar
This Is Lorelei, @	The Atlantis	Wednesday, November 4, 2026	https://theatlantis.com/
Ashley Monroe & Charlie Worsham	The Birchmere	Wednesday, November 4, 2026	http://www.birchmere.com/calendar/
almost monday - Thank God It's Almost Monday Tour	The Fillmore Silver Spring	Wednesday, November 4, 2026	http://www.fillmoresilverspring.com/
Cem Adrian	Union Stage	Wednesday, November 4, 2026	https://www.unionstagepresents.com/
Jeremy Pelt	Blues Alley	Thursday, November 5, 2026	https://wl.seetickets.us/bluesalley
Josh Rouse	Jammin Java	Thursday, November 5, 2026	http://jamminjava.com
Allan Rayman - Hotel Allan - The 10 Year Anniversary Tour	Miracle Theatre	Thursday, November 5, 2026	https://themiracletheatre.com/event-category/live-events/
Bryan Andrews	Pearl Street Warehouse	Thursday, November 5, 2026	http://www.pearlstreetwarehouse.com/
Euge Groove	The Birchmere	Thursday, November 5, 2026	http://www.birchmere.com/calendar/
Music in the Mansion: Tapestry Vocal Ensemble	The Music Center at Strathmore	Thursday, November 5, 2026	https://www.strathmore.org/calendar
Jeremy Pelt	Blues Alley	Friday, November 6, 2026	https://wl.seetickets.us/bluesalley
Seth David, Superave., AG, Badtrip b2b Subsacred	Flash	Friday, November 6, 2026	http://www.flashdc.com/
Moonlight Booking Presents: Ricky's Birthday Fest VIII Day 2	Galactic Panther Art Gallery	Friday, November 6, 2026	https://www.eventbrite.com/o/galactic-panther-art-gallery-43341158153
Yana – The Feelings Are Forever Tour	Pearl Street Warehouse	Friday, November 6, 2026	http://www.pearlstreetwarehouse.com/
Geese – Getting Killed Again Tour, Gwenifer Raymond	The Anthem	Friday, November 6, 2026	http://www.theanthemdc.com/calendar/
Ethan Regan - Young Regan Tour, Lily Kershaw	The Atlantis	Friday, November 6, 2026	https://theatlantis.com/
SiM - Hooman World Tour	The Fillmore Silver Spring	Friday, November 6, 2026	http://www.fillmoresilverspring.com/
Strict Scrutiny: Live from DC	The Howard Theatre	Friday, November 6, 2026	https://www.thehowardtheatre.com/
The Longest Johns	The Lincoln Theatre	Friday, November 6, 2026	https://www.ticketmaster.com/lincoln-theatre-tickets-washington/venue/172087
Carsie Blanton, The Burning Hell	Union Stage	Friday, November 6, 2026	https://www.unionstagepresents.com/
Punch Brothers	Warner Theatre	Friday, November 6, 2026	http://www.warnertheatredc.com/
Hiss Golden Messenger - I'm People Tour, Sam Amidon	9:30 Club	Saturday, November 7, 2026	http://www.930.com/#upcoming-shows-container
Winyah, Foxtide	9:30 Club	Saturday, November 7, 2026	http://www.930.com/#upcoming-shows-container
George Clanton, Ryan Hemsworth	Black Cat	Saturday, November 7, 2026	http://www.blackcatdc.com/schedule.html
We Rock Cancer pres. Pat McGee Band, Freddy Jones Band, & Jackopierce	Capital One Hall	Saturday, November 7, 2026	
Orange Dog Club	Comet Ping Pong	Saturday, November 7, 2026	http://www.cometpingpong.com/livemusic/
Madeon presents Victory Live	Echostage	Saturday, November 7, 2026	https://echostage.com/all-events/
Basia Bulat	Pearl Street Warehouse	Saturday, November 7, 2026	http://www.pearlstreetwarehouse.com/
Natanya – The Attitude Tour	Songbyrd DC	Saturday, November 7, 2026	http://www.songbyrddc.com/events/
Michigander, Wildermiss	The Atlantis	Saturday, November 7, 2026	https://theatlantis.com/
Alter Bridge - What Lies Within Tour	The Fillmore Silver Spring	Saturday, November 7, 2026	http://www.fillmoresilverspring.com/
Scarface Birthday Concert Feat Devin The Dude, Devin the Dude	The Howard Theatre	Saturday, November 7, 2026	https://www.thehowardtheatre.com/
The Innocence Mission	Union Stage	Saturday, November 7, 2026	https://www.unionstagepresents.com/
Mountain Grass Unit - Appalachian Smoke Tour	9:30 Club	Sunday, November 8, 2026	http://www.930.com/#upcoming-shows-container
lighthearted, Kate Stephenson	Comet Ping Pong	Sunday, November 8, 2026	http://www.cometpingpong.com/livemusic/
Lime Garden	Songbyrd DC	Sunday, November 8, 2026	http://www.songbyrddc.com/events/
Jake Shimabukuro	The Birchmere	Sunday, November 8, 2026	http://www.birchmere.com/calendar/
Microwave, Free Throw	The Fillmore Silver Spring	Sunday, November 8, 2026	http://www.fillmoresilverspring.com/
Akeem Ali The Texture Tour	The Howard Theatre	Sunday, November 8, 2026	https://www.thehowardtheatre.com/
Las Migas	The Music Center at Strathmore	Sunday, November 8, 2026	https://www.strathmore.org/calendar
Teen Jesus and the Jean Teasers	Union Stage	Sunday, November 8, 2026	https://www.unionstagepresents.com/
Slow Pulp, Her New Knife	9:30 Club	Monday, November 9, 2026	http://www.930.com/#upcoming-shows-container
Ronny Smith - Recording Release - Emerging Artist Mondays	Blues Alley	Monday, November 9, 2026	https://wl.seetickets.us/bluesalley
The Tubs, Slippers	Songbyrd DC	Monday, November 9, 2026	http://www.songbyrddc.com/events/
Shyne: 2622 Lgnd Tour with Barrington Levy and Lil' Cease	Warner Theatre	Monday, November 9, 2026	http://www.warnertheatredc.com/
Deerhoof, That This, Jacky Cougar & The Vampyres From Africa	Black Cat	Tuesday, November 10, 2026	http://www.blackcatdc.com/schedule.html
Sombr - You Are The Reason Tour	Capital One Arena	Tuesday, November 10, 2026	http://capitalonearena.monumentalsportsnetwork.com/events
Aaron Lee Tasjan, Madeleine Kelson	Songbyrd DC	Tuesday, November 10, 2026	http://www.songbyrddc.com/events/
Dan Whitlam	The Atlantis	Tuesday, November 10, 2026	https://theatlantis.com/
Trivium: Crown In The Grave World Tour	The Fillmore Silver Spring	Tuesday, November 10, 2026	http://www.fillmoresilverspring.com/
New Constellations: It Comes In Waves Tour	The Howard Theatre	Tuesday, November 10, 2026	https://www.thehowardtheatre.com/
Julia Jacklin - North America Tour 2026	The Lincoln Theatre	Tuesday, November 10, 2026	https://www.ticketmaster.com/lincoln-theatre-tickets-washington/venue/172087
Amble, Vincent Lima	9:30 Club	Wednesday, November 11, 2026	http://www.930.com/#upcoming-shows-container
Adult., A Place To Bury Strangers, VOSH	Black Cat	Wednesday, November 11, 2026	http://www.blackcatdc.com/schedule.html
The Over Caffeinated & Under Stimulated Tour, Eddie And The Getaway	Pearl Street Warehouse	Wednesday, November 11, 2026	http://www.pearlstreetwarehouse.com/
Freak Slug	The Atlantis	Wednesday, November 11, 2026	https://theatlantis.com/
The Blasting Company plays Over The Garden Wall	The Howard Theatre	Wednesday, November 11, 2026	https://www.thehowardtheatre.com/
Boston Manor, Ben Quad, Spaced	Union Stage	Wednesday, November 11, 2026	https://www.unionstagepresents.com/
Rocky in Concert	Warner Theatre	Wednesday, November 11, 2026	http://www.warnertheatredc.com/
Sammy Rae & The Friends, Melt	9:30 Club	Thursday, November 12, 2026	http://www.930.com/#upcoming-shows-container
Chat Pile, Who Loves The Sun Tour 2026, Soul Glo, Shallowater	Black Cat	Thursday, November 12, 2026	http://www.blackcatdc.com/schedule.html
Maya de Vitry	Jammin Java	Thursday, November 12, 2026	http://jamminjava.com
Jessica Lea Mayfield, Rachel Bobbitt	Songbyrd DC	Thursday, November 12, 2026	http://www.songbyrddc.com/events/
Marty Stuart And His Fabulous Superlatives	The Birchmere	Thursday, November 12, 2026	http://www.birchmere.com/calendar/
Willi Carlisle - The Universal Bubba Tour, Sparrow Smith & the Resonant Rogues	Union Stage	Thursday, November 12, 2026	https://www.unionstagepresents.com/
Sammy Rae & The Friends, Melt	9:30 Club	Friday, November 13, 2026	http://www.930.com/#upcoming-shows-container
Strawberry Guy	9:30 Club	Friday, November 13, 2026	http://www.930.com/#upcoming-shows-container
Protomartyr, J.r.c.g.	Black Cat	Friday, November 13, 2026	http://www.blackcatdc.com/schedule.html
Radiator Hospital, Noun	Comet Ping Pong	Friday, November 13, 2026	http://www.cometpingpong.com/livemusic/
Jazz4Justice™ 25th Anniversary Concert	GMU Center For The Arts	Friday, November 13, 2026	https://cfa.calendar.gmu.edu/series-music/
Charlie Parr	Jammin Java	Friday, November 13, 2026	http://jamminjava.com
Air Supply - A Matter of Time Tour	MGM National Harbor	Friday, November 13, 2026	https://www.mgmnationalharbor.com/en/entertainment/the-theater.html#/Entertainment%20Calendar
Sarah Hester Ross: Serving	Miracle Theatre	Friday, November 13, 2026	https://themiracletheatre.com/event-category/live-events/
Aj Lee & Blue Summit, The Cody Sisters	Pearl Street Warehouse	Friday, November 13, 2026	http://www.pearlstreetwarehouse.com/
Geese – Getting Killed Again Tour, Gwenifer Raymond	The Anthem	Friday, November 13, 2026	http://www.theanthemdc.com/calendar/
Red Leather - Tahoe Tour	The Atlantis	Friday, November 13, 2026	https://theatlantis.com/
Chanté Moore	The Birchmere	Friday, November 13, 2026	http://www.birchmere.com/calendar/
Joy Oladokun: The Heavy Things Tour	The Howard Theatre	Friday, November 13, 2026	https://www.thehowardtheatre.com/
Sweeping Promises, Clear Channel	Union Stage	Friday, November 13, 2026	https://www.unionstagepresents.com/
Sammy Rae & The Friends, Melt	9:30 Club	Saturday, November 14, 2026	http://www.930.com/#upcoming-shows-container
Fruit Bats, Sarah Klang	9:30 Club	Saturday, November 14, 2026	http://www.930.com/#upcoming-shows-container
Bloom at Good Hope—Ellington Carthan	Good Hope Neighborhood Recreation Center	Saturday, November 14, 2026	
First to Eleven	Jammin Java	Saturday, November 14, 2026	http://jamminjava.com
Lee Bains III	Quarry House Tavern	Saturday, November 14, 2026	https://www.quarryhousetavern.com/music
Minsoo Sohn, piano	Sixth & I	Saturday, November 14, 2026	https://www.sixthandi.org/events/category/arts-entertainment/music/list/
The Wldlfe	Songbyrd DC	Saturday, November 14, 2026	http://www.songbyrddc.com/events/
Bedouine, Other Delights	The Atlantis	Saturday, November 14, 2026	https://theatlantis.com/
Chanté Moore	The Birchmere	Saturday, November 14, 2026	http://www.birchmere.com/calendar/
Ax and the Hatchetmen: The Late Checkout Tour 2026, John Robert	The Howard Theatre	Saturday, November 14, 2026	https://www.thehowardtheatre.com/
Giant Rooks	9:30 Club	Sunday, November 15, 2026	http://www.930.com/#upcoming-shows-container
Beartooth: Pure Ecstasy World Tour	MGM National Harbor	Sunday, November 15, 2026	https://www.mgmnationalharbor.com/en/entertainment/the-theater.html#/Entertainment%20Calendar
Gilla Band, Annie-Claude Deschênes	The Atlantis	Sunday, November 15, 2026	https://theatlantis.com/
Hiroshima	The Birchmere	Sunday, November 15, 2026	http://www.birchmere.com/calendar/
Madre Cumbia - Los Gaiteros de San Jacinto con Fruko y Carmelo Torres	Union Stage	Sunday, November 15, 2026	https://www.unionstagepresents.com/
Jalen Ngonda: Doctrine of Love Tour, Brooke Combe	9:30 Club	Monday, November 16, 2026	http://www.930.com/#upcoming-shows-container
Mason Jazz Vocal Night: Fall 2026	GMU Center For The Arts	Monday, November 16, 2026	https://cfa.calendar.gmu.edu/series-music/
Gregory Porter – DC Jazz Festival Benefit Concert, A Night of Stars	The Anthem	Monday, November 16, 2026	http://www.theanthemdc.com/calendar/
Greg Freeman, Robber Robber	The Atlantis	Monday, November 16, 2026	https://theatlantis.com/
Love Actually Live in Concert	Warner Theatre	Monday, November 16, 2026	http://www.warnertheatredc.com/
Die Spitz, Faetooth	9:30 Club	Tuesday, November 17, 2026	http://www.930.com/#upcoming-shows-container
Ho99o9, N8noface, Sincerely___ The Void, w/ Slay Squad	Black Cat	Tuesday, November 17, 2026	http://www.blackcatdc.com/schedule.html
Disney Descendants, Zombies & Camp Rock: Worlds Collide Concert Tour	Capital One Arena	Tuesday, November 17, 2026	http://capitalonearena.monumentalsportsnetwork.com/events
j ember, That Graduate	Pearl Street Warehouse	Tuesday, November 17, 2026	http://www.pearlstreetwarehouse.com/
Twenty Years Of We Are Scientists: Celebrating The 20th Anniversary Of “With Love And Squalor”	Songbyrd DC	Tuesday, November 17, 2026	http://www.songbyrddc.com/events/
Donny Benét	The Atlantis	Tuesday, November 17, 2026	https://theatlantis.com/
Judy Collins: Sweet Judy Blue Eyes – Farewell Tour with Oakland Rain	The Birchmere	Tuesday, November 17, 2026	http://www.birchmere.com/calendar/
The Pineapple Thief Far and Wide Tour 2026	The Howard Theatre	Tuesday, November 17, 2026	https://www.thehowardtheatre.com/
Sleep: North America 2026	The Lincoln Theatre	Tuesday, November 17, 2026	https://www.ticketmaster.com/lincoln-theatre-tickets-washington/venue/172087
Big Head Todd and The Monsters	The Music Center at Strathmore	Tuesday, November 17, 2026	https://www.strathmore.org/calendar
The Bends – If You Insist Tour, Common People	Union Stage	Tuesday, November 17, 2026	https://www.unionstagepresents.com/
Matt Hansen - The Orchid Tour	9:30 Club	Wednesday, November 18, 2026	http://www.930.com/#upcoming-shows-container
David W. Chappell's "Birthday Celebration"	Blues Alley	Wednesday, November 18, 2026	https://wl.seetickets.us/bluesalley
Francis of Delirium	Pearl Street Warehouse	Wednesday, November 18, 2026	http://www.pearlstreetwarehouse.com/
Bailen - Swim!!! At Your Own Risk Tour	The Atlantis	Wednesday, November 18, 2026	https://theatlantis.com/
Judy Collins: Sweet Judy Blue Eyes – Farewell Tour with Oakland Rain	The Birchmere	Wednesday, November 18, 2026	http://www.birchmere.com/calendar/
Yaelokre, Ben Caplan	The Howard Theatre	Wednesday, November 18, 2026	https://www.thehowardtheatre.com/
Bill Murray & His Blood Brothers	Warner Theatre	Wednesday, November 18, 2026	http://www.warnertheatredc.com/
They Might Be Giants	9:30 Club	Thursday, November 19, 2026	http://www.930.com/#upcoming-shows-container
Anetha (Mama Told Ya | Paris)	Flash	Thursday, November 19, 2026	http://www.flashdc.com/
Paula Cole This Fire: 30, Rett Madison	Miracle Theatre	Thursday, November 19, 2026	https://themiracletheatre.com/event-category/live-events/
Blitzkid	Pearl Street Warehouse	Thursday, November 19, 2026	http://www.pearlstreetwarehouse.com/
Aga Khan Master Musicians	Sixth & I	Thursday, November 19, 2026	https://www.sixthandi.org/events/category/arts-entertainment/music/list/
Stella Lefty: Lefty Live	The Atlantis	Thursday, November 19, 2026	https://theatlantis.com/
Jesse Cook	The Birchmere	Thursday, November 19, 2026	http://www.birchmere.com/calendar/
Gene	The Howard Theatre	Thursday, November 19, 2026	https://www.thehowardtheatre.com/
They Might Be Giants	9:30 Club	Friday, November 20, 2026	http://www.930.com/#upcoming-shows-container
Ruben Studdard	Blues Alley	Friday, November 20, 2026	https://wl.seetickets.us/bluesalley
Full Moon Fever: A Tom Petty Tribute	Capital One Hall	Friday, November 20, 2026	
for King + Country: A Drummer Boy Christmas	EagleBank Arena	Friday, November 20, 2026	https://www.eaglebankarena.com/events
Palace – Usa & Canada Tour, Willie J Healey	The Anthem	Friday, November 20, 2026	http://www.theanthemdc.com/calendar/
Trae Crowder	The Birchmere	Friday, November 20, 2026	http://www.birchmere.com/calendar/
The Breaks	The Hamilton	Friday, November 20, 2026	http://live.thehamiltondc.com/calendar/
caroline	The Howard Theatre	Friday, November 20, 2026	https://www.thehowardtheatre.com/
They Might Be Giants	9:30 Club	Saturday, November 21, 2026	http://www.930.com/#upcoming-shows-container
Ruben Studdard	Blues Alley	Saturday, November 21, 2026	https://wl.seetickets.us/bluesalley
Doja Cat - Tour Ma Vie World Tour	Capital One Arena	Saturday, November 21, 2026	http://capitalonearena.monumentalsportsnetwork.com/events
Gauri B: Years In The Breaking	Miracle Theatre	Saturday, November 21, 2026	https://themiracletheatre.com/event-category/live-events/
Fruition	Pearl Street Warehouse	Saturday, November 21, 2026	http://www.pearlstreetwarehouse.com/
Dave Hause & The Mermaid	Songbyrd DC	Saturday, November 21, 2026	http://www.songbyrddc.com/events/
Dark Star Orchestra – Celebrating 45 Years of Reckoning	The Anthem	Saturday, November 21, 2026	http://www.theanthemdc.com/calendar/
Trae Crowder	The Birchmere	Saturday, November 21, 2026	http://www.birchmere.com/calendar/
Vienna Teng	The Hamilton	Saturday, November 21, 2026	http://live.thehamiltondc.com/calendar/
Nacho Redondo: Terapia de Grupo	The Howard Theatre	Saturday, November 21, 2026	https://www.thehowardtheatre.com/
Terence Blanchard & Ravi Coltrane	The Music Center at Strathmore	Saturday, November 21, 2026	https://www.strathmore.org/calendar
Liana Flores, Allie Sandt	Union Stage	Saturday, November 21, 2026	https://www.unionstagepresents.com/
They Might Be Giants	9:30 Club	Sunday, November 22, 2026	http://www.930.com/#upcoming-shows-container
Ruben Studdard	Blues Alley	Sunday, November 22, 2026	https://wl.seetickets.us/bluesalley
Mannheim Steamroller	MGM National Harbor	Sunday, November 22, 2026	https://www.mgmnationalharbor.com/en/entertainment/the-theater.html#/Entertainment%20Calendar
West 22nd: Places To Be	The Atlantis	Sunday, November 22, 2026	https://theatlantis.com/
Marshall Crenshaw with Sarah Borges & Eric Ambel	The Birchmere	Sunday, November 22, 2026	http://www.birchmere.com/calendar/
Music in the Mansion: Germán López	The Music Center at Strathmore	Sunday, November 22, 2026	https://www.strathmore.org/calendar
Colby Acuff	Union Stage	Sunday, November 22, 2026	https://www.unionstagepresents.com/
Ghostwoman, Croaker	Pearl Street Warehouse	Monday, November 23, 2026	http://www.pearlstreetwarehouse.com/
Tiny Habits - The Keepers Tour	The Atlantis	Tuesday, November 24, 2026	https://theatlantis.com/
emmet swimming + Dillon Fence	9:30 Club	Wednesday, November 25, 2026	http://www.930.com/#upcoming-shows-container
Virginia Coalition	The Atlantis	Wednesday, November 25, 2026	https://theatlantis.com/
Los Tucanes De Tijuana	EagleBank Arena	Friday, November 27, 2026	https://www.eaglebankarena.com/events
Crazy Chester - A Very Carrboro Tribute To The Band & The Last Waltz 50th Anniversary Tour, Jp Hudson	Jammin Java	Friday, November 27, 2026	http://jamminjava.com
The Seldom Scene & Dry Branch Fire Squad	The Birchmere	Friday, November 27, 2026	http://www.birchmere.com/calendar/
Canadian Brass	GMU Center For The Arts	Saturday, November 28, 2026	https://cfa.calendar.gmu.edu/series-music/
The Manhattans Featuring Gerald Alston	The Birchmere	Saturday, November 28, 2026	http://www.birchmere.com/calendar/
Yuki Chiba - First North America Headline Tour	Union Stage	Monday, November 30, 2026	https://www.unionstagepresents.com/
Hank Azaria & The Ez Street Band	The Atlantis	Tuesday, December 1, 2026	https://theatlantis.com/
Cherish the Ladies: Celtic Christmas	The Music Center at Strathmore	Tuesday, December 1, 2026	https://www.strathmore.org/calendar
Tyla	The Anthem	Wednesday, December 2, 2026	http://www.theanthemdc.com/calendar/
nimino: keep me awake tour	9:30 Club	Thursday, December 3, 2026	http://www.930.com/#upcoming-shows-container
Mason Bands Concert: Vivo (2026)	GMU Center For The Arts	Thursday, December 3, 2026	https://cfa.calendar.gmu.edu/series-music/
Voctave: It Feels Like Christmas	The Music Center at Strathmore	Thursday, December 3, 2026	https://www.strathmore.org/calendar
Temples: The Bliss Tour, GIFT	The Atlantis	Friday, December 4, 2026	https://theatlantis.com/
Chris Botti	The Birchmere	Friday, December 4, 2026	http://www.birchmere.com/calendar/
Juice	The Atlantis	Saturday, December 5, 2026	https://theatlantis.com/
Chris Botti	The Birchmere	Saturday, December 5, 2026	http://www.birchmere.com/calendar/
Death From Above 1979, Wine Lips	The Howard Theatre	Saturday, December 5, 2026	https://www.thehowardtheatre.com/
Leslie Odom, Jr. The Christmas Tour 2026	The Music Center at Strathmore	Saturday, December 5, 2026	https://www.strathmore.org/calendar
Kyle Gordon	Union Stage	Saturday, December 5, 2026	https://www.unionstagepresents.com/
Mason Symphony Orchestra & Choirs Winter Festival 2026	GMU Center For The Arts	Sunday, December 6, 2026	https://cfa.calendar.gmu.edu/series-music/
Sabaton: Legends on Tour	MGM National Harbor	Sunday, December 6, 2026	https://www.mgmnationalharbor.com/en/entertainment/the-theater.html#/Entertainment%20Calendar
The String Queens	The Birchmere	Sunday, December 6, 2026	http://www.birchmere.com/calendar/
Shaun Cassidy - Unwrapped: Songs & Stories For The Holidays	The Lincoln Theatre	Sunday, December 6, 2026	https://www.ticketmaster.com/lincoln-theatre-tickets-washington/venue/172087
Eddie 9v	Union Stage	Sunday, December 6, 2026	https://www.unionstagepresents.com/
GWAR, Midnight, Mac Sabbath, X-Cops	9:30 Club	Tuesday, December 8, 2026	http://www.930.com/#upcoming-shows-container
Emma Ruth Rundle, Cinder Well	Black Cat	Tuesday, December 8, 2026	http://www.blackcatdc.com/schedule.html
Squirrel Nut Zippers Christmas Caravan Tour	9:30 Club	Wednesday, December 9, 2026	http://www.930.com/#upcoming-shows-container
Friendship, Charlotte Cornfield	Black Cat	Wednesday, December 9, 2026	http://www.blackcatdc.com/schedule.html
Dave Koz & Friends Christmas Tour 2026	The Music Center at Strathmore	Wednesday, December 9, 2026	https://www.strathmore.org/calendar
Pink Martini All-Stars Present: A Season of Stars	GMU Center For The Arts	Thursday, December 10, 2026	https://cfa.calendar.gmu.edu/series-music/
Wild Pink, Hiding Places	Songbyrd DC	Thursday, December 10, 2026	http://www.songbyrddc.com/events/
Music in the Mansion: inti figgis-vizueta’s Music for Transitions	The Music Center at Strathmore	Thursday, December 10, 2026	https://www.strathmore.org/calendar
The Bouncing Souls, The Suicide Machines, The Flatliners, The Jack Knives	Black Cat	Friday, December 11, 2026	http://www.blackcatdc.com/schedule.html
Bill Kirchen	Jammin Java	Friday, December 11, 2026	http://jamminjava.com
Octave Cat	Pearl Street Warehouse	Friday, December 11, 2026	http://www.pearlstreetwarehouse.com/
Margaret Glaspy - The I Am Both Tour	The Atlantis	Friday, December 11, 2026	https://theatlantis.com/
Miniature Tigers	Black Cat	Saturday, December 12, 2026	http://www.blackcatdc.com/schedule.html
Daily Bread - Vanishing Point Tour	Echostage	Saturday, December 12, 2026	https://echostage.com/all-events/
Bloom at Good Hope — Elijah Balbed and the JoGo Project	Good Hope Neighborhood Recreation Center	Saturday, December 12, 2026	
Joe Jordan	Jammin Java	Saturday, December 12, 2026	http://jamminjava.com
Weird Phishes	Pearl Street Warehouse	Saturday, December 12, 2026	http://www.pearlstreetwarehouse.com/
A Very Maysa Christmas	The Birchmere	Saturday, December 12, 2026	http://www.birchmere.com/calendar/
The Tenors: Season of Hope Tour	The Music Center at Strathmore	Saturday, December 12, 2026	https://www.strathmore.org/calendar
An Evening with Caleb Caudle & The Sweet Critters	Jammin Java	Sunday, December 13, 2026	http://jamminjava.com
Michael W. Smith Every Christmas Tour	Capital One Hall	Monday, December 14, 2026	
King Buffalo	Black Cat	Thursday, December 17, 2026	http://www.blackcatdc.com/schedule.html
Angela Autumn	Songbyrd DC	Thursday, December 17, 2026	http://www.songbyrddc.com/events/
Dos Santos	Jammin Java	Friday, December 18, 2026	http://jamminjava.com
Sammy Obeid	The Howard Theatre	Friday, December 18, 2026	https://www.thehowardtheatre.com/
Strathmore Jazz Orchestra Christmas	The Music Center at Strathmore	Friday, December 18, 2026	https://www.strathmore.org/calendar
John Violinist Live!	The Birchmere	Saturday, December 19, 2026	http://www.birchmere.com/calendar/
Luther Relives “Holiday Show” Featuring William “Smooth” Wardlaw	The Birchmere	Sunday, December 20, 2026	http://www.birchmere.com/calendar/
A Christmas Brass Spectacular! With The Capitol Bones All-brass Big Band With Lena Seikaly	The Birchmere	Monday, December 21, 2026	http://www.birchmere.com/calendar/
Tarsha Fitzgerald Presents: Voices Of Motown Christmas Show	The Birchmere	Saturday, December 26, 2026	http://www.birchmere.com/calendar/
Bela Dona Band	The Birchmere	Sunday, December 27, 2026	http://www.birchmere.com/calendar/
Anna Von Hausswolff	Union Stage	Thursday, January 21, 2027	https://www.unionstagepresents.com/
Keyboard Conversations® with Jeffrey Siegel: The Brahms I Love	GMU Center For The Arts	Sunday, January 24, 2027	https://cfa.calendar.gmu.edu/series-music/
DakhaBrakha	The Music Center at Strathmore	Sunday, January 24, 2027	https://www.strathmore.org/calendar
National Symphony Orchestra of Ukraine	GMU Center For The Arts	Sunday, January 31, 2027	https://cfa.calendar.gmu.edu/series-music/
Third Coast Percussion	GMU Center For The Arts	Saturday, February 6, 2027	https://cfa.calendar.gmu.edu/series-music/
French 79 - Close To The Giants	The Howard Theatre	Saturday, February 6, 2027	https://www.thehowardtheatre.com/
Music in the Mansion: CelloGayageum	The Music Center at Strathmore	Sunday, February 7, 2027	https://www.strathmore.org/calendar
Ibeyi	9:30 Club	Monday, February 8, 2027	http://www.930.com/#upcoming-shows-container
Music in the Mansion: Titilayo Ayangade and Edwin Kaplan	The Music Center at Strathmore	Thursday, February 11, 2027	https://www.strathmore.org/calendar
Seth Parker Woods, cello, and Conor Hanick, piano	Sixth & I	Thursday, February 18, 2027	https://www.sixthandi.org/events/category/arts-entertainment/music/list/
Music in the Mansion: Argus Quartet	The Music Center at Strathmore	Thursday, February 18, 2027	https://www.strathmore.org/calendar
The Legend Of Korra In Concert	Capital One Hall	Friday, February 19, 2027	
Vansire	The Atlantis	Friday, February 19, 2027	https://theatlantis.com/
Music in the Mansion: Allison Miller’s Boom Tic Boom	The Music Center at Strathmore	Sunday, February 21, 2027	https://www.strathmore.org/calendar
Mason Jazz Ensemble Concert: Centennial Celebration: Stan Getz and Gerry Mulligan at 100	GMU Center For The Arts	Tuesday, February 23, 2027	https://cfa.calendar.gmu.edu/series-music/
Dan and Peggy Reeder	Union Stage	Tuesday, February 23, 2027	https://www.unionstagepresents.com/
Balourdet Quartet	Sixth & I	Saturday, February 27, 2027	https://www.sixthandi.org/events/category/arts-entertainment/music/list/
Mason Symphony Orchestra and Concerto Competition Winners Concert: Symphonic Reflections (2027)	GMU Center For The Arts	Monday, March 1, 2027	https://cfa.calendar.gmu.edu/series-music/
University Chamber Singers Concert: Where Light Begins: A Choral Meditation on Creation University Chamber Singers Conce	GMU Center For The Arts	Tuesday, March 2, 2027	https://cfa.calendar.gmu.edu/series-music/
Gracie Abrams: The Look at My Life Tour presented by Capital One	Capital One Arena	Thursday, March 4, 2027	http://capitalonearena.monumentalsportsnetwork.com/events
Mason Bands Concert: Hold Fast To Dreams (2027)	GMU Center For The Arts	Thursday, March 4, 2027	https://cfa.calendar.gmu.edu/series-music/
Music in the Mansion: Yaël Weiss	The Music Center at Strathmore	Thursday, March 4, 2027	https://www.strathmore.org/calendar
Gracie Abrams: The Look at My Life Tour presented by Capital One	Capital One Arena	Friday, March 5, 2027	http://capitalonearena.monumentalsportsnetwork.com/events
Matthew Whitaker’s Uplift!	The Music Center at Strathmore	Saturday, March 6, 2027	https://www.strathmore.org/calendar
Music in the Mansion: Viva Brasil	The Music Center at Strathmore	Sunday, March 7, 2027	https://www.strathmore.org/calendar
Kodo One Earth Tour 2027: Luminance	The Music Center at Strathmore	Thursday, March 18, 2027	https://www.strathmore.org/calendar
Virginia Opera: Turandot	GMU Center For The Arts	Saturday, March 20, 2027	https://cfa.calendar.gmu.edu/series-music/
The Nields	Jammin Java	Saturday, March 20, 2027	http://jamminjava.com
Virginia Opera: Turandot	GMU Center For The Arts	Sunday, March 21, 2027	https://cfa.calendar.gmu.edu/series-music/
Music in the Mansion: Jason Vieaux & Eunice Kim	The Music Center at Strathmore	Thursday, March 25, 2027	https://www.strathmore.org/calendar
Sona Jobarteh	The Music Center at Strathmore	Friday, March 26, 2027	https://www.strathmore.org/calendar
Metropolitan Jazz Orchestra: The Divas of Cool	GMU Center For The Arts	Saturday, March 27, 2027	https://cfa.calendar.gmu.edu/series-music/
Jazz Big Band Showdown: Spring 2027	GMU Center For The Arts	Monday, March 29, 2027	https://cfa.calendar.gmu.edu/series-music/
Broadway Showcase: Legends and Legacies: George Mason University Chorale Annual Broadway Showcase	GMU Center For The Arts	Friday, April 2, 2027	https://cfa.calendar.gmu.edu/series-music/
Morat Yem World Tour 2027	EagleBank Arena	Saturday, April 3, 2027	https://www.eaglebankarena.com/events
Broadway Showcase: Legends and Legacies: George Mason University Chorale Annual Broadway Showcase	GMU Center For The Arts	Saturday, April 3, 2027	https://cfa.calendar.gmu.edu/series-music/
Anthony “Tony” Walker, Friends, DC Icons	Sixth & I	Saturday, April 3, 2027	https://www.sixthandi.org/events/category/arts-entertainment/music/list/
Keyboard Conversations® with Jeffrey Siegel: Virtuoso Variations	GMU Center For The Arts	Sunday, April 4, 2027	https://cfa.calendar.gmu.edu/series-music/
Jazz Workshop Concert: Spring 2027	GMU Center For The Arts	Wednesday, April 7, 2027	https://cfa.calendar.gmu.edu/series-music/
Stanley Clarke and Hiromi: Music of Chick Corea and Beyond	The Music Center at Strathmore	Thursday, April 8, 2027	https://www.strathmore.org/calendar
Silkroad Ensemble featuring Cécile McLorin Salvant	GMU Center For The Arts	Saturday, April 10, 2027	https://cfa.calendar.gmu.edu/series-music/
Music in the Mansion: Fabiana Cozza	The Music Center at Strathmore	Sunday, April 11, 2027	https://www.strathmore.org/calendar
Mason Jazz Vocal Night: Spring 2027	GMU Center For The Arts	Monday, April 12, 2027	https://cfa.calendar.gmu.edu/series-music/
Music in the Mansion: Trio Karénine	The Music Center at Strathmore	Thursday, April 15, 2027	https://www.strathmore.org/calendar
Fairfax Symphony Orchestra with Itzhak Perlman	GMU Center For The Arts	Saturday, April 17, 2027	https://cfa.calendar.gmu.edu/series-music/
Music in the Mansion: Maximilian Jacobs: Chamber Symphony for Jazz Octet	The Music Center at Strathmore	Sunday, April 18, 2027	https://www.strathmore.org/calendar
Mason Bands and Choirs Concert*Mason Bands and Choirs Concert: Picture This... (2027)	GMU Center For The Arts	Tuesday, April 20, 2027	https://cfa.calendar.gmu.edu/series-music/
Foy Vance - The Wake World Tour	The Howard Theatre	Saturday, April 24, 2027	https://www.thehowardtheatre.com/
Angélique Kidjo	GMU Center For The Arts	Sunday, April 25, 2027	https://cfa.calendar.gmu.edu/series-music/
Mason Symphony Orchestra and Concerto Competition Winners Concert: Festive Finale (2027)	GMU Center For The Arts	Sunday, May 2, 2027	https://cfa.calendar.gmu.edu/series-music/
Adrenalize - The Ultimate Def Leppard Experience	The State Theatre	Friday, May 7, 2027	http://www.thestatetheatre.com/events/upcoming_events.xml
Dewberry School of Music Honors Recital 2027	GMU Center For The Arts	Saturday, May 8, 2027	https://cfa.calendar.gmu.edu/series-music/
Music in the Mansion: Imam Collective	The Music Center at Strathmore	Sunday, May 9, 2027	https://www.strathmore.org/calendar
The Jazz at Lincoln Center Orchestra with Wynton Marsalis	The Music Center at Strathmore	Tuesday, May 11, 2027	https://www.strathmore.org/calendar
The Jazz at Lincoln Center Orchestra with Wynton Marsalis	The Music Center at Strathmore	Thursday, May 13, 2027	https://www.strathmore.org/calendar
Paul Huang, violin, Anne-Marie McDermott, piano, Jose Franch-Ballester, clarinet, and Clive Greensmith, cello	Sixth & I	Saturday, May 15, 2027	https://www.sixthandi.org/events/category/arts-entertainment/music/list/
The Airborne Toxic Event - The Way Home 20 Year Anniversary Tour	9:30 Club	Thursday, May 20, 2027	http://www.930.com/#upcoming-shows-container
Music in the Mansion: Ryan Montbleau	The Music Center at Strathmore	Thursday, May 20, 2027	https://www.strathmore.org/calendar
Kim Richey with Special Guest Caroline Spence, Caroline Spence	Jammin Java	Thursday, June 3, 2027	http://jamminjava.com
Fkj – Tyber Tour	The Anthem	Monday, June 7, 2027	http://www.theanthemdc.com/calendar/
Music in the Mansion: Ellen Gira and Friends	The Music Center at Strathmore	Sunday, June 20, 2027	https://www.strathmore.org/calendar
Attack on Titan - Symphony from Paradis	Capital One Hall	Thursday, July 15, 2027	
Attack on Titan - Symphony from Paradis	Capital One Hall	Friday, July 16, 2027	
