Artist	Venue	Date	Venue URL
Joe Stone	1919	Friday, September 25, 2026	
Haute & Freddy's Big Disgrace Tour	9:30 Club	Friday, September 25, 2026	http://www.930.com/#upcoming-shows-container
Earlybirds Club	9:30 Club	Friday, September 25, 2026	http://www.930.com/#upcoming-shows-container
DCbs 4th Friday Happy Hour ☆ Pepper Featuring Jesi Terrell	American Legion Post 41	Friday, September 25, 2026	
Jonathan Scales Fourchestra Encore Performance	An Die Musik	Friday, September 25, 2026	http://andiemusiklive.com/events/
Deltron 3030, Kid Koala, Kylearapps	Baltimore Soundstage	Friday, September 25, 2026	http://www.baltimoresoundstage.com/listing/
Acoustic Fridays at Bird in Hand	Bird in Hand Charles Village	Friday, September 25, 2026	
The Matches, Decomposer 20 Years Later, Crooked Teeth	Black Cat	Friday, September 25, 2026	http://www.blackcatdc.com/schedule.html
Dani Cortaza Quartet - Argentinian Jazz Series	Blues Alley	Friday, September 25, 2026	https://wl.seetickets.us/bluesalley
Alfredo Mojica Group	Bossa Bistro	Friday, September 25, 2026	http://bossadc.com/events/
Brian Peacock Band	Brewers Landing	Friday, September 25, 2026	https://brewerslanding.net/upcoming-bands
Joe Scala & The Heath Street Band	Cat's Eye Pub	Friday, September 25, 2026	
Ricky Wise Monthly Mayhem	Cat's Eye Pub	Friday, September 25, 2026	
Thesaurus Rex, Night Hawk, Berra	Comet Ping Pong	Friday, September 25, 2026	http://www.cometpingpong.com/livemusic/
Nü Androids x Starlight Presents: Nitefreak	Culture DC	Friday, September 25, 2026	https://www.culturedc.com/events
The Viper Brothers	Fish Head Cantina	Friday, September 25, 2026	https://app.neonox.io/matolo/
Rick b2b Rick (Rick Wilhite & Rick Wade) (Detroit), Jandro, Nico Buonerba, Kj Manesh b2b Julez, Proxxy b2b Essential Freaks, Lisgood b2b Grissom, Reid Jaxson	Flash	Friday, September 25, 2026	http://www.flashdc.com/
Dennett, Jamz, Despi	Flash	Friday, September 25, 2026	http://www.flashdc.com/
Tony Denikos	Hank Dietle's Tavern	Friday, September 25, 2026	https://www.hankdietles.net/
Cyphers Band	Hank Dietle's Tavern	Friday, September 25, 2026	https://www.hankdietles.net/
Lucas Netto Trio	JoJo DC	Friday, September 25, 2026	https://www.jojodc.com/events/
Colin Chambers & Friends	JoJo DC	Friday, September 25, 2026	https://www.jojodc.com/events/
Carol Gaylor And Teddy Feldman Duo (Plus one other Bee Charmer)	JV's Restaurant	Friday, September 25, 2026	http://www.jvsrestaurant.com/home
Retro Pop (90's specialty)	JV's Restaurant	Friday, September 25, 2026	http://www.jvsrestaurant.com/home
Rotimi	Keystone Korner Baltimore	Friday, September 25, 2026	https://www.keystonekornerbaltimore.com/calendar
Razor Apple Noise Fest Iv	Le Mondo	Friday, September 25, 2026	https://www.lemondo.org/calendar
Glamour Kitty at LoonAsea in Essex, Md	LoonAsea Maryland	Friday, September 25, 2026	
Hand Painted Swingers	Mayan Monkey Brewing Co	Friday, September 25, 2026	https://www.mayanmonkeybrewingco.com/music
Atomic Light Orchestra Returns To McAvoy’s	McAvoy's Sports Bar & Grill	Friday, September 25, 2026	https://mcavoysbarandgrill.com/events
All Things Go Music Festival	Merriweather Post Pavilion	Friday, September 25, 2026	http://www.merriweathermusic.com/
Sadness, Barbelith, Oldest Sea and Genevieve, Barbelith, Oldest Sea	Metro Baltimore	Friday, September 25, 2026	https://metrobmore.com//events/
Star Monster: Crunchy Tour @ Mosaic Nightclub 9/25 | Baltimore [21+]	Mosaic Ultra Lounge	Friday, September 25, 2026	
Herb Scott	Mr Henry's Restaurant	Friday, September 25, 2026	http://www.mrhenrysdc.com/calendar/
Lenny Pearce	Nevermore Hall	Friday, September 25, 2026	https://nevermorehall.com/
Guy Bouchie & The Heart Fixers	New Deal Cafe	Friday, September 25, 2026	https://www.newdealcafe.com/events/calendar/
Soulful Fridays with Brandon Moultrie and the B'Mo Band ft. Tori Ylon	Next Phaze	Friday, September 25, 2026	https://www.eventbrite.com/cc/next-phaze-events-251969
War on Women, Ted Leo, Rye Coaltion, Sleepytime Trio	Ottobar	Friday, September 25, 2026	http://www.theottobar.com/calendar
The Art of Eddie MacIntosh & Elizabeth Fsm	Ottobar	Friday, September 25, 2026	http://www.theottobar.com/calendar
Hot Flash Heat Wave, Bleary Eyed, High.	Pearl Street Warehouse	Friday, September 25, 2026	http://www.pearlstreetwarehouse.com/
Jenny Owen Youngs, Northcote	Pie Shop DC	Friday, September 25, 2026	https://pieshopdc.com/events/
Mallow Hill	Racers' Cafe	Friday, September 25, 2026	https://www.facebook.com/racerscafe/events
Doc Marten and the Flannels	Reckless Shepherd Brewery	Friday, September 25, 2026	https://recklessshepherd.com/brewery-events/
K8a / Andy Betezema	Rhizome DC	Friday, September 25, 2026	http://www.rhizomedc.org/
Spoonfed (Ep Release Show), The Montaines, Aidan Leclaire	Songbyrd DC	Friday, September 25, 2026	http://www.songbyrddc.com/events/
AWS	Starr Hill Tysons	Friday, September 25, 2026	https://www.starrhilltysons.com/events
Tyler Buisch, Brandon Camphor	Tagliata	Friday, September 25, 2026	http://www.tagliatarestaurant.com/live-music/
Decode	The Admiral's Cup	Friday, September 25, 2026	https://theadmiralscup.com/live-music/
Mastodon, Deafheaven, Alcest	The Anthem	Friday, September 25, 2026	http://www.theanthemdc.com/calendar/
SYML, Katelyn Tarver	The Atlantis	Friday, September 25, 2026	https://theatlantis.com/
Eric Darius	The Birchmere	Friday, September 25, 2026	http://www.birchmere.com/calendar/
The Charlatans Uk - North American Tour 2026	The Fillmore Silver Spring	Friday, September 25, 2026	http://www.fillmoresilverspring.com/
No Surprises And The Siamese Dreamers	The Hamilton	Friday, September 25, 2026	http://live.thehamiltondc.com/calendar/
Loft Late Night: Bad Influence Band	The Hamilton	Friday, September 25, 2026	http://live.thehamiltondc.com/calendar/
Kit Benz Band	The Horse You Came In On	Friday, September 25, 2026	https://www.thehorsebaltimore.com/live-music
Dan Gallagher	The Horse You Came In On	Friday, September 25, 2026	https://www.thehorsebaltimore.com/live-music
Tim Cyphers	The Horse You Came In On	Friday, September 25, 2026	https://www.thehorsebaltimore.com/live-music
Altin Gün: North America Tour 2026, support Alex Maas, Alex Maas	The Howard Theatre	Friday, September 25, 2026	https://www.thehowardtheatre.com/
Dean Crawford & The Dunns River Band	The Original Cancun Cantina	Friday, September 25, 2026	https://www.theoriginalcancuncantina.com/live-music-events/
Earlybirds Club	The Recher MD	Friday, September 25, 2026	https://therechermd.com/shows/
The Machine performs Pink Floyd	The State Theatre	Friday, September 25, 2026	http://www.thestatetheatre.com/events/upcoming_events.xml
Southern Culture on the Skids	Union Stage	Friday, September 25, 2026	https://www.unionstagepresents.com/
Joe Matheus, 7 Deadlies, DJ Don Hood	Waterfront Hotel	Friday, September 25, 2026	http://www.waterfronthotelfellspoint.com/music-line-up.html
Grudge /Ousted /Shock Collar /Cheat Death (on Tour from Philly)	Wax Atlas	Friday, September 25, 2026	http://shows.waxatlas.com
Fair Dinkum	1919	Saturday, September 26, 2026	
Live Music: Mixed Business	7 Locks Brewing	Saturday, September 26, 2026	http://www.7locksbrewing.com/events/
josh conway: the plum tour (of The Marías), Homeshake (solo)	9:30 Club	Saturday, September 26, 2026	http://www.930.com/#upcoming-shows-container
MARO, Pedro Altério, Carbeau & Manuel Rocha	Black Cat	Saturday, September 26, 2026	http://www.blackcatdc.com/schedule.html
Nicholas Payton - Recording "A Supreme Blue" Release	Blues Alley	Saturday, September 26, 2026	https://wl.seetickets.us/bluesalley
¡Latin Night with Tumbao!	Bossa Bistro	Saturday, September 26, 2026	http://bossadc.com/events/
Early Show! Magnólia Zenekar: Hungarian Folk Music, Dance	Bossa Bistro	Saturday, September 26, 2026	http://bossadc.com/events/
FKNA	Brewers Landing	Saturday, September 26, 2026	https://brewerslanding.net/upcoming-bands
Gorillaz - The Mountain Tour	Capital One Arena	Saturday, September 26, 2026	http://capitalonearena.monumentalsportsnetwork.com/events
Gorillaz, The Mountain Tour 2026	Capital One Arena	Saturday, September 26, 2026	http://capitalonearena.monumentalsportsnetwork.com/events
Madisun Bailey	Cat's Eye Pub	Saturday, September 26, 2026	
Katie & Joe	Cat's Eye Pub	Saturday, September 26, 2026	
Luvable Idiots	Cat's Eye Pub	Saturday, September 26, 2026	
Thomas Dollbaum, Flo Petite	DC9	Saturday, September 26, 2026	https://www.dc9.club/events
Gorgon City	Echostage	Saturday, September 26, 2026	https://echostage.com/all-events/
Mozart Requiem	Emmanuel Episcopal Church	Saturday, September 26, 2026	
Decode	Fish Head Cantina	Saturday, September 26, 2026	https://app.neonox.io/matolo/
Ellen Allien (BPitch, Ufo Inc. | Berlin), MöSee, Rommy, softer, Tew Slim, Fomo, Simbai	Flash	Saturday, September 26, 2026	http://www.flashdc.com/
Whipped Cream, Pr3me, Clxda	Flash	Saturday, September 26, 2026	http://www.flashdc.com/
Live Music: Deathreefer, friends Live @ Galactic Panther	Galactic Panther Art Gallery	Saturday, September 26, 2026	https://www.eventbrite.com/o/galactic-panther-art-gallery-43341158153
Music From The Sole	GMU Center For The Arts	Saturday, September 26, 2026	https://cfa.calendar.gmu.edu/series-music/
AfroBrazil Dance Experience	Go-Go Museum	Saturday, September 26, 2026	https://www.gogomuseumcafe.com/events/list/
Mya Byrne	Hank Dietle's Tavern	Saturday, September 26, 2026	https://www.hankdietles.net/
Linwood Taylor & Guy Bouchie, Still Standing	Hank Dietle's Tavern	Saturday, September 26, 2026	https://www.hankdietles.net/
The Bros. Landreth: Tumbling Wild Tour 2026, Madeleine Roger	Jammin Java	Saturday, September 26, 2026	http://jamminjava.com
Knox Engler Trio	JoJo DC	Saturday, September 26, 2026	https://www.jojodc.com/events/
Herb Scott Quartet	JoJo DC	Saturday, September 26, 2026	https://www.jojodc.com/events/
Wicked Jezabel - Lorraine's "It's Her Life" Birthday Celebration	JV's Restaurant	Saturday, September 26, 2026	http://www.jvsrestaurant.com/home
Honky Tonk Cassanovas - Returns With Cherith!!!	JV's Restaurant	Saturday, September 26, 2026	http://www.jvsrestaurant.com/home
"I Love R&b" A Tribute to Musiq Shoulchild & D'Angelo ft. Marcus Clarke	Keystone Korner Baltimore	Saturday, September 26, 2026	https://www.keystonekornerbaltimore.com/calendar
Problems (Chi) + Sage Hardware + Overton Widow + Dicqbeats	Le Mondo	Saturday, September 26, 2026	https://www.lemondo.org/calendar
David Phenecie & The Keepers	Mayan Monkey Brewing Co	Saturday, September 26, 2026	https://www.mayanmonkeybrewingco.com/music
Animal Magnestism Returns To McAvoy’s	McAvoy's Sports Bar & Grill	Saturday, September 26, 2026	https://mcavoysbarandgrill.com/events
All Things Go Music Festival – Saturday, Hayley Williams Muna Zara Larsson Suki Waterhouse Del Water Gap She & Him The Beaches The Beths Rebecca Black Naïka hemlocke springs Haute & Freddy Grace Ives Zolita Love Spells Susannah Joffe Gl	Merriweather Post Pavilion	Saturday, September 26, 2026	http://www.merriweathermusic.com/
Black Chakra, Dapper Dan Midas, Mc Bravado and Greenspan. Hosted By Chin-yer, Black Chakra, DDm, Mc Bravado, Greenspan	Metro Baltimore	Saturday, September 26, 2026	https://metrobmore.com//events/
Karlous Miller Mgm Grand Maryland Sept 26th	MGM National Harbor	Saturday, September 26, 2026	https://www.mgmnationalharbor.com/en/entertainment/the-theater.html#/Entertainment%20Calendar
Joshua Radin, Amber Rubarth	Miracle Theatre	Saturday, September 26, 2026	https://themiracletheatre.com/event-category/live-events/
Crow Hunter, Floor 32, Vicious Veil, The Reapers Rogue, Eu1ogy	Morsberger's Tavern	Saturday, September 26, 2026	https://morsbergers.com/live-category/music/
Stickman	Mr Henry's Restaurant	Saturday, September 26, 2026	http://www.mrhenrysdc.com/calendar/
Greenbelt Blues Festival In Roosevelt Center	New Deal Cafe	Saturday, September 26, 2026	https://www.newdealcafe.com/events/calendar/
Built 4 Comfort	New Deal Cafe	Saturday, September 26, 2026	https://www.newdealcafe.com/events/calendar/
Opal In Sky, Levels, Mirrorcell	Pearl Street Warehouse	Saturday, September 26, 2026	http://www.pearlstreetwarehouse.com/
Foreign Body, Reaper's Gong, Muscle, Knub	Pie Shop DC	Saturday, September 26, 2026	https://pieshopdc.com/events/
The Deb Callahan Band	Racers' Cafe	Saturday, September 26, 2026	https://www.facebook.com/racerscafe/events
Brondo, Hexxa & Prismatic Live at Reckless Shepherd	Reckless Shepherd Brewery	Saturday, September 26, 2026	https://recklessshepherd.com/brewery-events/
Plastique Pigs / Massa Nera / Draw Blank / Dissipate	Rhizome DC	Saturday, September 26, 2026	http://www.rhizomedc.org/
23rd Greenbelt Blues Festival	Roosevelt Center	Saturday, September 26, 2026	
Flowers For The Dead, Color Palette, Hotel Sewing Kit	Songbyrd DC	Saturday, September 26, 2026	http://www.songbyrddc.com/events/
Delta Spur	Starr Hill Tysons	Saturday, September 26, 2026	https://www.starrhilltysons.com/events
Shane Gamble & The Pawnshop Hearts	Starr Hill Tysons	Saturday, September 26, 2026	https://www.starrhilltysons.com/events
Jordan Mills	Tagliata	Saturday, September 26, 2026	http://www.tagliatarestaurant.com/live-music/
Alison Crockett & Thad Wilson: The Jazz Sides of Chaka Khan	Takoma Station Tavern	Saturday, September 26, 2026	https://www.takomastation.com/
Jeznick Duo, Jim Wockenfuss, Jesse Moody	The Admiral's Cup	Saturday, September 26, 2026	https://theadmiralscup.com/live-music/
Eric Roberson	The Birchmere	Saturday, September 26, 2026	http://www.birchmere.com/calendar/
The Loveley Herd	The Elk Room	Saturday, September 26, 2026	http://www.theelkroom.com/live-music
The Pretty Reckless - Dear God Tour	The Fillmore Silver Spring	Saturday, September 26, 2026	http://www.fillmoresilverspring.com/
Loft Late Night: Lowland Tropics	The Hamilton	Saturday, September 26, 2026	http://live.thehamiltondc.com/calendar/
Jimmy Solesky	The Horse You Came In On	Saturday, September 26, 2026	https://www.thehorsebaltimore.com/live-music
Tim Cyphers Duo	The Horse You Came In On	Saturday, September 26, 2026	https://www.thehorsebaltimore.com/live-music
Rod & Reel	The Horse You Came In On	Saturday, September 26, 2026	https://www.thehorsebaltimore.com/live-music
Afrobeats to the World	The Howard Theatre	Saturday, September 26, 2026	https://www.thehowardtheatre.com/
An Evening With Madison Ryann Ward - The Standing Tall Tour	The Howard Theatre	Saturday, September 26, 2026	https://www.thehowardtheatre.com/
Ryan Beatty - Arms Over Armor North American Tour '26	The Lincoln Theatre	Saturday, September 26, 2026	https://www.ticketmaster.com/lincoln-theatre-tickets-washington/venue/172087
Slothrust	The Recher MD	Saturday, September 26, 2026	https://therechermd.com/shows/
Satin Jackets	Union Stage	Saturday, September 26, 2026	https://www.unionstagepresents.com/
Arin Ray – The ‘Limbo’ Tour, Baby J	Union Stage	Saturday, September 26, 2026	https://www.unionstagepresents.com/
Switchfoot - Forever Now Tour	Warner Theatre	Saturday, September 26, 2026	http://www.warnertheatredc.com/
Patrick Donovan, Goodbye Vienna, Swell Kel	Waterfront Hotel	Saturday, September 26, 2026	http://www.waterfronthotelfellspoint.com/music-line-up.html
Hollow Bastion, Savanna Ruth, Local Orange, and Linda Smith	Wax Atlas	Saturday, September 26, 2026	http://shows.waxatlas.com
Rappolla Entertainment Presents Sweet Lavender And More	Zen West	Saturday, September 26, 2026	https://www.facebook.com/pg/ZenWestCantina/events/
honestav - The Sweet American Boy Tour, Untitled, Judah Weston	9:30 Club	Sunday, September 27, 2026	http://www.930.com/#upcoming-shows-container
Ana Vidovic, annual solo classical guitar concert	An Die Musik	Sunday, September 27, 2026	http://andiemusiklive.com/events/
Nicholas Payton - Recording "A Supreme Blue" Release	Blues Alley	Sunday, September 27, 2026	https://wl.seetickets.us/bluesalley
Northeastern Brazilian Music: Bahia Collective	Bossa Bistro	Sunday, September 27, 2026	http://bossadc.com/events/
The Stock Pot	Cat's Eye Pub	Sunday, September 27, 2026	
Radish	Cat's Eye Pub	Sunday, September 27, 2026	
Coyote Rodeo	Cat's Eye Pub	Sunday, September 27, 2026	
Musicians of the Baltimore Symphony	Community Concerts at Second	Sunday, September 27, 2026	https://www.cc2nd.org/index.html
Avanti Orchestra Concert	Cultural Arts Center	Sunday, September 27, 2026	
Graham Hunt, Tanner York	DC9	Sunday, September 27, 2026	https://www.dc9.club/events
Sonu Nigam	EagleBank Arena	Sunday, September 27, 2026	https://www.eaglebankarena.com/events
Cocaine Lamborghinis	Fadensonnen	Sunday, September 27, 2026	https://www.fadensonnen.com/events
Music In The Green Room By:, Gene on Earth (Limousine Dream | Berlin), Momo Trosman (Buenos Aires), Ramos, Wellness Session: 3pm- 4pm Club Level | 2:45pm Doors | Complimentary Offering - First Come, First Serve, Postcard Prompting: Creative Writing for Community Connection, Love Bazaar: 5-9pm | Club Room, Local Vendors Marketplace	Flash	Sunday, September 27, 2026	http://www.flashdc.com/
Mysterious Traveler • The Music Of Weather Report	Hank Dietle's Tavern	Sunday, September 27, 2026	https://www.hankdietles.net/
DJangolaya	Hank Dietle's Tavern	Sunday, September 27, 2026	https://www.hankdietles.net/
The Barco Beat	Hank Dietle's Tavern	Sunday, September 27, 2026	https://www.hankdietles.net/
An Evening with Jay Nash	Jammin Java	Sunday, September 27, 2026	http://jamminjava.com
Sol Roots Trio	JoJo DC	Sunday, September 27, 2026	https://www.jojodc.com/events/
Flower Power Happy Hour Band - All Lybra Birthdays	JV's Restaurant	Sunday, September 27, 2026	http://www.jvsrestaurant.com/home
Rusty's Lost Highway Band	JV's Restaurant	Sunday, September 27, 2026	http://www.jvsrestaurant.com/home
Marcus Johnson & Friends	Keystone Korner Baltimore	Sunday, September 27, 2026	https://www.keystonekornerbaltimore.com/calendar
All Things Go Music Festival – Sunday, Brandi Carlile Lola Young Remi Wolf Father John Misty Sierra Ferrell Tinashe flipturn Wolf Alice Cmat Jensen McRae Ryan Beatty Rochelle Jordan Tiny Habits Trousdale Violet Grohl natalie jinju googly e	Merriweather Post Pavilion	Sunday, September 27, 2026	http://www.merriweathermusic.com/
PIG, Cyanotic, Steven Archer (Ego Likeness/Stoneburner) and DJ Hell O’Kitty, Cyanotic	Metro Baltimore	Sunday, September 27, 2026	https://metrobmore.com//events/
So Near, So Far, Cut Through, Citric, Exhibition	Ottobar	Sunday, September 27, 2026	http://www.theottobar.com/calendar
Noah Lloyd Sparks, Dana Idnay, The Unfathomable Joy, Floating Objects	Ottobar	Sunday, September 27, 2026	http://www.theottobar.com/calendar
Post Sex Nachos, Fetch Tiger	Pearl Street Warehouse	Sunday, September 27, 2026	http://www.pearlstreetwarehouse.com/
Jack Waugh's Americanaland (album release show!), Austin Loman Group, Trinomial	Pie Shop DC	Sunday, September 27, 2026	https://www.facebook.com/pg/pieshopdc/events/
anaIIs, Elliott Skinner	Songbyrd DC	Sunday, September 27, 2026	http://www.songbyrddc.com/events/
Live Jazz: Donato Soviero (Guitar) with Dan Roberts (Piano)	Tabard Inn	Sunday, September 27, 2026	https://www.tabardinn.com/upcoming_events/
Ash Powers	Tagliata	Sunday, September 27, 2026	http://www.tagliatarestaurant.com/live-music/
Radio Dials	The Admiral's Cup	Sunday, September 27, 2026	https://theadmiralscup.com/live-music/
Sawyer Hill - Everybody's Home, Nobody's Happy World Tour, Never Ending Fall	The Atlantis	Sunday, September 27, 2026	https://theatlantis.com/
Eric Roberson	The Birchmere	Sunday, September 27, 2026	http://www.birchmere.com/calendar/
Kamelot - Dark Asylum World Tour	The Fillmore Silver Spring	Sunday, September 27, 2026	http://www.fillmoresilverspring.com/
Justin Taylor	The Horse You Came In On	Sunday, September 27, 2026	https://www.thehorsebaltimore.com/live-music
Live Jazz Sunday	The Irish Inn	Sunday, September 27, 2026	https://irishinnglenecho.com/events/
Armand Hammer, Curly Castro	Union Stage	Sunday, September 27, 2026	https://www.unionstagepresents.com/
Grey	Waterfront Hotel	Sunday, September 27, 2026	http://www.waterfronthotelfellspoint.com/music-line-up.html
Ploy Machine, Burger Monday, Be My Friend, Private Collector, Slacking	Wax Atlas	Sunday, September 27, 2026	http://shows.waxatlas.com
Julia Wolf, Bee Blackwell	9:30 Club	Monday, September 28, 2026	http://www.930.com/#upcoming-shows-container
Josh Morris/Issac Choi `The Ambient Project'	An Die Musik	Monday, September 28, 2026	http://andiemusiklive.com/events/
Raymi	Blues Alley	Monday, September 28, 2026	https://wl.seetickets.us/bluesalley
Charli xcx: Music, Fashion, Film Tour	Capital One Arena	Monday, September 28, 2026	http://capitalonearena.monumentalsportsnetwork.com/events
Tom Bowers w/Friends & Family	Cat's Eye Pub	Monday, September 28, 2026	
BachWalk — Early Journeys of J.s. Bach film and mini-recital	Christ Church	Monday, September 28, 2026	
A People'sChoir DC	DC9	Monday, September 28, 2026	https://www.dc9.club/events
Crown Magnetar x To The Grave, Face Yourself and Tracheotomy, Crown Magnetar, To the Grave, Face Yourself, Tracheotomy	Metro Baltimore	Monday, September 28, 2026	https://metrobmore.com//events/
Croz Boyce (Avey Tare and Geologist of Animal Collective), Jeremy Hyman	Miracle Theatre	Monday, September 28, 2026	https://themiracletheatre.com/event-category/live-events/
Rocketship: "A Certain Smile, A Certain Sadness” 30th Anniversary Tour, Lightheaded	Pearl Street Warehouse	Monday, September 28, 2026	http://www.pearlstreetwarehouse.com/
Problems, Glorian, Mas Sexy, Dicqbeats	Pie Shop DC	Monday, September 28, 2026	https://www.facebook.com/pg/pieshopdc/events/
Jeff Surak / Private Collector / Slacking / Being Made Like God	Rhizome DC	Monday, September 28, 2026	http://www.rhizomedc.org/
Jozzy: Get Her Back Tour, its TaeJaun, 3ee	Songbyrd DC	Monday, September 28, 2026	http://www.songbyrddc.com/events/
Live Jazz: Geoff Reecer (Guitar) with Bruce Swaim (Saxophone)	Tabard Inn	Monday, September 28, 2026	https://www.tabardinn.com/upcoming_events/
Eli Staples	Tagliata	Monday, September 28, 2026	http://www.tagliatarestaurant.com/live-music/
Ricky Wise	The Admiral's Cup	Monday, September 28, 2026	https://theadmiralscup.com/live-music/
Ringo Starr and His All Starr Band	The Anthem	Monday, September 28, 2026	http://www.theanthemdc.com/calendar/
Bebe Stockwell, Gabrielle Hope	The Atlantis	Monday, September 28, 2026	https://theatlantis.com/
Taste Of Chaos	The Fillmore Silver Spring	Monday, September 28, 2026	http://www.fillmoresilverspring.com/
Brandon Freelump	The Horse You Came In On	Monday, September 28, 2026	https://www.thehorsebaltimore.com/live-music
Irish Inn Mates	The Irish Inn	Monday, September 28, 2026	https://irishinnglenecho.com/events/
The Tear Garden (The Legendary Pink Dots & cEvin Key), One Cent Left	Union Stage	Monday, September 28, 2026	https://www.unionstagepresents.com/
Sex Pistols (Steve Jones, Paul Cook, Glen Matlock) feat. Frank Carter, Sex Pistols & Frank Carter, Bad Nerves	9:30 Club	Tuesday, September 29, 2026	http://www.930.com/#upcoming-shows-container
Ryan Davis & The Roadhouse Band, Styrofoam Winos, Heaven Forbid	Black Cat	Tuesday, September 29, 2026	http://www.blackcatdc.com/schedule.html
Aga Zaryan	Blues Alley	Tuesday, September 29, 2026	https://wl.seetickets.us/bluesalley
Phoebe Bridgers, The Lost Tour 2026	Capital One Arena	Tuesday, September 29, 2026	http://capitalonearena.monumentalsportsnetwork.com/events
Luke Walker Unit	Cat's Eye Pub	Tuesday, September 29, 2026	
Taylor Bickett, Corrina, Abbi Jean	DC9	Tuesday, September 29, 2026	https://www.dc9.club/events
Dan Hovey	Hank Dietle's Tavern	Tuesday, September 29, 2026	https://www.hankdietles.net/
The Blues Women Experience	Hank Dietle's Tavern	Tuesday, September 29, 2026	https://www.hankdietles.net/
Sera Cahoone (solo), Lizzie Weber	Jammin Java	Tuesday, September 29, 2026	http://jamminjava.com
Sludge Incorporated (Nc), Sugar Engine, D3vilish Bri	Le Mondo	Tuesday, September 29, 2026	https://www.lemondo.org/calendar
Kany Garcia: Puerta Abierta Tour	MGM National Harbor	Tuesday, September 29, 2026	https://www.mgmnationalharbor.com/en/entertainment/the-theater.html#/Entertainment%20Calendar
Opera Insights: Don Giovanni #2	Opera Baltimore	Tuesday, September 29, 2026	https://www.operabaltimore.org/events-tickets
Sonja, Devilust, B!cep	Ottobar	Tuesday, September 29, 2026	http://www.theottobar.com/calendar
Upon your Dead Body, When the Sun Sets, Letters To Part	Pearl Street Warehouse	Tuesday, September 29, 2026	http://www.pearlstreetwarehouse.com/
Suitable Miss, Soul Meets Body, Kinoko	Pie Shop DC	Tuesday, September 29, 2026	https://pieshopdc.com/events/
Chúpame El Dedo / Abismo Ónix	Rhizome DC	Tuesday, September 29, 2026	http://www.rhizomedc.org/
Just Doug	Starr Hill Tysons	Tuesday, September 29, 2026	https://www.starrhilltysons.com/events
Glenn Workman	Tagliata	Tuesday, September 29, 2026	http://www.tagliatarestaurant.com/live-music/
Eric Scott Music	The Admiral's Cup	Tuesday, September 29, 2026	https://theadmiralscup.com/live-music/
Ravyn Lenae Presents: Blue Island, Lexa Gates	The Anthem	Tuesday, September 29, 2026	http://www.theanthemdc.com/calendar/
Brenn! - Amateur At Best World Tour, MOR	The Atlantis	Tuesday, September 29, 2026	https://theatlantis.com/
Jimmy Solesky Super Show	The Horse You Came In On	Tuesday, September 29, 2026	https://www.thehorsebaltimore.com/live-music
John Cameron Mitchell - Hedwig 25th Anniversary Movie Tour	The Howard Theatre	Tuesday, September 29, 2026	https://www.thehowardtheatre.com/
Lucinda Williams And Her Band	The Lincoln Theatre	Tuesday, September 29, 2026	https://www.ticketmaster.com/lincoln-theatre-tickets-washington/venue/172087
Infinity Song World Tour II Continues…	The Recher MD	Tuesday, September 29, 2026	https://therechermd.com/shows/
Inoha, Capital Soiree, Pretoria	Union Stage	Tuesday, September 29, 2026	https://www.unionstagepresents.com/
Distorting a Woodpecker, Scrotal Tear, Industrial Hazard, Body of Aether,...	Wax Atlas	Tuesday, September 29, 2026	http://shows.waxatlas.com
Lucinda Williams And Her Band	9:30 Club	Wednesday, September 30, 2026	http://www.930.com/#upcoming-shows-container
Oscar Rossignoli	Blues Alley	Wednesday, September 30, 2026	https://wl.seetickets.us/bluesalley
The Jonas Brothers, Burning Up Tour All Over Again	Capital One Arena	Wednesday, September 30, 2026	http://capitalonearena.monumentalsportsnetwork.com/events
Matt Everhart & Co.	Cat's Eye Pub	Wednesday, September 30, 2026	
Mary Grace Hathway	Hank Dietle's Tavern	Wednesday, September 30, 2026	https://www.hankdietles.net/
Marc Douglas Berardo and Walt Wilkins	Hank Dietle's Tavern	Wednesday, September 30, 2026	https://www.hankdietles.net/
Tyler Leak Trio	JoJo DC	Wednesday, September 30, 2026	https://www.jojodc.com/events/
Doobie Powell: The Perfect Remedy Tour	Keystone Korner Baltimore	Wednesday, September 30, 2026	https://www.keystonekornerbaltimore.com/calendar
Santiago Cruz: Sigo En Pie tour	Miracle Theatre	Wednesday, September 30, 2026	https://themiracletheatre.com/event-category/live-events/
Capitol Hill Jazz Jam	Mr Henry's Restaurant	Wednesday, September 30, 2026	http://www.mrhenrysdc.com/calendar/
Live Music Every Wednesday with Mark Stewart and Friends	Next Phaze	Wednesday, September 30, 2026	https://www.eventbrite.com/cc/next-phaze-events-251969
Jane Error, Wavey, Amber August, Raquel Ra Brown	Ottobar	Wednesday, September 30, 2026	http://www.theottobar.com/calendar
Chinese Football, Michael Cera Palin	Pearl Street Warehouse	Wednesday, September 30, 2026	http://www.pearlstreetwarehouse.com/
Snooze, Right Chipper, A Shrewdness of Apes	Pie Shop DC	Wednesday, September 30, 2026	https://www.facebook.com/pg/pieshopdc/events/
Pérez / Johnson / Dougherty / Dixon	Rhizome DC	Wednesday, September 30, 2026	http://www.rhizomedc.org/
ALI, Time in the Wilderness	Songbyrd DC	Wednesday, September 30, 2026	http://www.songbyrddc.com/events/
Matty D	Starr Hill Tysons	Wednesday, September 30, 2026	https://www.starrhilltysons.com/events
Jordan Mills	Tagliata	Wednesday, September 30, 2026	http://www.tagliatarestaurant.com/live-music/
Noah Pierre	The Admiral's Cup	Wednesday, September 30, 2026	https://theadmiralscup.com/live-music/
Shaboozey – Outlaws Never Die Tour, Noeline Hofmann	The Anthem	Wednesday, September 30, 2026	http://www.theanthemdc.com/calendar/
Stanley Simmons, Anna Hamilton	The Atlantis	Wednesday, September 30, 2026	https://theatlantis.com/
Shinyribs with Patrick Sweany (Solo)	The Birchmere	Wednesday, September 30, 2026	http://www.birchmere.com/calendar/
Sean Bera	The Horse You Came In On	Wednesday, September 30, 2026	https://www.thehorsebaltimore.com/live-music
Our Lady Peace, The Verve Pipe	The Howard Theatre	Wednesday, September 30, 2026	https://www.thehowardtheatre.com/
Inn House Band	The Irish Inn	Wednesday, September 30, 2026	https://irishinnglenecho.com/events/
The New Pornographers – The Former Site Of Tour	The Recher MD	Wednesday, September 30, 2026	https://therechermd.com/shows/
Jamie Kaye	Waterfront Hotel	Wednesday, September 30, 2026	http://www.waterfronthotelfellspoint.com/music-line-up.html
Public Image Ltd - This Is Not The Last Tour, Plague Vendor	9:30 Club	Thursday, October 1, 2026	http://www.930.com/#upcoming-shows-container
Taisha Estrada with opening act Zach Llyod	An Die Musik	Thursday, October 1, 2026	http://andiemusiklive.com/events/
Set Your Goals, The Warriors, Restraining Order, Stateside	Baltimore Soundstage	Thursday, October 1, 2026	http://www.baltimoresoundstage.com/listing/
The Bandit Queen of Sorrows, Summoning Circle & Makeshift Hammer	Black Cherry Puppet Theater	Thursday, October 1, 2026	
Benito Gonzalez / Buster Williams / Lenny White	Blues Alley	Thursday, October 1, 2026	https://wl.seetickets.us/bluesalley
Early Show! JazzMob DC	Bossa Bistro	Thursday, October 1, 2026	http://bossadc.com/events/
Powerplant, Carrion Kids, Dim Wizard	Comet Ping Pong	Thursday, October 1, 2026	http://www.cometpingpong.com/livemusic/
Sophie Hunter, Rob Apollo	DC9	Thursday, October 1, 2026	https://www.dc9.club/events
Live Music: Ardamus B-Day, Goldbrick Heavyweights Soft Launch Party	Galactic Panther Art Gallery	Thursday, October 1, 2026	https://www.eventbrite.com/o/galactic-panther-art-gallery-43341158153
Jack Bond	Hank Dietle's Tavern	Thursday, October 1, 2026	https://www.hankdietles.net/
The Longtimers	Hank Dietle's Tavern	Thursday, October 1, 2026	https://www.hankdietles.net/
Jazz w/Gracie Jay	Henceforth DC	Thursday, October 1, 2026	https://www.henceforthdc.com/events
Shumaun, CH3MTRAILs, Greenhead	Jammin Java	Thursday, October 1, 2026	http://jamminjava.com
An Evening with Benny Green	Keystone Korner Baltimore	Thursday, October 1, 2026	https://www.keystonekornerbaltimore.com/calendar
Jeff Antoniuk Jazz Band Master Classes	Mr Henry's Restaurant	Thursday, October 1, 2026	http://www.mrhenrysdc.com/calendar/
Wolf's Thursday Blues Show & Sit-In Jam	New Deal Cafe	Thursday, October 1, 2026	https://www.newdealcafe.com/events/calendar/
Local Orange, Thee Windows, Shark Shark, Silent Tv	Ottobar	Thursday, October 1, 2026	http://www.theottobar.com/calendar
Hannah Cole, maggie Fm	Pearl Street Warehouse	Thursday, October 1, 2026	http://www.pearlstreetwarehouse.com/
Bluegrass Jam: Baltimore's Best Open Mic	Pickett Brewing Company	Thursday, October 1, 2026	https://pickettbrewingco.com/calendar
Insomniac, Bleak Shore, Stygian Mind	Pie Shop DC	Thursday, October 1, 2026	https://www.facebook.com/pg/pieshopdc/events/
Free Bluegrass Night, Hollertown	Quarry House Tavern	Thursday, October 1, 2026	https://www.quarryhousetavern.com/music
Laerz	Songbyrd DC	Thursday, October 1, 2026	http://www.songbyrddc.com/events/
Stevie One Shoes Trio	Starr Hill Tysons	Thursday, October 1, 2026	https://www.starrhilltysons.com/events
Towa Bird - The Gentleman Tour, Mother Soki	The Atlantis	Thursday, October 1, 2026	https://theatlantis.com/
Yächtley Crëw	The Birchmere	Thursday, October 1, 2026	http://www.birchmere.com/calendar/
Mozart, Fauré, Brahms, Gounod and Leavitt Stabat Mater	The Church of the Epiphany	Thursday, October 1, 2026	
Snail Mail & Soccer Mommy	The Fillmore Silver Spring	Thursday, October 1, 2026	http://www.fillmoresilverspring.com/
Kit Benz and Jason Heiser	The Horse You Came In On	Thursday, October 1, 2026	https://www.thehorsebaltimore.com/live-music
ButtTootKing: Lydia B Kollins, Suzie Toot, and Kori King	The Howard Theatre	Thursday, October 1, 2026	https://www.thehowardtheatre.com/
Top Shelf	The Lincoln Theatre	Thursday, October 1, 2026	https://www.ticketmaster.com/lincoln-theatre-tickets-washington/venue/172087
Squirrel Flower, Dari Bay, Night Hawk	Union Stage	Thursday, October 1, 2026	https://www.unionstagepresents.com/
Get Get Aw! The Sexbomb Concert Us Tour	Warner Theatre	Thursday, October 1, 2026	http://www.warnertheatredc.com/
Batworth Stone	1919	Friday, October 2, 2026	
Buffalo Traffic Jam - Pictures of You Tour, Haffway, Lydia Maes	9:30 Club	Friday, October 2, 2026	http://www.930.com/#upcoming-shows-container
The Emo Show: Sad-Iversary	Baltimore Soundstage	Friday, October 2, 2026	http://www.baltimoresoundstage.com/listing/
Bear Ghost, Sarah & The Safe Word, Spaceman Bob	Black Cat	Friday, October 2, 2026	http://www.blackcatdc.com/schedule.html
Benito Gonzalez / Buster Williams / Lenny White	Blues Alley	Friday, October 2, 2026	https://wl.seetickets.us/bluesalley
Alfredo Mojica Group	Bossa Bistro	Friday, October 2, 2026	http://bossadc.com/events/
Weezer, The Gathering	Capital One Arena	Friday, October 2, 2026	http://capitalonearena.monumentalsportsnetwork.com/events
Kanan Gill: Not This Again	Capital One Hall	Friday, October 2, 2026	
Iguana Death Cult, Ajola	Comet Ping Pong	Friday, October 2, 2026	http://www.cometpingpong.com/livemusic/
twurl presents: Soft Launch, hosted by abdu mongo ali	Current Space	Friday, October 2, 2026	http://www.currentspace.com/
Noah Richardson, Duunes	DC9	Friday, October 2, 2026	https://www.dc9.club/events
Wicked World Debut & Sin City! Two Bands .. One Night	Donna's Tavern & Restaurant of Dundalk	Friday, October 2, 2026	https://www.facebook.com/Donnas-Tavern-Restaurant-of-Dundalk-108548041276936/events/
Factory 93 Presents: Peggy Gou @ Echostage D.C.	Echostage	Friday, October 2, 2026	https://echostage.com/all-events/
The Duran Band	Fish Head Cantina	Friday, October 2, 2026	https://app.neonox.io/matolo/
Omar ؏	Flash	Friday, October 2, 2026	http://www.flashdc.com/
Baltra (96 and Forever | Nyc), Titonton Duvanté (Residual Recordings | Nyc), KayLaSoul, Andy Grant, Kochi, ByYourDeep, deepnotiQ, Just Jeremy, Pete Holden	Flash	Friday, October 2, 2026	http://www.flashdc.com/
Live Music: Sable Drive’s Night of Intrigue and Excitement	Galactic Panther Art Gallery	Friday, October 2, 2026	https://www.eventbrite.com/o/galactic-panther-art-gallery-43341158153
Ryan Lee Crosby	Hank Dietle's Tavern	Friday, October 2, 2026	https://www.hankdietles.net/
Jonathan Sloane Band	Hank Dietle's Tavern	Friday, October 2, 2026	https://www.hankdietles.net/
Irresponsible Reunion Show, Tobin James Band	Jammin Java	Friday, October 2, 2026	http://jamminjava.com
Colin Chambers & Friends	JoJo DC	Friday, October 2, 2026	https://www.jojodc.com/events/
Tarus Mateen Trio	JoJo DC	Friday, October 2, 2026	https://www.jojodc.com/events/
4-time Grammy® Nominated Guitarist Stanley Jordan	Keystone Korner Baltimore	Friday, October 2, 2026	https://www.keystonekornerbaltimore.com/calendar
Pull Up A Chair	Mayan Monkey Brewing Co	Friday, October 2, 2026	https://www.mayanmonkeybrewingco.com/music
Powerplant, Carrion Kids and Slot, Carrion Kids	Metro Baltimore	Friday, October 2, 2026	https://metrobmore.com//events/
Days End, Armani Broken, Mach 4, Paulie Boy Blues (Back From The Dead)	Morsberger's Tavern	Friday, October 2, 2026	https://morsbergers.com/live-category/music/
Time II Eternity Band	Mr Henry's Restaurant	Friday, October 2, 2026	http://www.mrhenrysdc.com/calendar/
Fast Eddie & The Slowpokes	New Deal Cafe	Friday, October 2, 2026	https://www.newdealcafe.com/events/calendar/
Kenyatta and guests TBA	Ottobar	Friday, October 2, 2026	http://www.theottobar.com/calendar
Improvement Movement, The Point	Pearl Street Warehouse	Friday, October 2, 2026	http://www.pearlstreetwarehouse.com/
Veneraxiom, Glorious Descent, Dashuyn	Pie Shop DC	Friday, October 2, 2026	https://pieshopdc.com/events/
Totally Bowie and Echoes (David Bowie/Pink Floyd Tribute)	Reckless Shepherd Brewery	Friday, October 2, 2026	https://recklessshepherd.com/brewery-events/
Eli Winter Trio / This Time's Quartet / Kajwan Ziaoddini	Rhizome DC	Friday, October 2, 2026	http://www.rhizomedc.org/
Tim Atlas, Olivia Reid	Songbyrd DC	Friday, October 2, 2026	http://www.songbyrddc.com/events/
The 19th Street Band	Starr Hill Tysons	Friday, October 2, 2026	https://www.starrhilltysons.com/events
wave to earth – the pieces tour	The Anthem	Friday, October 2, 2026	http://www.theanthemdc.com/calendar/
Asha Banks: something inbetween tour, Alfie Jukes	The Atlantis	Friday, October 2, 2026	https://theatlantis.com/
Martin Sexton – Live Wide Open Tour 2026	The Birchmere	Friday, October 2, 2026	http://www.birchmere.com/calendar/
The Birchmere Presents Black Violin with Braxton Cook at the Warner Theatre!	The Birchmere	Friday, October 2, 2026	http://www.birchmere.com/calendar/
Pennywise	The Fillmore Silver Spring	Friday, October 2, 2026	http://www.fillmoresilverspring.com/
Upstate	The Hamilton	Friday, October 2, 2026	http://live.thehamiltondc.com/calendar/
Loft Late Night: Honky Tonk Casanovas	The Hamilton	Friday, October 2, 2026	http://live.thehamiltondc.com/calendar/
Kit Benz	The Horse You Came In On	Friday, October 2, 2026	https://www.thehorsebaltimore.com/live-music
Tim Cyphers	The Horse You Came In On	Friday, October 2, 2026	https://www.thehorsebaltimore.com/live-music
Aaron Hawkins	The Horse You Came In On	Friday, October 2, 2026	https://www.thehorsebaltimore.com/live-music
Daley - Us Tour, Adamare	The Howard Theatre	Friday, October 2, 2026	https://www.thehowardtheatre.com/
The Format	The Lincoln Theatre	Friday, October 2, 2026	https://www.ticketmaster.com/lincoln-theatre-tickets-washington/venue/172087
Dylan Wolfe	The Original Cancun Cantina	Friday, October 2, 2026	https://www.theoriginalcancuncantina.com/live-music-events/
The Overlook	The Recher MD	Friday, October 2, 2026	https://therechermd.com/shows/
Weatherday - Hornet Disaster Tour 2026, Cuni, Virtua dx, Dials Dials Dials	Union Stage	Friday, October 2, 2026	https://www.unionstagepresents.com/
Black Violin - The Be Free Tour	Warner Theatre	Friday, October 2, 2026	http://www.warnertheatredc.com/
Volcandra, Gravripper, Crow’s foot, Penanggalan	Wax Atlas	Friday, October 2, 2026	http://shows.waxatlas.com
The Soul Harvester	Zen West	Friday, October 2, 2026	https://www.facebook.com/pg/ZenWestCantina/events/
Live Music: ilyAIMY	7 Locks Brewing	Saturday, October 3, 2026	http://www.7locksbrewing.com/events/
The California Honeydrops - Sweet Like That Tour 2026	9:30 Club	Saturday, October 3, 2026	http://www.930.com/#upcoming-shows-container
Frog, Woods	Black Cat	Saturday, October 3, 2026	http://www.blackcatdc.com/schedule.html
Arturo O'Farrill Quintet	Blues Alley	Saturday, October 3, 2026	https://wl.seetickets.us/bluesalley
¡Latin Night with Tumbao!	Bossa Bistro	Saturday, October 3, 2026	http://bossadc.com/events/
Dean Crawford & The Dunns River Band	Brewers Landing	Saturday, October 3, 2026	https://brewerslanding.net/upcoming-bands
Olivia Rodrigo, The Unraveled Tour	Capital One Arena	Saturday, October 3, 2026	http://capitalonearena.monumentalsportsnetwork.com/events
The Smashing Pumpkins: The Rats In A Cage Tour	CFG Bank Arena	Saturday, October 3, 2026	https://www.cfgbankarena.com/events/
AyoDylan, Breezy Supreme	DC9	Saturday, October 3, 2026	https://www.dc9.club/events
Monsta X	EagleBank Arena	Saturday, October 3, 2026	https://www.eaglebankarena.com/events
MEDUZA³	Echostage	Saturday, October 3, 2026	https://echostage.com/all-events/
Eyes Of The Nile	Fish Head Cantina	Saturday, October 3, 2026	https://app.neonox.io/matolo/
Jazzy, Fohz, Crystal Jo	Flash	Saturday, October 3, 2026	http://www.flashdc.com/
Marco Strous (Uk), Solo, VINY, unbound, SOUL, Gap_quest, luvvbugg	Flash	Saturday, October 3, 2026	http://www.flashdc.com/
Live Music: Fifth Floor	Galactic Panther Art Gallery	Saturday, October 3, 2026	https://www.eventbrite.com/o/galactic-panther-art-gallery-43341158153
Special Event: Jeff Goldblum and the Mildred Snitzer Orchestra	GMU Center For The Arts	Saturday, October 3, 2026	https://cfa.calendar.gmu.edu/series-music/
Bones Jones Music Students	Hank Dietle's Tavern	Saturday, October 3, 2026	https://www.hankdietles.net/
The Thrills W, Johnny Spampinato	Hank Dietle's Tavern	Saturday, October 3, 2026	https://www.hankdietles.net/
Big Howdy • Album Release Show	Hank Dietle's Tavern	Saturday, October 3, 2026	https://www.hankdietles.net/
Oktoberfest!	Henceforth DC	Saturday, October 3, 2026	https://www.henceforthdc.com/events
GayC/DC: the world’s first and only all-gay tribute to the music of Ac/dc!	Holy Frijoles	Saturday, October 3, 2026	https://www.facebook.com/holyfrijolesBmore/events
Mindy Gledhill: The Phone Booth Sessions Tour, Debra Fotheringham	Jammin Java	Saturday, October 3, 2026	http://jamminjava.com
Honor By August, Brent Shuttleworth	Jammin Java	Saturday, October 3, 2026	http://jamminjava.com
Clarence Ward III & Dat Feel Good	JoJo DC	Saturday, October 3, 2026	https://www.jojodc.com/events/
4-time Grammy® Nominated Guitarist Stanley Jordan	Keystone Korner Baltimore	Saturday, October 3, 2026	https://www.keystonekornerbaltimore.com/calendar
Vadim & Friends	Mayan Monkey Brewing Co	Saturday, October 3, 2026	https://www.mayanmonkeybrewingco.com/music
Power To The People Festival, Bruce Springsteen Foo Fighters Dave Matthews Tom Morello Joan Baez Public Enemy Jack Black Dropkick Murphys Cypress Hill Nathaniel Rateliff Killer Mike Serj Tankian Stephen Stills Mike McCready Britta	Merriweather Post Pavilion	Saturday, October 3, 2026	http://www.merriweathermusic.com/
GayC/DC: the world’s first and only all-gay tribute to the music of Ac/dc! at Holy Frijoles	Metro Baltimore	Saturday, October 3, 2026	https://metrobmore.com//events/
Metroschock, Special Guest DJ RasDNA	Metro Baltimore	Saturday, October 3, 2026	https://metrobmore.com//events/
Gut, Fire From Olympus, Nightwind, Stealing Society	Morsberger's Tavern	Saturday, October 3, 2026	https://morsbergers.com/live-category/music/
LK4	Mr Henry's Restaurant	Saturday, October 3, 2026	http://www.mrhenrysdc.com/calendar/
Reggae & Ska Fest	Music City Maryland Association	Saturday, October 3, 2026	https://www.musiccitymd.org/live-music/
Little Red & The Renegades:	New Deal Cafe	Saturday, October 3, 2026	https://www.newdealcafe.com/events/calendar/
Eliot Lipp, Wax Future	Pearl Street Warehouse	Saturday, October 3, 2026	http://www.pearlstreetwarehouse.com/
Raaginder – be:coming Usa Tour	Pearl Street Warehouse	Saturday, October 3, 2026	http://www.pearlstreetwarehouse.com/
Electric Grandmother (Album release show!), Soroche, Trash Boat and the Ambush	Pie Shop DC	Saturday, October 3, 2026	https://pieshopdc.com/events/
Jordan Dean	Quarry House Tavern	Saturday, October 3, 2026	https://www.quarryhousetavern.com/music
Klepto Radio	Reckless Shepherd Brewery	Saturday, October 3, 2026	https://recklessshepherd.com/brewery-events/
Leila Abdul-Rauf / Vaelastrasz / Form & Void	Rhizome DC	Saturday, October 3, 2026	http://www.rhizomedc.org/
Kiefer, Shibo	Songbyrd DC	Saturday, October 3, 2026	http://www.songbyrddc.com/events/
Uncle Jesse	Starr Hill Tysons	Saturday, October 3, 2026	https://www.starrhilltysons.com/events
SuperNova	Starr Hill Tysons	Saturday, October 3, 2026	https://www.starrhilltysons.com/events
Jeff Antoniuk's Generations Band	Takoma Station Tavern	Saturday, October 3, 2026	https://www.takomastation.com/
Knocked Loose & Denzel Curry, Superheaven, Boundaries	The Anthem	Saturday, October 3, 2026	http://www.theanthemdc.com/calendar/
Avery Cochrane: Weapons Of Iridescence Tour, Alexa Cappelli	The Atlantis	Saturday, October 3, 2026	https://theatlantis.com/
#Imomsohard ‘The Crashing Out Tour’	The Birchmere	Saturday, October 3, 2026	http://www.birchmere.com/calendar/
Mozart, Fauré, Brahms, Gounod and Leavitt Stabat Mater	The Church of the Epiphany	Saturday, October 3, 2026	
DJ Shadow Celebrates 30 Years of Endtroducing	The Fillmore Silver Spring	Saturday, October 3, 2026	http://www.fillmoresilverspring.com/
Loft Late Night: Mixed Business	The Hamilton	Saturday, October 3, 2026	http://live.thehamiltondc.com/calendar/
Greengenes Duo	The Horse You Came In On	Saturday, October 3, 2026	https://www.thehorsebaltimore.com/live-music
Tim Cyphers	The Horse You Came In On	Saturday, October 3, 2026	https://www.thehorsebaltimore.com/live-music
Brandon Freelump Duo	The Horse You Came In On	Saturday, October 3, 2026	https://www.thehorsebaltimore.com/live-music
Kruder & Dorfmeister - K&d Kicks 30 Anniversary Tour	The Howard Theatre	Saturday, October 3, 2026	https://www.thehowardtheatre.com/
Reggae & Ska Fest	The Recher MD	Saturday, October 3, 2026	https://therechermd.com/shows/
The Jungle Giants - Experiencing Feelings of Joy, Morning Silk	Union Stage	Saturday, October 3, 2026	https://www.unionstagepresents.com/
Bsm Presents	Zen West	Saturday, October 3, 2026	https://www.facebook.com/pg/ZenWestCantina/events/
Medium Build Presents The King of Having Fun on Tour, Ken Yates	9:30 Club	Sunday, October 4, 2026	http://www.930.com/#upcoming-shows-container
DCbs Battles at Legion	American Legion Post 41	Sunday, October 4, 2026	
Capital City Symphony: Mysterious Landscapes	Atlas Arts Center	Sunday, October 4, 2026	http://www.atlasarts.org/music/
Jeru The Damaja – Wrath Of The Math 30th Anniversary, Jay Royale, Eze Jackson, DJ Excel	Baltimore Soundstage	Sunday, October 4, 2026	http://www.baltimoresoundstage.com/listing/
Ceremony, Poison Ruïn, Dry Socket	Black Cat	Sunday, October 4, 2026	http://www.blackcatdc.com/schedule.html
Arturo O'Farrill Quintet	Blues Alley	Sunday, October 4, 2026	https://wl.seetickets.us/bluesalley
Brandon Woody's Upendo	Community Concerts at Second	Sunday, October 4, 2026	https://www.cc2nd.org/index.html
The Toxhards, Diana Daniels	DC9	Sunday, October 4, 2026	https://www.dc9.club/events
Choral Evensong & Organ Recital	Emmanuel Episcopal Church	Sunday, October 4, 2026	
Music at Evergreen: Anthony Trionfo & Albert Cano Smit	Evergreen Museum Library	Sunday, October 4, 2026	
Music In The Green Room By:, Xinobi (Discotexas | Lisbon), Mettabbana, AHardR, Wellness Session: 3pm- 4pm Club Level | 2:45pm Doors | Complimentary Offering - First Come, First Serve, Classical Sound Therapy with Maxwell Casazza, Love Bazaar: 5-9pm | Club Room, Local Vendors Marketplace	Flash	Sunday, October 4, 2026	http://www.flashdc.com/
Live Music: Magus Magnus and Hero Magnus	Galactic Panther Art Gallery	Sunday, October 4, 2026	https://www.eventbrite.com/o/galactic-panther-art-gallery-43341158153
Beast from the East	Hank Dietle's Tavern	Sunday, October 4, 2026	https://www.hankdietles.net/
Dennis Jay & Lonesome Town	Hank Dietle's Tavern	Sunday, October 4, 2026	https://www.hankdietles.net/
Sunday Jazz Brunch	Henceforth DC	Sunday, October 4, 2026	https://www.henceforthdc.com/events
Greywind, Soul Meets Body, Keep Your Secrets, Rodeo	Jammin Java	Sunday, October 4, 2026	http://jamminjava.com
Sol Roots Trio	JoJo DC	Sunday, October 4, 2026	https://www.jojodc.com/events/
Willie Jones III Quartet featuring Eric Reed	Keystone Korner Baltimore	Sunday, October 4, 2026	https://www.keystonekornerbaltimore.com/calendar
Whistling Hens	Linehan Concert Hall	Sunday, October 4, 2026	https://artscalendar.umbc.edu/category/all-events/arts/music/
Logic & G-Eazy: The Endless Summer Part II*, Juicy J	Merriweather Post Pavilion	Sunday, October 4, 2026	http://www.merriweathermusic.com/
Rahat Fateh Ali Khan	MGM National Harbor	Sunday, October 4, 2026	https://www.mgmnationalharbor.com/en/entertainment/the-theater.html#/Entertainment%20Calendar
Verona's Court	New Deal Cafe	Sunday, October 4, 2026	https://www.newdealcafe.com/events/calendar/
Sharp Spikes & Spurs	Ottobar	Sunday, October 4, 2026	http://www.theottobar.com/calendar
Unsane, Consumer Culture	Pearl Street Warehouse	Sunday, October 4, 2026	http://www.pearlstreetwarehouse.com/
The Takes, Morrissey Blvd.	Pie Shop DC	Sunday, October 4, 2026	https://www.facebook.com/pg/pieshopdc/events/
stop.drop.rewind, Bohemian Waxwing (early show)	Pie Shop DC	Sunday, October 4, 2026	https://www.facebook.com/pg/pieshopdc/events/
Killick Hinds & John Jansen / Nocturnal Creatures Troupe	Rhizome DC	Sunday, October 4, 2026	http://www.rhizomedc.org/
Scientific America / Nectar Gnome / Nate Scheible & Layne Garrett	Rhizome DC	Sunday, October 4, 2026	http://www.rhizomedc.org/
Hana Stretton, Heather Stebbins	Songbyrd DC	Sunday, October 4, 2026	http://www.songbyrddc.com/events/
Live Jazz: Tommy Holladay (Guitar) with John Lee (Guitar)	Tabard Inn	Sunday, October 4, 2026	https://www.tabardinn.com/upcoming_events/
Indigo Girls, Linda Perry	The Anthem	Sunday, October 4, 2026	http://www.theanthemdc.com/calendar/
Theo Katzman	The Atlantis	Sunday, October 4, 2026	https://theatlantis.com/
Schoolboy Q - 10 Years of Blank Face Lp	The Fillmore Silver Spring	Sunday, October 4, 2026	http://www.fillmoresilverspring.com/
Kit Benz	The Horse You Came In On	Sunday, October 4, 2026	https://www.thehorsebaltimore.com/live-music
Dan Gallagher	The Horse You Came In On	Sunday, October 4, 2026	https://www.thehorsebaltimore.com/live-music
Davide De Pierro	The Howard Theatre	Sunday, October 4, 2026	https://www.thehowardtheatre.com/
Everything Everything - Get To Heaven, 10th Anniversary, North America	The Lincoln Theatre	Sunday, October 4, 2026	https://www.ticketmaster.com/lincoln-theatre-tickets-washington/venue/172087
Jeff Bernat - Luv Language Tour, Elhae	Union Stage	Sunday, October 4, 2026	https://www.unionstagepresents.com/
Outlander In Concert: Echoes Through the Highlands	Warner Theatre	Sunday, October 4, 2026	http://www.warnertheatredc.com/
Sylvan Esso	9:30 Club	Monday, October 5, 2026	http://www.930.com/#upcoming-shows-container
Russian Circles, Pelican	Baltimore Soundstage	Monday, October 5, 2026	http://www.baltimoresoundstage.com/listing/
M. Alex Ramirez feat. Arturo O'Farrill	Blues Alley	Monday, October 5, 2026	https://wl.seetickets.us/bluesalley
Le Sserafim, 2026 Le Sserafim Tour 'Pureflow' In Washington, DC	Capital One Arena	Monday, October 5, 2026	http://capitalonearena.monumentalsportsnetwork.com/events
Megasound, Ammonite	DC9	Monday, October 5, 2026	https://www.dc9.club/events
Allison Eide, Jude Smith	Jammin Java	Monday, October 5, 2026	http://jamminjava.com
Damag3, Film and Gender, Noir Benny and Connor Cristi, Film and Gender, Noir Benny	Metro Baltimore	Monday, October 5, 2026	https://metrobmore.com//events/
The Midnight, Bonnie McKee	Nevermore Hall	Monday, October 5, 2026	https://nevermorehall.com/
Deceits, Computer Kill, Münster	Pearl Street Warehouse	Monday, October 5, 2026	http://www.pearlstreetwarehouse.com/
Extrinsic, Sacricide, Immortal Form, Of Earth & Ash	Pie Shop DC	Monday, October 5, 2026	https://pieshopdc.com/events/
Live Jazz: Geoff Reecer(Guitar) with Grant Langford (Saxophone)	Tabard Inn	Monday, October 5, 2026	https://www.tabardinn.com/upcoming_events/
Sub Urban - The Bell Tolls Tour, Golden Cats	The Atlantis	Monday, October 5, 2026	https://theatlantis.com/
Brandon Freelump	The Horse You Came In On	Monday, October 5, 2026	https://www.thehorsebaltimore.com/live-music
Jennifer Welch: Not Today, Fascists	The Lincoln Theatre	Monday, October 5, 2026	https://www.ticketmaster.com/lincoln-theatre-tickets-washington/venue/172087
Killick and Darien Baiza, Hi Tom Ensemble	The Red Room at Normals	Monday, October 5, 2026	http://redroom.org/
Angelo De Augustine, Erin Rae	Union Stage	Monday, October 5, 2026	https://www.unionstagepresents.com/
Sylvan Esso	9:30 Club	Tuesday, October 6, 2026	http://www.930.com/#upcoming-shows-container
Perkutao	Blues Alley	Tuesday, October 6, 2026	https://wl.seetickets.us/bluesalley
Dan Hovey	Hank Dietle's Tavern	Tuesday, October 6, 2026	https://www.hankdietles.net/
The Brother Bill Quintet	Hank Dietle's Tavern	Tuesday, October 6, 2026	https://www.hankdietles.net/
An Evening with Joshua Burnside	Jammin Java	Tuesday, October 6, 2026	http://jamminjava.com
Opera Insights: Don Giovanni #3	Opera Baltimore	Tuesday, October 6, 2026	https://www.operabaltimore.org/events-tickets
Bobby Bare Jr (of Guided by Voices)	Ottobar	Tuesday, October 6, 2026	http://www.theottobar.com/calendar
Justin Nozuka	Pearl Street Warehouse	Tuesday, October 6, 2026	http://www.pearlstreetwarehouse.com/
Uga Buga, Crystal Spiders, Viqueen, Mean Green	Pie Shop DC	Tuesday, October 6, 2026	https://www.facebook.com/pg/pieshopdc/events/
Ella Boh: Blurry Tour, Psylosia	Songbyrd DC	Tuesday, October 6, 2026	http://www.songbyrddc.com/events/
Brian Franke	Starr Hill Tysons	Tuesday, October 6, 2026	https://www.starrhilltysons.com/events
The Chicks – Taking The Long Way	The Anthem	Tuesday, October 6, 2026	http://www.theanthemdc.com/calendar/
Asha Banks: something inbetween tour, Alfie Jukes	The Atlantis	Tuesday, October 6, 2026	https://theatlantis.com/
John Hiatt with Rachel Ann Morgan & Jonathan Sloane	The Birchmere	Tuesday, October 6, 2026	http://www.birchmere.com/calendar/
Jimmy Solesky Super Show	The Horse You Came In On	Tuesday, October 6, 2026	https://www.thehorsebaltimore.com/live-music
Cortex, Adrian Younge, J Rocc	The Howard Theatre	Tuesday, October 6, 2026	https://www.thehowardtheatre.com/
Daði Freyr	The Lincoln Theatre	Tuesday, October 6, 2026	https://www.ticketmaster.com/lincoln-theatre-tickets-washington/venue/172087
Kelsey Lu: So Help Me God Tour	Union Stage	Tuesday, October 6, 2026	https://www.unionstagepresents.com/
Gustavo Casenave - Solo Piano Performance	Blues Alley	Wednesday, October 7, 2026	https://wl.seetickets.us/bluesalley
Leenalchi with Dustin Wong	Current Space	Wednesday, October 7, 2026	http://www.currentspace.com/
Tōth, Anna Moss	DC9	Wednesday, October 7, 2026	https://www.dc9.club/events
The Other O'Briens	Hank Dietle's Tavern	Wednesday, October 7, 2026	https://www.hankdietles.net/
"Local Cream" Songwriter Showcase	Hank Dietle's Tavern	Wednesday, October 7, 2026	https://www.hankdietles.net/
The Yawpers, Shane Guerrette	Jammin Java	Wednesday, October 7, 2026	http://jamminjava.com
Kenny Rittenhouse Trio	JoJo DC	Wednesday, October 7, 2026	https://www.jojodc.com/events/
L.a. Young and Soul Society	Keystone Korner Baltimore	Wednesday, October 7, 2026	https://www.keystonekornerbaltimore.com/calendar
Howling Giant, Faerie Ring, Borracho and Moonsinger, Borracho, Moonsinger	Metro Baltimore	Wednesday, October 7, 2026	https://metrobmore.com//events/
Capitol Hill Jazz Jam	Mr Henry's Restaurant	Wednesday, October 7, 2026	http://www.mrhenrysdc.com/calendar/
The Campfire Sessions	New Deal Cafe	Wednesday, October 7, 2026	https://www.newdealcafe.com/events/calendar/
Live Music Every Wednesday with Mark Stewart and Friends	Next Phaze	Wednesday, October 7, 2026	https://www.eventbrite.com/cc/next-phaze-events-251969
Leenalchi with Dustin Wong	Ottobar	Wednesday, October 7, 2026	http://www.theottobar.com/calendar
John R. Miller	Ottobar	Wednesday, October 7, 2026	http://www.theottobar.com/calendar
Big Special	Pearl Street Warehouse	Wednesday, October 7, 2026	http://www.pearlstreetwarehouse.com/
Mary Chicken Soup And Rice / Gaspers / Youth In Government	Rhizome DC	Wednesday, October 7, 2026	http://www.rhizomedc.org/
Faux Real, Babe America, Bryce Xavier	Songbyrd DC	Wednesday, October 7, 2026	http://www.songbyrddc.com/events/
Marilyn Hucek	Starr Hill Tysons	Wednesday, October 7, 2026	https://www.starrhilltysons.com/events
Foster The People – Good Mourning Sunshine, Goth Babe	The Anthem	Wednesday, October 7, 2026	http://www.theanthemdc.com/calendar/
Grace Enger - The Satisfied Girl Tour, Aubory Bugg	The Atlantis	Wednesday, October 7, 2026	https://theatlantis.com/
Ingrid Andress - Nowhere Else To Go Tour, Brassie	The Atlantis	Wednesday, October 7, 2026	https://theatlantis.com/
John Hiatt with Rachel Ann Morgan & Jonathan Sloane	The Birchmere	Wednesday, October 7, 2026	http://www.birchmere.com/calendar/
Kylie Cantrall Presents: The Valley Girl Problems Tour	The Fillmore Silver Spring	Wednesday, October 7, 2026	http://www.fillmoresilverspring.com/
Phantom Planet	The Hamilton	Wednesday, October 7, 2026	http://live.thehamiltondc.com/calendar/
Ben Maguire	The Horse You Came In On	Wednesday, October 7, 2026	https://www.thehorsebaltimore.com/live-music
Vitamin String Quartet & Girl Named Tom	The Lincoln Theatre	Wednesday, October 7, 2026	https://www.ticketmaster.com/lincoln-theatre-tickets-washington/venue/172087
Lucero	The Recher MD	Wednesday, October 7, 2026	https://therechermd.com/shows/
Bertha: Grateful Drag	9:30 Club	Thursday, October 8, 2026	http://www.930.com/#upcoming-shows-container
Cain Culto, Occulto U.S. Tour 2026, Colette March, Neila	Black Cat	Thursday, October 8, 2026	http://www.blackcatdc.com/schedule.html
Juan Megna	Blues Alley	Thursday, October 8, 2026	https://wl.seetickets.us/bluesalley
Early Show! JazzMob DC	Bossa Bistro	Thursday, October 8, 2026	http://bossadc.com/events/
Cash Money & No Limit Tour	Capital One Arena	Thursday, October 8, 2026	http://capitalonearena.monumentalsportsnetwork.com/events
El Colmo, Soroche, Sex Faces	Comet Ping Pong	Thursday, October 8, 2026	http://www.cometpingpong.com/livemusic/
The Schizophonics, Descartes A Kant, Dale Crover	DC9	Thursday, October 8, 2026	https://www.dc9.club/events
Peace, Love & Boogie Woogie Happy Hour • Bill Starks, Greg Hardin	Hank Dietle's Tavern	Thursday, October 8, 2026	https://www.hankdietles.net/
Johnny Burgin Blues Revue Featuring: Bruce Ewan • Tommy Hannigan • Mark Stutso	Hank Dietle's Tavern	Thursday, October 8, 2026	https://www.hankdietles.net/
Jazz w/Gracie Jay	Henceforth DC	Thursday, October 8, 2026	https://www.henceforthdc.com/events
Laura Veirs, Karl Blau	Jammin Java	Thursday, October 8, 2026	http://jamminjava.com
Thad Wilson Jazz Orchestra: Celebrate Billy Eckstine & Sarah Vaughan	Keystone Korner Baltimore	Thursday, October 8, 2026	https://www.keystonekornerbaltimore.com/calendar
Two Steppes + The Spookfish + ella can’t save you + Jupie	Le Mondo	Thursday, October 8, 2026	https://www.lemondo.org/calendar
Usurp Synapse, Eyelet, Crawler and .gif from god, Eyelet, gif from god	Metro Baltimore	Thursday, October 8, 2026	https://metrobmore.com//events/
The Radiohead Jazz Project	Mr Henry's Restaurant	Thursday, October 8, 2026	http://www.mrhenrysdc.com/calendar/
Barry Moton	Mr Henry's Restaurant	Thursday, October 8, 2026	http://www.mrhenrysdc.com/calendar/
Unka Funk	New Deal Cafe	Thursday, October 8, 2026	https://www.newdealcafe.com/events/calendar/
Love For Strangers, Munk, Crashed Chords	Ottobar	Thursday, October 8, 2026	http://www.theottobar.com/calendar
OCT, Lewky	Pearl Street Warehouse	Thursday, October 8, 2026	http://www.pearlstreetwarehouse.com/
Kinda Evil, Shame Shame, Knifing Around	Pie Shop DC	Thursday, October 8, 2026	https://pieshopdc.com/events/
Coco Smith / Flo Petite / Ethan McNeal / Aiden Cramp	Rhizome DC	Thursday, October 8, 2026	http://www.rhizomedc.org/
Robert Lester Folsom, Liz Cooper	Songbyrd DC	Thursday, October 8, 2026	http://www.songbyrddc.com/events/
Free Flowing Musical Experience	Starr Hill Tysons	Thursday, October 8, 2026	https://www.starrhilltysons.com/events
Slift, Rhododendron	The Atlantis	Thursday, October 8, 2026	https://theatlantis.com/
Lalah Hathaway	The Birchmere	Thursday, October 8, 2026	http://www.birchmere.com/calendar/
Skillet: Comatose 20 Years, Still Screaming Tour	The Fillmore Silver Spring	Thursday, October 8, 2026	http://www.fillmoresilverspring.com/
Kit Benz and Jason Heiser	The Horse You Came In On	Thursday, October 8, 2026	https://www.thehorsebaltimore.com/live-music
October Bluebeat: Lady Hatchet, Dunia & Aram Soundclash!	The Wonderland Ballroom	Thursday, October 8, 2026	http://www.thewonderlandballroom.com/shows-and-events/
Plutonian Burrito (Florida), Uncle Anus, Los Dientes Hundidos en la...	Wax Atlas	Thursday, October 8, 2026	http://shows.waxatlas.com
Bright Eyes, Lullaby For The Working Class	9:30 Club	Friday, October 9, 2026	http://www.930.com/#upcoming-shows-container
Strange Boutique, Cemetery Sex, DJ Sara Vox	Black Cat	Friday, October 9, 2026	http://www.blackcatdc.com/schedule.html
Mireya Ramos	Blues Alley	Friday, October 9, 2026	https://wl.seetickets.us/bluesalley
Alfredo Mojica Group	Bossa Bistro	Friday, October 9, 2026	http://bossadc.com/events/
Dark & Stormy	Capital One Hall	Friday, October 9, 2026	
Arash Live in Northern Va	Capital One Hall	Friday, October 9, 2026	
Brat, Us Bastards	Comet Ping Pong	Friday, October 9, 2026	http://www.cometpingpong.com/livemusic/
Nü Androids Presents: Morgan Seatree	Culture DC	Friday, October 9, 2026	https://www.culturedc.com/events
She's Green, Witches Exist, smush	DC9	Friday, October 9, 2026	https://www.dc9.club/events
Check My Brain Debut	Donna's Tavern & Restaurant of Dundalk	Friday, October 9, 2026	https://www.facebook.com/Donnas-Tavern-Restaurant-of-Dundalk-108548041276936/events/
The Methmatics	Fish Head Cantina	Friday, October 9, 2026	https://app.neonox.io/matolo/
Tye Turner	Flash	Friday, October 9, 2026	http://www.flashdc.com/
Marcel Dettmann (Bad Manners, K7!, Ostgut Ton | Berlin), dimneonsum, Mazko A, Bassment Tracks, Dopamina, Big Sur	Flash	Friday, October 9, 2026	http://www.flashdc.com/
Brandon Wayne & His Lonesome Drifters • Free Dance Lesson @8:30	Hank Dietle's Tavern	Friday, October 9, 2026	https://www.hankdietles.net/
Robert Lighthouse	Hank Dietle's Tavern	Friday, October 9, 2026	https://www.hankdietles.net/
Getaway Car, Shane Hines, Ryan Wright	Jammin Java	Friday, October 9, 2026	http://jamminjava.com
Colin Chambers & Friends	JoJo DC	Friday, October 9, 2026	https://www.jojodc.com/events/
Pieces of a Dream 50th Anniversary Celebration!	Keystone Korner Baltimore	Friday, October 9, 2026	https://www.keystonekornerbaltimore.com/calendar
the dceivers	Mayan Monkey Brewing Co	Friday, October 9, 2026	https://www.mayanmonkeybrewingco.com/music
ERIC’S 40th Birthday Show, Riot Act: A Tribute to Pearl Jam and DJ Amsies	Metro Baltimore	Friday, October 9, 2026	https://metrobmore.com//events/
The Radiohead Jazz Project	Mr Henry's Restaurant	Friday, October 9, 2026	http://www.mrhenrysdc.com/calendar/
Uncle Acid and the Deadbeats, Messa	Nevermore Hall	Friday, October 9, 2026	https://nevermorehall.com/
ilyAIMY	New Deal Cafe	Friday, October 9, 2026	https://www.newdealcafe.com/events/calendar/
Soulful Fridays ft. the Rollex Band	Next Phaze	Friday, October 9, 2026	https://www.eventbrite.com/cc/next-phaze-events-251969
Don Giovanni - Oct. 9, 2026	Opera Baltimore	Friday, October 9, 2026	https://www.operabaltimore.org/events-tickets
House of Heavy	Pearl Street Warehouse	Friday, October 9, 2026	http://www.pearlstreetwarehouse.com/
Ninth Realm (Album release show!), Face First, Concrete Caveman, Gorgar	Pie Shop DC	Friday, October 9, 2026	https://www.facebook.com/pg/pieshopdc/events/
HFS	Reckless Shepherd Brewery	Friday, October 9, 2026	https://recklessshepherd.com/brewery-events/
Emotional World / The Flash Hits / Hushing	Rhizome DC	Friday, October 9, 2026	http://www.rhizomedc.org/
Riot Grrrl’s Not Dead DC!, ft. Buko Buko, Ammonite, Bitter Tits	Songbyrd DC	Friday, October 9, 2026	http://www.songbyrddc.com/events/
The "V"	Starr Hill Tysons	Friday, October 9, 2026	https://www.starrhilltysons.com/events
White Ford Bronco: DC's All '90s Band	The Atlantis	Friday, October 9, 2026	https://theatlantis.com/
Lalah Hathaway	The Birchmere	Friday, October 9, 2026	http://www.birchmere.com/calendar/
3BallMTY	The Fillmore Silver Spring	Friday, October 9, 2026	http://www.fillmoresilverspring.com/
North Mississippi Allstars	The Hamilton	Friday, October 9, 2026	http://live.thehamiltondc.com/calendar/
Loft Late Night: Time In The Wilderness	The Hamilton	Friday, October 9, 2026	http://live.thehamiltondc.com/calendar/
Chris Ritsch	The Horse You Came In On	Friday, October 9, 2026	https://www.thehorsebaltimore.com/live-music
Michael Kosta: Big Dad Energy	The Howard Theatre	Friday, October 9, 2026	https://www.thehowardtheatre.com/
Flex, La Factoria Demphra & Makano	The Howard Theatre	Friday, October 9, 2026	https://www.thehowardtheatre.com/
Cody Tyler	The Original Cancun Cantina	Friday, October 9, 2026	https://www.theoriginalcancuncantina.com/live-music-events/
Six Foot Blonde - Spit It Out Tour, Lookout	Union Stage	Friday, October 9, 2026	https://www.unionstagepresents.com/
A Haunting Good Line Up	Zen West	Friday, October 9, 2026	https://www.facebook.com/pg/ZenWestCantina/events/
Wild Rice	1919	Saturday, October 10, 2026	
Live Music: Cole Larravide	7 Locks Brewing	Saturday, October 10, 2026	http://www.7locksbrewing.com/events/
Mo Lowda & The Humble - Tailing the Ghost Tour, Surf Hat	9:30 Club	Saturday, October 10, 2026	http://www.930.com/#upcoming-shows-container
Basement, Momma	9:30 Club	Saturday, October 10, 2026	http://www.930.com/#upcoming-shows-container
Jacklalope Carnival: Brushes with the Other Worldly--Save the Date!	Black Cherry Puppet Theater	Saturday, October 10, 2026	
Orquesta Akokán - Cuban Jazz Series	Blues Alley	Saturday, October 10, 2026	https://wl.seetickets.us/bluesalley
¡Latin Night with Tumbao!	Bossa Bistro	Saturday, October 10, 2026	http://bossadc.com/events/
Union Bridge	Brewers Landing	Saturday, October 10, 2026	https://brewerslanding.net/upcoming-bands
Nü Androids Presents: Arlo	Culture DC	Saturday, October 10, 2026	https://www.culturedc.com/events
Ryman Leon, Sam Nicholson	DC9	Saturday, October 10, 2026	https://www.dc9.club/events
Back in Time Live at Dtr	Donna's Tavern & Restaurant of Dundalk	Saturday, October 10, 2026	https://www.facebook.com/Donnas-Tavern-Restaurant-of-Dundalk-108548041276936/events/
Afrojack - Control Tour	Echostage	Saturday, October 10, 2026	https://echostage.com/all-events/
FIZZ	Fish Head Cantina	Saturday, October 10, 2026	https://app.neonox.io/matolo/
Colin Benders [LiVE] (Netherlands), Sal Negro	Flash	Saturday, October 10, 2026	http://www.flashdc.com/
Darco, Solo b2b La Petite	Flash	Saturday, October 10, 2026	http://www.flashdc.com/
Live Music: Benefit Concert for Immigrant Rights	Galactic Panther Art Gallery	Saturday, October 10, 2026	https://www.eventbrite.com/o/galactic-panther-art-gallery-43341158153
Bloom at Good Hope — GËTTE	Good Hope Neighborhood Recreation Center	Saturday, October 10, 2026	
The VI-Kings	Hank Dietle's Tavern	Saturday, October 10, 2026	https://www.hankdietles.net/
Michelle Shocked, Jay Byrd	Hank Dietle's Tavern	Saturday, October 10, 2026	https://www.hankdietles.net/
Flower Power Happy Hour Band - A Special British Invasion Show!	JV's Restaurant	Saturday, October 10, 2026	http://www.jvsrestaurant.com/home
Pieces of a Dream 50th Anniversary Celebration!	Keystone Korner Baltimore	Saturday, October 10, 2026	https://www.keystonekornerbaltimore.com/calendar
Dance Little Sister	Mayan Monkey Brewing Co	Saturday, October 10, 2026	https://www.mayanmonkeybrewingco.com/music
beabadoobee: The Powerlines Tour*, Wisp	Merriweather Post Pavilion	Saturday, October 10, 2026	http://www.merriweathermusic.com/
Supersuckers, The Rumours	Metro Baltimore	Saturday, October 10, 2026	https://metrobmore.com//events/
Dropping Sully, Chris Falcon, Last Chance Motel	Morsberger's Tavern	Saturday, October 10, 2026	https://morsbergers.com/live-category/music/
Welker	Mosaic Ultra Lounge	Saturday, October 10, 2026	
Maija Rejman presents A Beatles Extravaganza	Mr Henry's Restaurant	Saturday, October 10, 2026	http://www.mrhenrysdc.com/calendar/
Plies	Nevermore Hall	Saturday, October 10, 2026	https://nevermorehall.com/
That 80's Synth Pop Band:	New Deal Cafe	Saturday, October 10, 2026	https://www.newdealcafe.com/events/calendar/
Opera Club: Don Giovanni	Opera Baltimore	Saturday, October 10, 2026	https://www.operabaltimore.org/events-tickets
Horse Lords with Crying Laughing & Duncan Moore	Ottobar	Saturday, October 10, 2026	http://www.theottobar.com/calendar
Deadguy, Malform, Oxrun	Pie Shop DC	Saturday, October 10, 2026	https://www.facebook.com/pg/pieshopdc/events/
Broken Record, Petrichor, Sonorosa	Quarry House Tavern	Saturday, October 10, 2026	https://www.quarryhousetavern.com/music
Chelsea Wolfe: The Dark – World Tour, With Jonathan Hultén	Sixth & I	Saturday, October 10, 2026	https://www.sixthandi.org/events/category/arts-entertainment/music/list/
Staring In Spaces (Single Release Show), Endlings	Songbyrd DC	Saturday, October 10, 2026	http://www.songbyrddc.com/events/
Staring In Spaces Presents The Afterparty!, ft. DJ Fibi, Yoshmo	Songbyrd DC	Saturday, October 10, 2026	http://www.songbyrddc.com/events/
Römper Rüme	Starr Hill Tysons	Saturday, October 10, 2026	https://www.starrhilltysons.com/events
Practically Einstein	Starr Hill Tysons	Saturday, October 10, 2026	https://www.starrhilltysons.com/events
Sendy Brown Band	Takoma Station Tavern	Saturday, October 10, 2026	https://www.takomastation.com/
Jessie Ware: The Superbloom Tour 2026, dhruv	The Anthem	Saturday, October 10, 2026	http://www.theanthemdc.com/calendar/
Olivia O'Brien Presents: The Pixie Tour, Maya Donovan	The Atlantis	Saturday, October 10, 2026	https://theatlantis.com/
Linger: A Tribute to the Cranberries	The Gordon Center	Saturday, October 10, 2026	https://gordoncenter.com/music/
Brass-A-Holics	The Hamilton	Saturday, October 10, 2026	http://live.thehamiltondc.com/calendar/
Kris V and Ritchie D	The Horse You Came In On	Saturday, October 10, 2026	https://www.thehorsebaltimore.com/live-music
Tim Cyphers and Jeff Hurn	The Horse You Came In On	Saturday, October 10, 2026	https://www.thehorsebaltimore.com/live-music
Brandon Freelump	The Horse You Came In On	Saturday, October 10, 2026	https://www.thehorsebaltimore.com/live-music
Epik High 3.0 North American Tour	The Howard Theatre	Saturday, October 10, 2026	https://www.thehowardtheatre.com/
The Wankers: The Best Of Britpop & Beyond!	The Recher MD	Saturday, October 10, 2026	https://therechermd.com/shows/
The Warped Tour Band - A Tribute To Emo/pop-punk	The State Theatre	Saturday, October 10, 2026	http://www.thestatetheatre.com/events/upcoming_events.xml
Bayonne - The ‘Filters’ Tour	Union Stage	Saturday, October 10, 2026	https://www.unionstagepresents.com/
Lewis OfMan - 50kwtts North American Tour	Union Stage	Saturday, October 10, 2026	https://www.unionstagepresents.com/
The Know Hard Feelings Tour	Zen West	Saturday, October 10, 2026	https://www.facebook.com/pg/ZenWestCantina/events/
Brian Fallon & The Pain Killers, Tim Barry	Black Cat	Sunday, October 11, 2026	http://www.blackcatdc.com/schedule.html
Melvis Santa's Gata Jazz Trio - Cuban Jazz Series	Blues Alley	Sunday, October 11, 2026	https://wl.seetickets.us/bluesalley
-Michelle Shocked	Club 603	Sunday, October 11, 2026	http://www.club603.com/calendar-2/
Brotherkenzie, Dirt Buyer	DC9	Sunday, October 11, 2026	https://www.dc9.club/events
Sunday Funday with Sharon Dukes & The All Star Band	Donna's Tavern & Restaurant of Dundalk	Sunday, October 11, 2026	https://www.facebook.com/Donnas-Tavern-Restaurant-of-Dundalk-108548041276936/events/
Music In The Green Room By:, Enamour (Crosstown Rebels, Diynamic | La), Neko Berg, Maricuche, Wellness Session: 3pm- 4pm Club Level | 2:45pm Doors | Complimentary Offering - First Come, First Serve, TBA, Love Bazaar: 5-9pm | Club Room, Local Vendors Marketplace	Flash	Sunday, October 11, 2026	http://www.flashdc.com/
DJ Ed Bailey, Sean Morris, Twyle	Flash	Sunday, October 11, 2026	http://www.flashdc.com/
Live Music: ArtSchool Live @ Galactic Panther	Galactic Panther Art Gallery	Sunday, October 11, 2026	https://www.eventbrite.com/o/galactic-panther-art-gallery-43341158153
Keyboard Conversations® with Jeffrey Siegel: Glorious Musical Jewels – Beethoven and Schubert	GMU Center For The Arts	Sunday, October 11, 2026	https://cfa.calendar.gmu.edu/series-music/
Good Trouble Troubadours, Scott Dineen & Bill Vaughan	Hank Dietle's Tavern	Sunday, October 11, 2026	https://www.hankdietles.net/
Bronson Hoover • Album Release Party	Hank Dietle's Tavern	Sunday, October 11, 2026	https://www.hankdietles.net/
Ellis Paul, Shanna in a Dress	Jammin Java	Sunday, October 11, 2026	http://jamminjava.com
Sol Roots Trio	JoJo DC	Sunday, October 11, 2026	https://www.jojodc.com/events/
Aj Ghent & His Singing Guitar	Keystone Korner Baltimore	Sunday, October 11, 2026	https://www.keystonekornerbaltimore.com/calendar
New Jack Swing Birthday Bash featuring Teddy Riley and Guy	MGM National Harbor	Sunday, October 11, 2026	https://www.mgmnationalharbor.com/en/entertainment/the-theater.html#/Entertainment%20Calendar
Afi, Choir Boy	Nevermore Hall	Sunday, October 11, 2026	https://nevermorehall.com/
Potecasi Slade & The Slade Band	New Deal Cafe	Sunday, October 11, 2026	https://www.newdealcafe.com/events/calendar/
Don Giovanni - Oct. 11, 2026	Opera Baltimore	Sunday, October 11, 2026	https://www.operabaltimore.org/events-tickets
Opera Pre-Lecure: Don Giovanni Oct 11	Opera Baltimore	Sunday, October 11, 2026	https://www.operabaltimore.org/events-tickets
Panopticon, Catharsis, Born of Plagues	Ottobar	Sunday, October 11, 2026	http://www.theottobar.com/calendar
Magenta Wave, Neighbour Andy	Pearl Street Warehouse	Sunday, October 11, 2026	http://www.pearlstreetwarehouse.com/
Bluegrass Sunday: Unstrung Heroes	Pickett Brewing Company	Sunday, October 11, 2026	https://pickettbrewingco.com/calendar
Adam Paddock, Kate Lardner & The Puzzle	Pie Shop DC	Sunday, October 11, 2026	https://www.facebook.com/pg/pieshopdc/events/
Pablo Ferrández, cello (Baltimore Recital Debut)	Shriver Hall	Sunday, October 11, 2026	https://www.shriverconcerts.org/event/index.php
Cardinal Bloom – Burn The House Tour, Holdfast.	Songbyrd DC	Sunday, October 11, 2026	http://www.songbyrddc.com/events/
Recital & Evensong for Indigenous Peoples Day	St. David's Episcopal Church Baltimore	Sunday, October 11, 2026	
Live Jazz: Geoff Reecer (Guitar) with Dan Roberts (Keyboards)	Tabard Inn	Sunday, October 11, 2026	https://www.tabardinn.com/upcoming_events/
WorldBeat: Rumba Club	Takoma Station Tavern	Sunday, October 11, 2026	https://www.takomastation.com/
Two Door Cinema Club – Tourist History 15th Anniversary Tour, Strfkr	The Anthem	Sunday, October 11, 2026	http://www.theanthemdc.com/calendar/
Tokyo Tea Room - Feel Forever Tour, Argonaut & Wasp	The Atlantis	Sunday, October 11, 2026	https://theatlantis.com/
Alison Brown	The Hamilton	Sunday, October 11, 2026	http://live.thehamiltondc.com/calendar/
Keiron Raphael	The Horse You Came In On	Sunday, October 11, 2026	https://www.thehorsebaltimore.com/live-music
Kaitlyn Barbee	The Horse You Came In On	Sunday, October 11, 2026	https://www.thehorsebaltimore.com/live-music
Ravens Vs Falcons	The Horse You Came In On	Sunday, October 11, 2026	https://www.thehorsebaltimore.com/live-music
An Intimate Evening with Tamar Braxton & Friends	The Howard Theatre	Sunday, October 11, 2026	https://www.thehowardtheatre.com/
Music in the Mansion: Raul Midón	The Music Center at Strathmore	Sunday, October 11, 2026	https://www.strathmore.org/calendar
Shawn James - Flew Too Close To The Sun Tour	Union Stage	Sunday, October 11, 2026	https://www.unionstagepresents.com/
Collapsing, Slab of Meet, Tangelo Mantis, Los Dientes Hundidos en...	Wax Atlas	Sunday, October 11, 2026	http://shows.waxatlas.com
Knox, Emi Grace	9:30 Club	Monday, October 12, 2026	http://www.930.com/#upcoming-shows-container
Show Me The Body, Whispers, Lip Critic, Combust	Black Cat	Monday, October 12, 2026	http://www.blackcatdc.com/schedule.html
Kemuel Roig - Solo Piano - Recording Release - Cuban Jazz Series	Blues Alley	Monday, October 12, 2026	https://wl.seetickets.us/bluesalley
Joon	DC9	Monday, October 12, 2026	https://www.dc9.club/events
Great Lake Swimmers	Jammin Java	Monday, October 12, 2026	http://jamminjava.com
Inter Arma, Chained to the Bottom of the Ocean, Trhä and Distend, Trhä, Distend	Metro Baltimore	Monday, October 12, 2026	https://metrobmore.com//events/
Grayson Moon, Feather & Flask, Red 40, Nrf War	Ottobar	Monday, October 12, 2026	http://www.theottobar.com/calendar
Ida, The Golden Hours	Pearl Street Warehouse	Monday, October 12, 2026	http://www.pearlstreetwarehouse.com/
Hans Tammen / Marcus Cummins Duo Plus Jamal Moore	Rhizome DC	Monday, October 12, 2026	http://www.rhizomedc.org/
Free Capitol Cantata Series	St. Mark's Episcopal Church- Capitol Hill	Monday, October 12, 2026	
Live Jazz: Donato Soviero (Guitar) with James King (Bass)	Tabard Inn	Monday, October 12, 2026	https://www.tabardinn.com/upcoming_events/
Westside Cowboy, Star Moles	The Atlantis	Monday, October 12, 2026	https://theatlantis.com/
Aoife O’donovan – Solo Acoustic	The Birchmere	Monday, October 12, 2026	http://www.birchmere.com/calendar/
Brandon Freelump	The Horse You Came In On	Monday, October 12, 2026	https://www.thehorsebaltimore.com/live-music
Goldcoast Ent Presents 2 Chainz	The Howard Theatre	Monday, October 12, 2026	https://www.thehowardtheatre.com/
Token - I'm Leaving Soon, Clark D, DJ Lucas	Union Stage	Monday, October 12, 2026	https://www.unionstagepresents.com/
My Hero Academia in Concert	Warner Theatre	Monday, October 12, 2026	http://www.warnertheatredc.com/
An evening with Raul Midón	An Die Musik	Tuesday, October 13, 2026	http://andiemusiklive.com/events/
Chanel Beads, Horse Vision, Car Culture	Black Cat	Tuesday, October 13, 2026	http://www.blackcatdc.com/schedule.html
Kalí Rodríguez-Peña feat. Dayme Arocena - Cuban Jazz Series	Blues Alley	Tuesday, October 13, 2026	https://wl.seetickets.us/bluesalley
Gully Boys, Pollyanna, Cinema Hearts	DC9	Tuesday, October 13, 2026	https://www.dc9.club/events
Live Music: Lowe Cellar, Mothlights, Final Images	Galactic Panther Art Gallery	Tuesday, October 13, 2026	https://www.eventbrite.com/o/galactic-panther-art-gallery-43341158153
Dan Hovey	Hank Dietle's Tavern	Tuesday, October 13, 2026	https://www.hankdietles.net/
Kiti Gartner & the Drifting Valentines	Hank Dietle's Tavern	Tuesday, October 13, 2026	https://www.hankdietles.net/
Garrison Starr, L Rodgers	Jammin Java	Tuesday, October 13, 2026	http://jamminjava.com
Kevin Brewster & Black Renaissance	Keystone Korner Baltimore	Tuesday, October 13, 2026	https://www.keystonekornerbaltimore.com/calendar
An Evening with Composer John Adams and the Washington National Opera	Library of Congress	Tuesday, October 13, 2026	
Genitorturers ‘Live, Lewd Tour’, Nathan James, Fun Never Starts and DJ Neska, Nathan James, Fun Never Starts	Metro Baltimore	Tuesday, October 13, 2026	https://metrobmore.com//events/
BurnDown Tour with Knumears, Catalyst and Love Letter	Ottobar	Tuesday, October 13, 2026	http://www.theottobar.com/calendar
Lauren Ash	Pearl Street Warehouse	Tuesday, October 13, 2026	http://www.pearlstreetwarehouse.com/
Origami Summer, Rose Lens, Alaska's Angels RenRiot	Pie Shop DC	Tuesday, October 13, 2026	https://www.facebook.com/pg/pieshopdc/events/
Autobahn / Semi Trucks	Rhizome DC	Tuesday, October 13, 2026	http://www.rhizomedc.org/
Open Mike Eagle, Kenny Segal, Dice Raw	Songbyrd DC	Tuesday, October 13, 2026	http://www.songbyrddc.com/events/
Eric Henkels	Starr Hill Tysons	Tuesday, October 13, 2026	https://www.starrhilltysons.com/events
Balthvs, Free Whenever	The Atlantis	Tuesday, October 13, 2026	https://theatlantis.com/
Free Downtown Cantata Series	The Church of the Epiphany	Tuesday, October 13, 2026	
Kelela - new avatar live	The Fillmore Silver Spring	Tuesday, October 13, 2026	http://www.fillmoresilverspring.com/
Jimmy Solesky Super Show	The Horse You Came In On	Tuesday, October 13, 2026	https://www.thehorsebaltimore.com/live-music
Tricky	The Lincoln Theatre	Tuesday, October 13, 2026	https://www.ticketmaster.com/lincoln-theatre-tickets-washington/venue/172087
Wesley Joseph - The Forever Tour 2026	Union Stage	Tuesday, October 13, 2026	https://www.unionstagepresents.com/
Igorrr, Secret Chiefs 3, Violent Magic Orchestra	Baltimore Soundstage	Wednesday, October 14, 2026	http://www.baltimoresoundstage.com/listing/
Man Or Astro-man?, Light Beams	Black Cat	Wednesday, October 14, 2026	http://www.blackcatdc.com/schedule.html
Dayramir González and Quartet - Recording Release - Cuban Piano Jazz Series	Blues Alley	Wednesday, October 14, 2026	https://wl.seetickets.us/bluesalley
Margo Cilker, Lilly Hiatt	DC9	Wednesday, October 14, 2026	https://www.dc9.club/events
Keith Grimes & Dean Dalton	Hank Dietle's Tavern	Wednesday, October 14, 2026	https://www.hankdietles.net/
Domenic Cicala-Album Release Party	Hank Dietle's Tavern	Wednesday, October 14, 2026	https://www.hankdietles.net/
Fred Eaglesmith featuring Tif Ginn	Jammin Java	Wednesday, October 14, 2026	http://jamminjava.com
Anton ⚡ Jimmy's Seafood!	Jimmy's Famous Seafood	Wednesday, October 14, 2026	
Bayway, Cold Steel, Two-Piece, Load Tha Nine and Fade To Nothing, Cold Steel, Two-Piece, Load Tha Nine	Metro Baltimore	Wednesday, October 14, 2026	https://metrobmore.com//events/
Sin Bandera - Escenas Us Tour	MGM National Harbor	Wednesday, October 14, 2026	https://www.mgmnationalharbor.com/en/entertainment/the-theater.html#/Entertainment%20Calendar
Live Music Every Wednesday with Mark Stewart and Friends	Next Phaze	Wednesday, October 14, 2026	https://www.eventbrite.com/cc/next-phaze-events-251969
Philip Bowen, Emily Woodhull	Pearl Street Warehouse	Wednesday, October 14, 2026	http://www.pearlstreetwarehouse.com/
Abigail Rose & Melanie MacLaren	Pie Shop DC	Wednesday, October 14, 2026	https://www.facebook.com/pg/pieshopdc/events/
Harry Sings, John Hoffman, Janitors	Quarry House Tavern	Wednesday, October 14, 2026	https://www.quarryhousetavern.com/music
IIIsa / Heather Stebbins & Rachel Beetz / projections by Ex Lamp	Rhizome DC	Wednesday, October 14, 2026	http://www.rhizomedc.org/
Ryan Peter Murphy	Songbyrd DC	Wednesday, October 14, 2026	http://www.songbyrddc.com/events/
Shane Gamble	Starr Hill Tysons	Wednesday, October 14, 2026	https://www.starrhilltysons.com/events
Sugar, J. Robbins (Jawbox)	The Anthem	Wednesday, October 14, 2026	http://www.theanthemdc.com/calendar/
bunII - BunIIversity Tour, Crayon	The Atlantis	Wednesday, October 14, 2026	https://theatlantis.com/
Logan Mize	The Hamilton	Wednesday, October 14, 2026	http://live.thehamiltondc.com/calendar/
Brandon Freelump	The Horse You Came In On	Wednesday, October 14, 2026	https://www.thehorsebaltimore.com/live-music
Club 520 Live: Homecoming Edition — Presented by Project 68 and Howard University's Cathy Hughes School of Communications	The Howard Theatre	Wednesday, October 14, 2026	https://www.thehowardtheatre.com/
Dice, Fai Laci	Union Stage	Wednesday, October 14, 2026	https://www.unionstagepresents.com/
Rebecca Black - Exhibitionism on Tour, Bayli	9:30 Club	Thursday, October 15, 2026	http://www.930.com/#upcoming-shows-container
Weedeater, ZEKE, Royal Thunder, Yes Ma'am	Black Cat	Thursday, October 15, 2026	http://www.blackcatdc.com/schedule.html
Chuchito Valdés - Cuban Jazz Series	Blues Alley	Thursday, October 15, 2026	https://wl.seetickets.us/bluesalley
Early Show! JazzMob DC	Bossa Bistro	Thursday, October 15, 2026	http://bossadc.com/events/
Mexican Slum Rats, Gerf	Comet Ping Pong	Thursday, October 15, 2026	http://www.cometpingpong.com/livemusic/
Cortisa Star, JadaDoll	DC9	Thursday, October 15, 2026	https://www.dc9.club/events
Live Music: Classic Traffic - Beauty - Fond	Galactic Panther Art Gallery	Thursday, October 15, 2026	https://www.eventbrite.com/o/galactic-panther-art-gallery-43341158153
The Grandsons Present Special Guest: Tom Meltzer	Hank Dietle's Tavern	Thursday, October 15, 2026	https://www.hankdietles.net/
The Izmirlian Ensemble	Hank Dietle's Tavern	Thursday, October 15, 2026	https://www.hankdietles.net/
Jazz w/Gracie Jay	Henceforth DC	Thursday, October 15, 2026	https://www.henceforthdc.com/events
Gettin' Weir'd, Annual Bobby Birthday tour! The Ultimate Bob Weir tribute	Jammin Java	Thursday, October 15, 2026	http://jamminjava.com
Phaze II: The Music of The Crusaders	Keystone Korner Baltimore	Thursday, October 15, 2026	https://www.keystonekornerbaltimore.com/calendar
Brandon Woody in Concert	Linehan Concert Hall	Thursday, October 15, 2026	https://artscalendar.umbc.edu/category/all-events/arts/music/
Cory Branan, ilyAIMY	Metro Baltimore	Thursday, October 15, 2026	https://metrobmore.com//events/
Kool & The Gang with The S.o.s. Band	MGM National Harbor	Thursday, October 15, 2026	https://www.mgmnationalharbor.com/en/entertainment/the-theater.html#/Entertainment%20Calendar
Andrew Musselman	Mr Henry's Restaurant	Thursday, October 15, 2026	http://www.mrhenrysdc.com/calendar/
The Story So Far, The Starting Line, Ultra Q	Nevermore Hall	Thursday, October 15, 2026	https://nevermorehall.com/
The Classic Jam with The Low Rent Quartet:	New Deal Cafe	Thursday, October 15, 2026	https://www.newdealcafe.com/events/calendar/
Rehash with The Flooks and sundots	Ottobar	Thursday, October 15, 2026	http://www.theottobar.com/calendar
BoomBox, Future Joy	Pearl Street Warehouse	Thursday, October 15, 2026	http://www.pearlstreetwarehouse.com/
Bluegrass Jam: Baltimore's Best Open Mic	Pickett Brewing Company	Thursday, October 15, 2026	https://pickettbrewingco.com/calendar
Maneka, Tosser, Ducts	Quarry House Tavern	Thursday, October 15, 2026	https://www.quarryhousetavern.com/music
Gotv Benefit w/AllStrike, Mantagonist, Overton Widow	Simple Underground	Thursday, October 15, 2026	
Az Chike ‘No Rest For The Wicked’ Tour	Songbyrd DC	Thursday, October 15, 2026	http://www.songbyrddc.com/events/
Justin Trawick & The Common Good	Starr Hill Tysons	Thursday, October 15, 2026	https://www.starrhilltysons.com/events
Morrissey	The Anthem	Thursday, October 15, 2026	http://www.theanthemdc.com/calendar/
Lauren Sanderson - Come Say Sum Tour, Xkylar	The Atlantis	Thursday, October 15, 2026	https://theatlantis.com/
Keiko Matsui	The Birchmere	Thursday, October 15, 2026	http://www.birchmere.com/calendar/
Kit Benz and Jason Heiser	The Horse You Came In On	Thursday, October 15, 2026	https://www.thehorsebaltimore.com/live-music
Bethel Music 2026 Tour	The Howard Theatre	Thursday, October 15, 2026	https://www.thehowardtheatre.com/
for King, Country, The Most Beautiful Colours Tour	The Lyric	Thursday, October 15, 2026	https://www.lyricbaltimore.com/events
Music in the Mansion: Poiesis Quartet	The Music Center at Strathmore	Thursday, October 15, 2026	https://www.strathmore.org/calendar
Allison Russell, Autumn Nicholas	9:30 Club	Friday, October 16, 2026	http://www.930.com/#upcoming-shows-container
Laundry Day Presents: The Larger Than Life Tour, Illusion Hills	9:30 Club	Friday, October 16, 2026	http://www.930.com/#upcoming-shows-container
Plini – An Unnameable Desire North American Tour, Night Verses, Portraits	Baltimore Soundstage	Friday, October 16, 2026	http://www.baltimoresoundstage.com/listing/
Pretty Bitter, Pulses., Padfoot, thisdogllhunt	Black Cat	Friday, October 16, 2026	http://www.blackcatdc.com/schedule.html
Chuchito Valdés - Cuban Jazz Series	Blues Alley	Friday, October 16, 2026	https://wl.seetickets.us/bluesalley
Alfredo Mojica Group	Bossa Bistro	Friday, October 16, 2026	http://bossadc.com/events/
-Jason Narducy	Club 603	Friday, October 16, 2026	http://www.club603.com/calendar-2/
Guardin, Kennedyxoxo, Fijimar	DC9	Friday, October 16, 2026	https://www.dc9.club/events
Alter Ego	Donna's Tavern & Restaurant of Dundalk	Friday, October 16, 2026	https://www.facebook.com/Donnas-Tavern-Restaurant-of-Dundalk-108548041276936/events/
Drive Thru Snafu	Fish Head Cantina	Friday, October 16, 2026	https://app.neonox.io/matolo/
Gentlemens Club	Flash	Friday, October 16, 2026	http://www.flashdc.com/
Victor Calderone (Matter+ | Nyc), Vithz (Milan), Adrian Collazo, Zach Pleasant	Flash	Friday, October 16, 2026	http://www.flashdc.com/
Beatles at Dietle's	Hank Dietle's Tavern	Friday, October 16, 2026	https://www.hankdietles.net/
The Roustabouts	Hank Dietle's Tavern	Friday, October 16, 2026	https://www.hankdietles.net/
The Fabulous Dialtones Rock and Dance Party, Molly & The Misfits	Jammin Java	Friday, October 16, 2026	http://jamminjava.com
Four80East	Keystone Korner Baltimore	Friday, October 16, 2026	https://www.keystonekornerbaltimore.com/calendar
Glimmer + Blisshouse + Aprilsong	Le Mondo	Friday, October 16, 2026	https://www.lemondo.org/calendar
Trio Caliente	Mayan Monkey Brewing Co	Friday, October 16, 2026	https://www.mayanmonkeybrewingco.com/music
Robert Lester Folsom, Liz Cooper	Metro Baltimore	Friday, October 16, 2026	https://metrobmore.com//events/
The Lantern Burns: Saving Vice & To Be A King + Age of Ruin + From A Nightmare + Wisc + The Edge of Desolation	Morsberger's Tavern	Friday, October 16, 2026	https://morsbergers.com/live-category/music/
Kevin Cordt Quartet	Mr Henry's Restaurant	Friday, October 16, 2026	http://www.mrhenrysdc.com/calendar/
The Story So Far, The Starting Line, Ultra Q	Nevermore Hall	Friday, October 16, 2026	https://nevermorehall.com/
The Sandra Dean Band	New Deal Cafe	Friday, October 16, 2026	https://www.newdealcafe.com/events/calendar/
Traitrs, Lye Bath	Pie Shop DC	Friday, October 16, 2026	https://www.facebook.com/pg/pieshopdc/events/
The Wedding Funeral / Rjvj / Donna Lynch (spoken word)	Rhizome DC	Friday, October 16, 2026	http://www.rhizomedc.org/
Guachinangos, Chicha Morada	Songbyrd DC	Friday, October 16, 2026	http://www.songbyrddc.com/events/
KleptoRadio	Starr Hill Tysons	Friday, October 16, 2026	https://www.starrhilltysons.com/events
Sofi Tukker Presents: Animal Talk, Kungs, Nala	The Anthem	Friday, October 16, 2026	http://www.theanthemdc.com/calendar/
feeble little horse - bitknot tour, snuggle	The Atlantis	Friday, October 16, 2026	https://theatlantis.com/
Gerald Albright	The Birchmere	Friday, October 16, 2026	http://www.birchmere.com/calendar/
Rhett Miller	The Hamilton	Friday, October 16, 2026	http://live.thehamiltondc.com/calendar/
Dan Gallagher	The Horse You Came In On	Friday, October 16, 2026	https://www.thehorsebaltimore.com/live-music
Kit Benz Band	The Horse You Came In On	Friday, October 16, 2026	https://www.thehorsebaltimore.com/live-music
Tim Cyphers	The Horse You Came In On	Friday, October 16, 2026	https://www.thehorsebaltimore.com/live-music
Benjamin Tod & Lost Dog Street Band, Tommy Prine	The Howard Theatre	Friday, October 16, 2026	https://www.thehowardtheatre.com/
Sienna Spiro - My House Tour	The Lincoln Theatre	Friday, October 16, 2026	https://www.ticketmaster.com/lincoln-theatre-tickets-washington/venue/172087
Macartney Reinhardt	The Original Cancun Cantina	Friday, October 16, 2026	https://www.theoriginalcancuncantina.com/live-music-events/
Eric Lindell	The Recher MD	Friday, October 16, 2026	https://therechermd.com/shows/
Chasing Abbey	Union Stage	Friday, October 16, 2026	https://www.unionstagepresents.com/
Live Music: Brendan Lane	7 Locks Brewing	Saturday, October 17, 2026	http://www.7locksbrewing.com/events/
An evening with Andrew McMahon and his piano, Ivory Layne	9:30 Club	Saturday, October 17, 2026	http://www.930.com/#upcoming-shows-container
The Residents - Eskimo Live	9:30 Club	Saturday, October 17, 2026	http://www.930.com/#upcoming-shows-container
Pain of Truth, 100 Demons, Shattered Realm, Killing Pace	Baltimore Soundstage	Saturday, October 17, 2026	http://www.baltimoresoundstage.com/listing/
Guitar Hero Flashband Showcase, by 7drumcity	Black Cat	Saturday, October 17, 2026	http://www.blackcatdc.com/schedule.html
The Bayberries	Black Cherry Puppet Theater	Saturday, October 17, 2026	
Cesar López Quartet - Cuban Jazz Series	Blues Alley	Saturday, October 17, 2026	https://wl.seetickets.us/bluesalley
¡Latin Night with Tumbao!	Bossa Bistro	Saturday, October 17, 2026	http://bossadc.com/events/
Experience	Brewers Landing	Saturday, October 17, 2026	https://brewerslanding.net/upcoming-bands
Jason Narducy	Club 603	Saturday, October 17, 2026	http://www.club603.com/calendar-2/
Foul Play Returns to Dtr	Donna's Tavern & Restaurant of Dundalk	Saturday, October 17, 2026	https://www.facebook.com/Donnas-Tavern-Restaurant-of-Dundalk-108548041276936/events/
San Holo presents True Love In A Made Up World Tour	Echostage	Saturday, October 17, 2026	https://echostage.com/all-events/
Doc Marten & The Flannels	Fish Head Cantina	Saturday, October 17, 2026	https://app.neonox.io/matolo/
Distant Matter, Bella Grazia, Despi	Flash	Saturday, October 17, 2026	http://www.flashdc.com/
Apollo Dust, House Twelve, Yannis, Adyy Love, Be Ezy, E-que, Manne, Spcl.k, Moejay James, Kevin Pons, Katharsiz, Elusive Water, DJ Al	Flash	Saturday, October 17, 2026	http://www.flashdc.com/
Jackie and The Treehorns, Roscoe Tripp @ Galactic Panther	Galactic Panther Art Gallery	Saturday, October 17, 2026	https://www.eventbrite.com/o/galactic-panther-art-gallery-43341158153
The Chuck Underwood Trio	Hank Dietle's Tavern	Saturday, October 17, 2026	https://www.hankdietles.net/
Pile O' Rocks	Hank Dietle's Tavern	Saturday, October 17, 2026	https://www.hankdietles.net/
Drunken Prayer	Hank Dietle's Tavern	Saturday, October 17, 2026	https://www.hankdietles.net/
Brindley Brothers Reunion, Mike Clem (Eddie From Ohio): Jammin Java 25th Anniversary Party, Mike Clem	Jammin Java	Saturday, October 17, 2026	http://jamminjava.com
The Blackbyrds	Keystone Korner Baltimore	Saturday, October 17, 2026	https://www.keystonekornerbaltimore.com/calendar
The Halfsmokes	Mayan Monkey Brewing Co	Saturday, October 17, 2026	https://www.mayanmonkeybrewingco.com/music
Leap – Entropy World Tour	Metro Baltimore	Saturday, October 17, 2026	https://metrobmore.com//events/
Fall Fest 2026	Music City Maryland Association	Saturday, October 17, 2026	https://www.musiccitymd.org/live-music/
Cannons, Caroline Kingsbury	Nevermore Hall	Saturday, October 17, 2026	https://nevermorehall.com/
Pepper Featuring Jesi Terrell	New Deal Cafe	Saturday, October 17, 2026	https://www.newdealcafe.com/events/calendar/
feeble little horse: bitknot tour	Ottobar	Saturday, October 17, 2026	http://www.theottobar.com/calendar
Axe Collector, Classic, Traffic, Infiltrators, Gist	Ottobar	Saturday, October 17, 2026	http://www.theottobar.com/calendar
Magoo	Pearl Street Warehouse	Saturday, October 17, 2026	http://www.pearlstreetwarehouse.com/
Glimmer, Toro, Scoria	Pie Shop DC	Saturday, October 17, 2026	https://pieshopdc.com/events/
Sun Room Headlining the Sun Rider Fall Fest at Reckless Shepherd	Reckless Shepherd Brewery	Saturday, October 17, 2026	https://recklessshepherd.com/brewery-events/
Rhythmic Tales: William Hooker & On Ka’a Davis	Rhizome DC	Saturday, October 17, 2026	http://www.rhizomedc.org/
Jai’len Josey – The Serial Romantic Tour, Zyah Belle	Songbyrd DC	Saturday, October 17, 2026	http://www.songbyrddc.com/events/
Hijynx - Starr Hill	Starr Hill Tysons	Saturday, October 17, 2026	https://www.starrhilltysons.com/events
Hijynx	Starr Hill Tysons	Saturday, October 17, 2026	https://www.starrhilltysons.com/events
Jameson Green Band	Starr Hill Tysons	Saturday, October 17, 2026	https://www.starrhilltysons.com/events
Chuck Redd	Takoma Station Tavern	Saturday, October 17, 2026	https://www.takomastation.com/
RomancePlanet	The Atlantis	Saturday, October 17, 2026	https://theatlantis.com/
The Whispers – 60th Anniversary!	The Birchmere	Saturday, October 17, 2026	http://www.birchmere.com/calendar/
Concert - Tattercoats & The Iron Ring	The Four Hour Day Lutherie	Saturday, October 17, 2026	https://fourhourday.org/events/
Sierra Hull	The Gordon Center	Saturday, October 17, 2026	https://gordoncenter.com/music/
Fallin’ Free: A Tribute to Tom Petty and the Heartbreakers	The Hamilton	Saturday, October 17, 2026	http://live.thehamiltondc.com/calendar/
Loft Late Night: Chris Timbers Band	The Hamilton	Saturday, October 17, 2026	http://live.thehamiltondc.com/calendar/
Tim Cyphers and Jeff Hurn	The Horse You Came In On	Saturday, October 17, 2026	https://www.thehorsebaltimore.com/live-music
Rod & Reel	The Horse You Came In On	Saturday, October 17, 2026	https://www.thehorsebaltimore.com/live-music
Brandon Freelump	The Horse You Came In On	Saturday, October 17, 2026	https://www.thehorsebaltimore.com/live-music
Phoebe Robinson: Feral & Fired Up	The Howard Theatre	Saturday, October 17, 2026	https://www.thehowardtheatre.com/
Reggaefest	The Howard Theatre	Saturday, October 17, 2026	https://www.thehowardtheatre.com/
The Tallest Man On Earth	The Lincoln Theatre	Saturday, October 17, 2026	https://www.ticketmaster.com/lincoln-theatre-tickets-washington/venue/172087
Mr. Greengenes Returns!	The Recher MD	Saturday, October 17, 2026	https://therechermd.com/shows/
Julia Cole, Jordana Bryant	Union Stage	Saturday, October 17, 2026	https://www.unionstagepresents.com/
Slow Magic, Portyl, No Sir E	Union Stage	Saturday, October 17, 2026	https://www.unionstagepresents.com/
RappollaWeen	Zen West	Saturday, October 17, 2026	https://www.facebook.com/pg/ZenWestCantina/events/
Quadeca, Derby, Olēka	9:30 Club	Sunday, October 18, 2026	http://www.930.com/#upcoming-shows-container
AJJ, Greet Death	Black Cat	Sunday, October 18, 2026	http://www.blackcatdc.com/schedule.html
Cesar López Quartet - Cuban Jazz Series	Blues Alley	Sunday, October 18, 2026	https://wl.seetickets.us/bluesalley
Dogwood Tales, Massie	Comet Ping Pong	Sunday, October 18, 2026	http://www.cometpingpong.com/livemusic/
Diffuse x Ranger Trucco present: Range.	Culture DC	Sunday, October 18, 2026	https://www.culturedc.com/events
Chanpan, Shebad	DC9	Sunday, October 18, 2026	https://www.dc9.club/events
Voces8 in Concert	Emmanuel Episcopal Church	Sunday, October 18, 2026	
Music In The Green Room By:, Willikens (Cómeme, Dekmantel | Amsterdam) & Ivkovic (Offen Music | Berlin), Diego Knows, Katrina Mir, Wellness Session: 3pm- 4pm Club Level | 2:45pm Doors | Complimentary Offering - First Come, First Serve, Manifest Through Movement & Meditation with Aldo Ortega, Love Bazaar: 5-9pm | Club Room, Local Vendors Marketplace	Flash	Sunday, October 18, 2026	http://www.flashdc.com/
Live Music: A Galactic roXplosion: Cash on the Nail • Vice Birds • more!	Galactic Panther Art Gallery	Sunday, October 18, 2026	https://www.eventbrite.com/o/galactic-panther-art-gallery-43341158153
Young Fresh Fellows, Dot Dash • S0ld 0ut •	Hank Dietle's Tavern	Sunday, October 18, 2026	https://www.hankdietles.net/
Veronneau - Blue Tapestry - Celebrating Joni Mitchell & Carole King	Hank Dietle's Tavern	Sunday, October 18, 2026	https://www.hankdietles.net/
Eric Brace, Thomm Jutz	Jammin Java	Sunday, October 18, 2026	http://jamminjava.com
Coffin/Perlson/Krauss & Special Guest Bob Lanzetti	Keystone Korner Baltimore	Sunday, October 18, 2026	https://www.keystonekornerbaltimore.com/calendar
Soji (Phl) + Gunt + Brain Surgery + The Goons + Everything	Le Mondo	Sunday, October 18, 2026	https://www.lemondo.org/calendar
Umbc Jazz Ensemble: Electric Miles	Linehan Concert Hall	Sunday, October 18, 2026	https://artscalendar.umbc.edu/category/all-events/arts/music/
Noah Gundersen ‘RITES Of Spring TOUR’ W, Breakup Shoes and Nathan Evans Fox, Breakup Shoes	Metro Baltimore	Sunday, October 18, 2026	https://metrobmore.com//events/
Salin	Miracle Theatre	Sunday, October 18, 2026	https://themiracletheatre.com/event-category/live-events/
The Princeton Katzenjammers Brunch Show	Mr Henry's Restaurant	Sunday, October 18, 2026	http://www.mrhenrysdc.com/calendar/
The Dillinger Escape Plan, Johnny Booth, Godseyes, Burial Waves	Nevermore Hall	Sunday, October 18, 2026	https://nevermorehall.com/
Grateful Sunday	New Deal Cafe	Sunday, October 18, 2026	https://www.newdealcafe.com/events/calendar/
Austin Meade with guest Sterling Elza	Ottobar	Sunday, October 18, 2026	http://www.theottobar.com/calendar
Ian McConnell, Cherokee Social	Pearl Street Warehouse	Sunday, October 18, 2026	http://www.pearlstreetwarehouse.com/
Miraje (Ep release show!), mieke, Kendall!	Pie Shop DC	Sunday, October 18, 2026	https://www.facebook.com/pg/pieshopdc/events/
Maria Grand Quartet	Rhizome DC	Sunday, October 18, 2026	http://www.rhizomedc.org/
Study Hall	Rhizome DC	Sunday, October 18, 2026	http://www.rhizomedc.org/
Makoto Nakura Marimba Recital	Saint Patrick's Episcopal Church	Sunday, October 18, 2026	
Simone Dinnerstein, piano, Ruth Bader Ginsburg Memorial Recital	Sixth & I	Sunday, October 18, 2026	https://www.sixthandi.org/events/category/arts-entertainment/music/list/
Live Jazz: Steve Herberman (Guitar) with Paul Langosch (Bass)	Tabard Inn	Sunday, October 18, 2026	https://www.tabardinn.com/upcoming_events/
WorldBeat: Janeliasoul	Takoma Station Tavern	Sunday, October 18, 2026	https://www.takomastation.com/
Steve Lacy: Oh yeah? Tour	The Anthem	Sunday, October 18, 2026	http://www.theanthemdc.com/calendar/
Wishy, Dead Sullivan	The Atlantis	Sunday, October 18, 2026	https://theatlantis.com/
Daryl Davis Presents: A Tribute To Chuck Berry	The Birchmere	Sunday, October 18, 2026	http://www.birchmere.com/calendar/
Alvaro Diaz - Omakase Tour	The Fillmore Silver Spring	Sunday, October 18, 2026	http://www.fillmoresilverspring.com/
Charm City Jazz Presents: Regina Belle	The Gordon Center	Sunday, October 18, 2026	https://gordoncenter.com/music/
Jerry’s Middle Finger	The Hamilton	Sunday, October 18, 2026	http://live.thehamiltondc.com/calendar/
Justin Taylor	The Horse You Came In On	Sunday, October 18, 2026	https://www.thehorsebaltimore.com/live-music
Viaje Tropical with Tony Succar, Mauricio Mesones, Mimy Succar y Kenyi Succar	The Howard Theatre	Sunday, October 18, 2026	https://www.thehowardtheatre.com/
Chucho Valdés 85th Birthday Celebration	The Music Center at Strathmore	Sunday, October 18, 2026	https://www.strathmore.org/calendar
Music in the Mansion: Wu Fei & Abigail Washburn	The Music Center at Strathmore	Sunday, October 18, 2026	https://www.strathmore.org/calendar
Stephen Day: The Self Titled Tour, Brother Elsey	Union Stage	Sunday, October 18, 2026	https://www.unionstagepresents.com/
Gillian Welch & David Rawlings Play Grateful Dead Acoustic Reckoning	Warner Theatre	Sunday, October 18, 2026	http://www.warnertheatredc.com/
36th DC Blues Festival	Wunder Garten	Sunday, October 18, 2026	
Cradle Of Filth: Majestic In Death II w/ Blackbraid, Worm, Blackbraid, Worm, Black Satellite	Baltimore Soundstage	Monday, October 19, 2026	http://www.baltimoresoundstage.com/listing/
Allyn Johnson Organ Trio - Hammond B3 Week	Blues Alley	Monday, October 19, 2026	https://wl.seetickets.us/bluesalley
The Snuts	DC9	Monday, October 19, 2026	https://www.dc9.club/events
Young Fresh Fellows w/Clem Fandango • Second show added!	Hank Dietle's Tavern	Monday, October 19, 2026	https://www.hankdietles.net/
Bachelor Boys Band	Jammin Java	Monday, October 19, 2026	http://jamminjava.com
Musicians from the Teatro Real of Spain	Library of Congress	Monday, October 19, 2026	
Acid Mothers Temple, Magick Potion and Plq Mrx, Magick Potion	Metro Baltimore	Monday, October 19, 2026	https://metrobmore.com//events/
Spy, Empty Shell Casing, Spite House, Ousted	Ottobar	Monday, October 19, 2026	http://www.theottobar.com/calendar
The Band Feel, Little Lungs	Pearl Street Warehouse	Monday, October 19, 2026	http://www.pearlstreetwarehouse.com/
The Doomstompers, Mega Infinity, The Fuss, Urban Crater	Pie Shop DC	Monday, October 19, 2026	https://pieshopdc.com/events/
Live Jazz: Steve Herberman (Guitar) with Mike Cemprola (Saxophone)	Tabard Inn	Monday, October 19, 2026	https://www.tabardinn.com/upcoming_events/
ivri, Ally Nicholas	The Atlantis	Monday, October 19, 2026	https://theatlantis.com/
Brandon Freelump	The Horse You Came In On	Monday, October 19, 2026	https://www.thehorsebaltimore.com/live-music
Gillian Welch & David Rawlings Play Grateful Dead Acoustic Reckoning	The Lyric	Monday, October 19, 2026	https://www.lyricbaltimore.com/events
Waylon Wyatt - Dustpiles World Tour, Noah James	9:30 Club	Tuesday, October 20, 2026	http://www.930.com/#upcoming-shows-container
PeelingFlesh, Gridiron, Fatal Realm, Final Resting Place	Baltimore Soundstage	Tuesday, October 20, 2026	http://www.baltimoresoundstage.com/listing/
Benjie Porecki - Hammond B-3 Week	Blues Alley	Tuesday, October 20, 2026	https://wl.seetickets.us/bluesalley
Buddha Trixie, Flight By Nothing, Pleaser	DC9	Tuesday, October 20, 2026	https://www.dc9.club/events
Dan Hovey	Hank Dietle's Tavern	Tuesday, October 20, 2026	https://www.hankdietles.net/
The Hula Monsters	Hank Dietle's Tavern	Tuesday, October 20, 2026	https://www.hankdietles.net/
An Evening with Eric Johanson	Jammin Java	Tuesday, October 20, 2026	http://jamminjava.com
Flamin’ Groovies, Plrls, The Smashing Times	Ottobar	Tuesday, October 20, 2026	http://www.theottobar.com/calendar
Jason Calhoun / Dan / Dogs	Rhizome DC	Tuesday, October 20, 2026	http://www.rhizomedc.org/
Guerilla Toss	Songbyrd DC	Tuesday, October 20, 2026	http://www.songbyrddc.com/events/
Rodrigo Y Gabriela – OurHome Tour	The Anthem	Tuesday, October 20, 2026	http://www.theanthemdc.com/calendar/
Maris	The Atlantis	Tuesday, October 20, 2026	https://theatlantis.com/
Five For Fighting With String Quartet, with Lace & Lee	The Birchmere	Tuesday, October 20, 2026	http://www.birchmere.com/calendar/
Candlebox - Can't Quit You Tour, Fall 2026	The Fillmore Silver Spring	Tuesday, October 20, 2026	http://www.fillmoresilverspring.com/
Jimmy Solesky Super Show	The Horse You Came In On	Tuesday, October 20, 2026	https://www.thehorsebaltimore.com/live-music
Texas Is the Reason, Her Head's On Fire	Union Stage	Tuesday, October 20, 2026	https://www.unionstagepresents.com/
The Damned - Final Damnation 50, Flamin' Groovies, The Courettes	9:30 Club	Wednesday, October 21, 2026	http://www.930.com/#upcoming-shows-container
The Pat Bianchi Trio - Hammond B-3 Week	Blues Alley	Wednesday, October 21, 2026	https://wl.seetickets.us/bluesalley
Arcangel	EagleBank Arena	Wednesday, October 21, 2026	https://www.eaglebankarena.com/events
Mason Symphony Orchestra Concert: Beginnings & Triumphs (2026)	GMU Center For The Arts	Wednesday, October 21, 2026	https://cfa.calendar.gmu.edu/series-music/
Cg Jazz Collective	Hank Dietle's Tavern	Wednesday, October 21, 2026	https://www.hankdietles.net/
Songwriters Association of Washington (Saw) Showcase	Hank Dietle's Tavern	Wednesday, October 21, 2026	https://www.hankdietles.net/
Will Varley, Will Lawrence	Jammin Java	Wednesday, October 21, 2026	http://jamminjava.com
Kate And Logan & Friends	JV's Restaurant	Wednesday, October 21, 2026	http://www.jvsrestaurant.com/home
Dafnis Prieto Sí o Sí Quartet	Keystone Korner Baltimore	Wednesday, October 21, 2026	https://www.keystonekornerbaltimore.com/calendar
“The President’s Own” United States Marine Band Chamber Orchestra	Library of Congress	Wednesday, October 21, 2026	
Ken Lewis: Mixer, Producer, Musician	Linehan Concert Hall	Wednesday, October 21, 2026	https://artscalendar.umbc.edu/category/all-events/arts/music/
The Living Tombstone, Mystery Skulls, Tre Watson	Nevermore Hall	Wednesday, October 21, 2026	https://nevermorehall.com/
Live Music Every Wednesday with Mark Stewart and Friends	Next Phaze	Wednesday, October 21, 2026	https://www.eventbrite.com/cc/next-phaze-events-251969
Eric Johanson, Cuppa T Jones, Jesse Moody	Ottobar	Wednesday, October 21, 2026	http://www.theottobar.com/calendar
Dallas Wax, Brother Thunder	Pearl Street Warehouse	Wednesday, October 21, 2026	http://www.pearlstreetwarehouse.com/
Elanor Moss, Fleeting Femme	Pie Shop DC	Wednesday, October 21, 2026	https://pieshopdc.com/events/
Raphael Rogiński / Sarah Hughes	Rhizome DC	Wednesday, October 21, 2026	http://www.rhizomedc.org/
Lucy (Cooper B. Handy), WifiGawd	Songbyrd DC	Wednesday, October 21, 2026	http://www.songbyrddc.com/events/
Jesse Welles, Hudson Freeman	The Anthem	Wednesday, October 21, 2026	http://www.theanthemdc.com/calendar/
Lexi Jayde	The Atlantis	Wednesday, October 21, 2026	https://theatlantis.com/
Ben Maguire	The Horse You Came In On	Wednesday, October 21, 2026	https://www.thehorsebaltimore.com/live-music
Sanctuary Park Tour: Celebrating 40 Years of The Jayhawks	The Lincoln Theatre	Wednesday, October 21, 2026	https://www.ticketmaster.com/lincoln-theatre-tickets-washington/venue/172087
Lølø - God Forbid a Girl Goes on Tour, Mylie Taylor, Sydney Sherrill	9:30 Club	Thursday, October 22, 2026	http://www.930.com/#upcoming-shows-container
Mike LeDonne's Groovers Quartet - Hammond B3 Week	Blues Alley	Thursday, October 22, 2026	https://wl.seetickets.us/bluesalley
-Young Fresh Fellows	Club 603	Thursday, October 22, 2026	http://www.club603.com/calendar-2/
Rachel Bochner, Janna Jamison	DC9	Thursday, October 22, 2026	https://www.dc9.club/events
Mason Jazz Ensemble Concert: Fall 2026	GMU Center For The Arts	Thursday, October 22, 2026	https://cfa.calendar.gmu.edu/series-music/
The Thrills	Hank Dietle's Tavern	Thursday, October 22, 2026	https://www.hankdietles.net/
Jazz w/Gracie Jay	Henceforth DC	Thursday, October 22, 2026	https://www.henceforthdc.com/events
G. Thomas Allen Quintet	Keystone Korner Baltimore	Thursday, October 22, 2026	https://www.keystonekornerbaltimore.com/calendar
Livewire 16: We the People	Linehan Concert Hall	Thursday, October 22, 2026	https://artscalendar.umbc.edu/category/all-events/arts/music/
Tempesst (Uk)	Metro Baltimore	Thursday, October 22, 2026	https://metrobmore.com//events/
Fervence with Enthronement, Dark Passenger, Relentless Souls, Befell	Morsberger's Tavern	Thursday, October 22, 2026	https://morsbergers.com/live-category/music/
Lucas Netto Quartet	Mr Henry's Restaurant	Thursday, October 22, 2026	http://www.mrhenrysdc.com/calendar/
Lulu's Fate	New Deal Cafe	Thursday, October 22, 2026	https://www.newdealcafe.com/events/calendar/
Batworth Stone, Love Riot, Tom’s Back Door	Ottobar	Thursday, October 22, 2026	http://www.theottobar.com/calendar
East Nash Grass	Pearl Street Warehouse	Thursday, October 22, 2026	http://www.pearlstreetwarehouse.com/
Sungaze, Lavisher, Talking to Shadows, Icarus Phoenix	Pie Shop DC	Thursday, October 22, 2026	https://www.facebook.com/pg/pieshopdc/events/
Bluebelt (Ep Release Show), Lookout, The Overlook	Songbyrd DC	Thursday, October 22, 2026	http://www.songbyrddc.com/events/
Ecca Vandal, Speed of Light	The Atlantis	Thursday, October 22, 2026	https://theatlantis.com/
Phil Vassar (Acoustic) with Talbot Mayo	The Birchmere	Thursday, October 22, 2026	http://www.birchmere.com/calendar/
John Scofield’s Electrospective	The Hamilton	Thursday, October 22, 2026	http://live.thehamiltondc.com/calendar/
Kit Benz and Jason Heiser	The Horse You Came In On	Thursday, October 22, 2026	https://www.thehorsebaltimore.com/live-music
Abbie Gamboa - Have You Ever Looked Around Tour, Chelsea Plank	The Howard Theatre	Thursday, October 22, 2026	https://www.thehowardtheatre.com/
Emei - Night at the Opera Tour	The Lincoln Theatre	Thursday, October 22, 2026	https://www.ticketmaster.com/lincoln-theatre-tickets-washington/venue/172087
Tiana Major9 – November Scorpio Tour, Nali	Union Stage	Thursday, October 22, 2026	https://www.unionstagepresents.com/
Røz Presents: Se Esta Haciendo Tarde, Røz	9:30 Club	Friday, October 23, 2026	http://www.930.com/#upcoming-shows-container
Helado Negro and Reyna Tropical present Helado Tropical	Black Cat	Friday, October 23, 2026	http://www.blackcatdc.com/schedule.html
Charming Disaster	Black Cherry Puppet Theater	Friday, October 23, 2026	
Mike LeDonne's Groovers Quartet - Hammond B3 Week	Blues Alley	Friday, October 23, 2026	https://wl.seetickets.us/bluesalley
Alfredo Mojica Group	Bossa Bistro	Friday, October 23, 2026	http://bossadc.com/events/
Toad the Wet Sprocket Rings: The Acoustic Tour	Capital One Hall	Friday, October 23, 2026	
-Katy Guillen and the Drive	Club 603	Friday, October 23, 2026	http://www.club603.com/calendar-2/
Be Your Own Pet, Girls on Toast	DC9	Friday, October 23, 2026	https://www.dc9.club/events
Chris Lorenzo	Echostage	Friday, October 23, 2026	https://echostage.com/all-events/
Jamnation	Fish Head Cantina	Friday, October 23, 2026	https://app.neonox.io/matolo/
Canabliss	Flash	Friday, October 23, 2026	http://www.flashdc.com/
The Carry Nation (Major Records, Nervous Records | Nyc), Fish House Funk, Lemz & Keenan Orr	Flash	Friday, October 23, 2026	http://www.flashdc.com/
Justin Trawick & The Common Good	Hank Dietle's Tavern	Friday, October 23, 2026	https://www.hankdietles.net/
Munford & Cohen	Hank Dietle's Tavern	Friday, October 23, 2026	https://www.hankdietles.net/
Welbilt, Boogiehawg Reunion Show	Jammin Java	Friday, October 23, 2026	http://jamminjava.com
Kut Klose	Keystone Korner Baltimore	Friday, October 23, 2026	https://www.keystonekornerbaltimore.com/calendar
Milagro Azul	Mayan Monkey Brewing Co	Friday, October 23, 2026	https://www.mayanmonkeybrewingco.com/music
Death Of Summer: Part 6, Pisscorpse, Shunt, Red Brick, Pesterer, Cruel Bomb	Metro Baltimore	Friday, October 23, 2026	https://metrobmore.com//events/
Aaron Myers	Mr Henry's Restaurant	Friday, October 23, 2026	http://www.mrhenrysdc.com/calendar/
The Bob Band	New Deal Cafe	Friday, October 23, 2026	https://www.newdealcafe.com/events/calendar/
Soulful Fridays ft. the Dangerous Collective	Next Phaze	Friday, October 23, 2026	https://www.eventbrite.com/cc/next-phaze-events-251969
Yhwh Nailgun with guest Samba Jean-Baptise	Ottobar	Friday, October 23, 2026	http://www.theottobar.com/calendar
Elizabeth Nichols - I Don't Kiss & Tell, I Kiss & Tour, Dawson Anderson	Pearl Street Warehouse	Friday, October 23, 2026	http://www.pearlstreetwarehouse.com/
Big Little Sister presents: Afters*	Pearl Street Warehouse	Friday, October 23, 2026	http://www.pearlstreetwarehouse.com/
Music: The Ryan Keith Band	Pickett Brewing Company	Friday, October 23, 2026	https://pickettbrewingco.com/calendar
Motherless, Porcupine, Crawler	Pie Shop DC	Friday, October 23, 2026	https://www.facebook.com/pg/pieshopdc/events/
The Betty White Stripes	Reckless Shepherd Brewery	Friday, October 23, 2026	https://recklessshepherd.com/brewery-events/
June McDoom, Lutalo	Songbyrd DC	Friday, October 23, 2026	http://www.songbyrddc.com/events/
Noise in the Basement	Starr Hill Tysons	Friday, October 23, 2026	https://www.starrhilltysons.com/events
Porch Light - Hush Tour, Hotel Fiction	The Atlantis	Friday, October 23, 2026	https://theatlantis.com/
David Cross	The Birchmere	Friday, October 23, 2026	http://www.birchmere.com/calendar/
Cavetown - Running With Scissors Tour	The Fillmore Silver Spring	Friday, October 23, 2026	http://www.fillmoresilverspring.com/
The Brothers Comatose with The Dirty Grass Players	The Hamilton	Friday, October 23, 2026	http://live.thehamiltondc.com/calendar/
Loft Late Night: Surf Jaguars	The Hamilton	Friday, October 23, 2026	http://live.thehamiltondc.com/calendar/
Brandon Freelump	The Horse You Came In On	Friday, October 23, 2026	https://www.thehorsebaltimore.com/live-music
Tim Cyphers	The Horse You Came In On	Friday, October 23, 2026	https://www.thehorsebaltimore.com/live-music
Ben Maguire and Jeff Hurn	The Horse You Came In On	Friday, October 23, 2026	https://www.thehorsebaltimore.com/live-music
Low Cut Connie, Brian Dunne	The Howard Theatre	Friday, October 23, 2026	https://www.thehowardtheatre.com/
Skilla Baby: The Price of Fame Tour	The Howard Theatre	Friday, October 23, 2026	https://www.thehowardtheatre.com/
Daniel Donato's Cosmic Country	The Lincoln Theatre	Friday, October 23, 2026	https://www.ticketmaster.com/lincoln-theatre-tickets-washington/venue/172087
Get The Led Out	The Lyric	Friday, October 23, 2026	https://www.lyricbaltimore.com/events
Bobby Law Band	The Original Cancun Cantina	Friday, October 23, 2026	https://www.theoriginalcancuncantina.com/live-music-events/
Maddie Zahm - Everything All The Time Tour, Semler	Union Stage	Friday, October 23, 2026	https://www.unionstagepresents.com/
Bash! At Wax Atlas	Wax Atlas	Friday, October 23, 2026	http://shows.waxatlas.com
Paris Paloma: The Fatal Flaw Tour, Susannah Joffe	9:30 Club	Saturday, October 24, 2026	http://www.930.com/#upcoming-shows-container
Jordan Jensen	Baltimore Soundstage	Saturday, October 24, 2026	http://www.baltimoresoundstage.com/listing/
Joey Alexander	Blues Alley	Saturday, October 24, 2026	https://wl.seetickets.us/bluesalley
¡Latin Night with Tumbao!	Bossa Bistro	Saturday, October 24, 2026	http://bossadc.com/events/
Area 52	Brewers Landing	Saturday, October 24, 2026	https://brewerslanding.net/upcoming-bands
Journey – Final Frontier Tour (An Evening With)	CFG Bank Arena	Saturday, October 24, 2026	https://www.cfgbankarena.com/events/
Nü Androids Presents: Acraze	Culture DC	Saturday, October 24, 2026	https://www.culturedc.com/events
Palmyra, Dylan Rockwell	DC9	Saturday, October 24, 2026	https://www.dc9.club/events
Factory 93 Presents: ¥ØU$UK€ ¥UK1MAT$U	Echostage	Saturday, October 24, 2026	https://echostage.com/all-events/
Fade To Black	Fish Head Cantina	Saturday, October 24, 2026	https://app.neonox.io/matolo/
Lovra, Vle Amau, Bri.	Flash	Saturday, October 24, 2026	http://www.flashdc.com/
Invt (Miami), Frank Anderson	Flash	Saturday, October 24, 2026	http://www.flashdc.com/
Esther Haynes • Keith Grimes • Dean Dalton	Hank Dietle's Tavern	Saturday, October 24, 2026	https://www.hankdietles.net/
Billy Coulter Band	Hank Dietle's Tavern	Saturday, October 24, 2026	https://www.hankdietles.net/
My Favorite Highway, Jon Cresswell	Jammin Java	Saturday, October 24, 2026	http://jamminjava.com
Cindy Blackman Santana	Keystone Korner Baltimore	Saturday, October 24, 2026	https://www.keystonekornerbaltimore.com/calendar
Crackinbush	Mayan Monkey Brewing Co	Saturday, October 24, 2026	https://www.mayanmonkeybrewingco.com/music
Little Big Town - For The Art Of It Tour	MGM National Harbor	Saturday, October 24, 2026	https://www.mgmnationalharbor.com/en/entertainment/the-theater.html#/Entertainment%20Calendar
Oktoberfest	Monument City Brewing	Saturday, October 24, 2026	http://www.monumentcitybrewing.com/events
4th Saturday Jazz Jam	New Deal Cafe	Saturday, October 24, 2026	https://www.newdealcafe.com/events/calendar/
The Good Trouble Troubadours	New Deal Cafe	Saturday, October 24, 2026	https://www.newdealcafe.com/events/calendar/
Division Chief, TheMoldmen, Early American	Ottobar	Saturday, October 24, 2026	http://www.theottobar.com/calendar
RAV, Teller Bank$, Fatboi Sharif	Pearl Street Warehouse	Saturday, October 24, 2026	http://www.pearlstreetwarehouse.com/
Dogs on Shady Lane, Night Hawk	Pie Shop DC	Saturday, October 24, 2026	https://www.facebook.com/pg/pieshopdc/events/
Peni Candra Rini with Shahzad Ismaily & Andy McGraw / Alex Koi x Kirin McElwain	Rhizome DC	Saturday, October 24, 2026	http://www.rhizomedc.org/
Oak Trio (Baltimore Debut)	Shriver Hall	Saturday, October 24, 2026	https://www.shriverconcerts.org/event/index.php
Niladri Kumaar, sitar	Sixth & I	Saturday, October 24, 2026	https://www.sixthandi.org/events/category/arts-entertainment/music/list/
Swapmeet, Baby Wave	Songbyrd DC	Saturday, October 24, 2026	http://www.songbyrddc.com/events/
The Darts	Starr Hill Tysons	Saturday, October 24, 2026	https://www.starrhilltysons.com/events
Kevin Sun	Takoma Station Tavern	Saturday, October 24, 2026	https://www.takomastation.com/
lilyisthatyou, James the Seventh	The Atlantis	Saturday, October 24, 2026	https://theatlantis.com/
Josh Ritter: A Book Of Gold Thrown Open	The Birchmere	Saturday, October 24, 2026	http://www.birchmere.com/calendar/
Periphery - A Pale White Dot Us Tour	The Fillmore Silver Spring	Saturday, October 24, 2026	http://www.fillmoresilverspring.com/
Melvin Seals & Jgb	The Gordon Center	Saturday, October 24, 2026	https://gordoncenter.com/music/
Phillip Phillips: Let’s Go Far Tour	The Hamilton	Saturday, October 24, 2026	http://live.thehamiltondc.com/calendar/
Loft Late Night: Brett & Co.	The Hamilton	Saturday, October 24, 2026	http://live.thehamiltondc.com/calendar/
Jimmy Solesky	The Horse You Came In On	Saturday, October 24, 2026	https://www.thehorsebaltimore.com/live-music
Tim Cyphers	The Horse You Came In On	Saturday, October 24, 2026	https://www.thehorsebaltimore.com/live-music
Ethan Lake	The Horse You Came In On	Saturday, October 24, 2026	https://www.thehorsebaltimore.com/live-music
Daniel Donato's Cosmic Country	The Lincoln Theatre	Saturday, October 24, 2026	https://www.ticketmaster.com/lincoln-theatre-tickets-washington/venue/172087
The Chucks	The Original Cancun Cantina	Saturday, October 24, 2026	https://www.theoriginalcancuncantina.com/live-music-events/
Q Da Fool & Shabazz Pbg, DJ Reggie Reg	Union Stage	Saturday, October 24, 2026	https://www.unionstagepresents.com/
Paris Paloma: The Fatal Flaw Tour, Susannah Joffe	9:30 Club	Sunday, October 25, 2026	http://www.930.com/#upcoming-shows-container
Joey Alexander	Blues Alley	Sunday, October 25, 2026	https://wl.seetickets.us/bluesalley
Wyclef Jean	Capital One Hall	Sunday, October 25, 2026	
Awadagin Pratt, piano	Community Concerts at Second	Sunday, October 25, 2026	https://www.cc2nd.org/index.html
Navan – Kisses on the Moon Tour	Culture DC	Sunday, October 25, 2026	https://www.culturedc.com/events
Passion Mango, cherry pick	DC9	Sunday, October 25, 2026	https://www.dc9.club/events
Music In The Green Room By:, Anthony Middleton (Audiofly | Barcelona), OliverTierra, Wellness Session: 3pm- 4pm Club Level | 2:45pm Doors | Complimentary Offering - First Come, First Serve, Pacha Nova: Becoming a New Earth Through Sound, Breath, and Movement with Hamilton Garces and Lauren Castellanos, Love Bazaar: 5-9pm | Club Room, Local Vendors Marketplace	Flash	Sunday, October 25, 2026	http://www.flashdc.com/
Dewberry School of Music Faculty Artist Showcase Recital 2026	GMU Center For The Arts	Sunday, October 25, 2026	https://cfa.calendar.gmu.edu/series-music/
Soul Crackers	Hank Dietle's Tavern	Sunday, October 25, 2026	https://www.hankdietles.net/
The Kennedys “Smoketree” Tour Celebrating Maura’s Birthday & The Club’s 25th Anniversary	Jammin Java	Sunday, October 25, 2026	http://jamminjava.com
Cindy Blackman Santana	Keystone Korner Baltimore	Sunday, October 25, 2026	https://www.keystonekornerbaltimore.com/calendar
SoloDuo, classical guitar	Linehan Concert Hall	Sunday, October 25, 2026	https://artscalendar.umbc.edu/category/all-events/arts/music/
He Is Legend, Excide and Consumer Culture, In Angles, Excide, Consumer Culture	Metro Baltimore	Sunday, October 25, 2026	https://metrobmore.com//events/
Blue Notes and Brunch	Mr Henry's Restaurant	Sunday, October 25, 2026	http://www.mrhenrysdc.com/calendar/
Capitol Lab Band	Mr Henry's Restaurant	Sunday, October 25, 2026	http://www.mrhenrysdc.com/calendar/
Earl Sweatshirt, Mike, Surf Gang, Lerado Khalil	Nevermore Hall	Sunday, October 25, 2026	https://nevermorehall.com/
Sunbloc, *Special Guest*, Grudge, Grow Blind & Radium Girl	Ottobar	Sunday, October 25, 2026	http://www.theottobar.com/calendar
Dent May	Pearl Street Warehouse	Sunday, October 25, 2026	http://www.pearlstreetwarehouse.com/
Small Pond, Sleep House, Jem Wilde, Foot Traffic	Pie Shop DC	Sunday, October 25, 2026	https://pieshopdc.com/events/
Renny Conti – Split Second Tour, James Eichman	Songbyrd DC	Sunday, October 25, 2026	http://www.songbyrddc.com/events/
Live Jazz: Donato Soviero (Guitar) with Luis Hernandez (Saxophone)	Tabard Inn	Sunday, October 25, 2026	https://www.tabardinn.com/upcoming_events/
WorldBeat: Shango Band	Takoma Station Tavern	Sunday, October 25, 2026	https://www.takomastation.com/
Beck – Ride Lonesome Tour, Ioanna Gika	The Anthem	Sunday, October 25, 2026	http://www.theanthemdc.com/calendar/
After	The Atlantis	Sunday, October 25, 2026	https://theatlantis.com/
Josh Ritter: A Book Of Gold Thrown Open	The Birchmere	Sunday, October 25, 2026	http://www.birchmere.com/calendar/
Arch Enemy & The Black Dahlia Murder - Wrath Across North America 2026	The Fillmore Silver Spring	Sunday, October 25, 2026	http://www.fillmoresilverspring.com/
Bettye LaVette	The Hamilton	Sunday, October 25, 2026	http://live.thehamiltondc.com/calendar/
Cupcakke, Daisy	The Howard Theatre	Sunday, October 25, 2026	https://www.thehowardtheatre.com/
Oso Oso, Leisure Hour, Bad Luck	Union Stage	Sunday, October 25, 2026	https://www.unionstagepresents.com/
Ouija Macc	Zen West	Sunday, October 25, 2026	https://www.facebook.com/pg/ZenWestCantina/events/
Hey, Nothing - The Hound Tour, Brother Bird	9:30 Club	Monday, October 26, 2026	http://www.930.com/#upcoming-shows-container
Nice As Fuck	Black Cat	Monday, October 26, 2026	http://www.blackcatdc.com/schedule.html
Nice As Fuck (Early Show!)	Black Cat	Monday, October 26, 2026	http://www.blackcatdc.com/schedule.html
Kw Big Band - Live Recording - Emerging Artist Mondays	Blues Alley	Monday, October 26, 2026	https://wl.seetickets.us/bluesalley
An Evening with Oz Noy Trio featuring Dave Weckl & Brian Charette	Jammin Java	Monday, October 26, 2026	http://jamminjava.com
Onelinedrawing, American Motors and Knub, American Motors, KNUB	Metro Baltimore	Monday, October 26, 2026	https://metrobmore.com//events/
Smidley	Songbyrd DC	Monday, October 26, 2026	http://www.songbyrddc.com/events/
Live Jazz: Geoff Reecer (Guitar) with Justin Mendez (Saxophone)	Tabard Inn	Monday, October 26, 2026	https://www.tabardinn.com/upcoming_events/
Friko - Something Worth Waiting For: The Tour, Nine Perfect Lives	The Atlantis	Monday, October 26, 2026	https://theatlantis.com/
Hurricane Wisdom	The Fillmore Silver Spring	Monday, October 26, 2026	http://www.fillmoresilverspring.com/
An Evening of Alton Brown	The Music Center at Strathmore	Monday, October 26, 2026	https://www.strathmore.org/calendar
Isabel LaRosa - DollParts Tour	Union Stage	Monday, October 26, 2026	https://www.unionstagepresents.com/
Patrick Droney, Tenille Townes	9:30 Club	Tuesday, October 27, 2026	http://www.930.com/#upcoming-shows-container
Baby Blue Sound Collective -"Children's National Hospital Fundraiser"	Blues Alley	Tuesday, October 27, 2026	https://wl.seetickets.us/bluesalley
Dan Hovey	Hank Dietle's Tavern	Tuesday, October 27, 2026	https://www.hankdietles.net/
Swing 5 Jazz, Includes beginner Balboa dance lesson @7:15	Hank Dietle's Tavern	Tuesday, October 27, 2026	https://www.hankdietles.net/
The Larry Brown Quintet	Keystone Korner Baltimore	Tuesday, October 27, 2026	https://www.keystonekornerbaltimore.com/calendar
Aborted, Party Cannon, Scum Sedition and B!cep, Party Cannon, Scum Sedition	Metro Baltimore	Tuesday, October 27, 2026	https://metrobmore.com//events/
Rasputina, Dust Bowl Faeries	Ottobar	Tuesday, October 27, 2026	http://www.theottobar.com/calendar
Can't Keep Up, Limit Break, Fade To Nothing, Seventh Seal	Pie Shop DC	Tuesday, October 27, 2026	https://pieshopdc.com/events/
Sophie Truax, Sasha Cee	The Atlantis	Tuesday, October 27, 2026	https://theatlantis.com/
Emma Nissen	The Birchmere	Tuesday, October 27, 2026	http://www.birchmere.com/calendar/
Chords & Cadence	The Gordon Center	Tuesday, October 27, 2026	https://gordoncenter.com/music/
Jenna Davis, Ava Liv Mabry	Union Stage	Tuesday, October 27, 2026	https://www.unionstagepresents.com/
Bruce Cockburn In Concert with special guest Livingston Taylor	Warner Theatre	Tuesday, October 27, 2026	http://www.warnertheatredc.com/
Sueco, Jeris Johnson	9:30 Club	Wednesday, October 28, 2026	http://www.930.com/#upcoming-shows-container
James Fernando Presents "New Music Releases"	Blues Alley	Wednesday, October 28, 2026	https://wl.seetickets.us/bluesalley
Ryan Peter Murphy	DC9	Wednesday, October 28, 2026	https://www.dc9.club/events
Bill Baker Band	Hank Dietle's Tavern	Wednesday, October 28, 2026	https://www.hankdietles.net/
Rick Whitehead Jazz Trio	Hank Dietle's Tavern	Wednesday, October 28, 2026	https://www.hankdietles.net/
The Karen Briggs Experience	Keystone Korner Baltimore	Wednesday, October 28, 2026	https://www.keystonekornerbaltimore.com/calendar
Live Music Every Wednesday with Mark Stewart and Friends	Next Phaze	Wednesday, October 28, 2026	https://www.eventbrite.com/cc/next-phaze-events-251969
Flooding	Ottobar	Wednesday, October 28, 2026	http://www.theottobar.com/calendar
Doom Gong, The Duskwhales	Pearl Street Warehouse	Wednesday, October 28, 2026	http://www.pearlstreetwarehouse.com/
Milk St., Home Remedies, Argo and the Violet Queens	Pie Shop DC	Wednesday, October 28, 2026	https://pieshopdc.com/events/
Invisible Circle / Trigal / Michael R Bernstein	Rhizome DC	Wednesday, October 28, 2026	http://www.rhizomedc.org/
The Hails, The Ocho	The Atlantis	Wednesday, October 28, 2026	https://theatlantis.com/
Movements - Happier Now Usa Tour	The Fillmore Silver Spring	Wednesday, October 28, 2026	http://www.fillmoresilverspring.com/
Joanne McNally - Pinotphile	The Howard Theatre	Wednesday, October 28, 2026	https://www.thehowardtheatre.com/
Dev Lemons - Eat The Pavement Tour, Abby Kenna	Union Stage	Wednesday, October 28, 2026	https://www.unionstagepresents.com/
Mico - Running From A Feeling Tour, Will Linley	9:30 Club	Thursday, October 29, 2026	http://www.930.com/#upcoming-shows-container
Visionaries of the Creative Arts: Deaf Bipoc Solo Shows III	Atlas Arts Center	Thursday, October 29, 2026	http://www.atlasarts.org/music/
Hawthorne Heights – 20th anniversary of If Only You Were Lonely, letlive, Creeper	Baltimore Soundstage	Thursday, October 29, 2026	http://www.baltimoresoundstage.com/listing/
Brian Lenair	Blues Alley	Thursday, October 29, 2026	https://wl.seetickets.us/bluesalley
Screamin' Rebel Angels	Hank Dietle's Tavern	Thursday, October 29, 2026	https://www.hankdietles.net/
Jazz w/Gracie Jay	Henceforth DC	Thursday, October 29, 2026	https://www.henceforthdc.com/events
Baby Bugs, Elliot Lee	Jammin Java	Thursday, October 29, 2026	http://jamminjava.com
Zo! & Tall Black Guy featuring Debórah Bond	Keystone Korner Baltimore	Thursday, October 29, 2026	https://www.keystonekornerbaltimore.com/calendar
Spookey Ruben, Fetcher, Salon and Monkey, Fetcher, Monkey	Metro Baltimore	Thursday, October 29, 2026	https://metrobmore.com//events/
Luke Kidgell	Miracle Theatre	Thursday, October 29, 2026	https://themiracletheatre.com/event-category/live-events/
Elijah Jamal Balbed presents "Standard-ish"	Mr Henry's Restaurant	Thursday, October 29, 2026	http://www.mrhenrysdc.com/calendar/
They Are Gutting A Body Of Water	Ottobar	Thursday, October 29, 2026	http://www.theottobar.com/calendar
Car-O-Ween, Historically Close Friends, Enslow, Bluebelt, Nina1am	Pearl Street Warehouse	Thursday, October 29, 2026	http://www.pearlstreetwarehouse.com/
Griffin William Sherry & His Band, Jesse James DeConto (The Pinkerton Raid)	Pie Shop DC	Thursday, October 29, 2026	https://pieshopdc.com/events/
Dana and Alden - Papa's Boat Tour, Alex Amen	The Atlantis	Thursday, October 29, 2026	https://theatlantis.com/
Boney James	The Birchmere	Thursday, October 29, 2026	http://www.birchmere.com/calendar/
Vince Staples - Cry Baby Tour	The Fillmore Silver Spring	Thursday, October 29, 2026	http://www.fillmoresilverspring.com/
Eivør, The Messenger Birds	The Howard Theatre	Thursday, October 29, 2026	https://www.thehowardtheatre.com/
Afro-Cuban All Stars	The Music Center at Strathmore	Thursday, October 29, 2026	https://www.strathmore.org/calendar
Bassvictim, Thoom	9:30 Club	Friday, October 30, 2026	http://www.930.com/#upcoming-shows-container
Jukebox the Ghost: HalloQueen, Extremely Accurate Bird Songs	9:30 Club	Friday, October 30, 2026	http://www.930.com/#upcoming-shows-container
Uncle Kunkel’s One Gram Band	Baltimore Soundstage	Friday, October 30, 2026	http://www.baltimoresoundstage.com/listing/
Heavens To Betsy, Calamity Jane, Hosted by Menopunks	Black Cat	Friday, October 30, 2026	http://www.blackcatdc.com/schedule.html
Dominique Bianco Featuring Right Chipper	Blues Alley	Friday, October 30, 2026	https://wl.seetickets.us/bluesalley
Alfredo Mojica Group	Bossa Bistro	Friday, October 30, 2026	http://bossadc.com/events/
Wolf Trap Presents Art Garfunkel, What a Wonderful World Celebration Concerts	Capital One Hall	Friday, October 30, 2026	
Ian Sweet, meg elsier	DC9	Friday, October 30, 2026	https://www.dc9.club/events
Awaken	Donna's Tavern & Restaurant of Dundalk	Friday, October 30, 2026	https://www.facebook.com/Donnas-Tavern-Restaurant-of-Dundalk-108548041276936/events/
Factory 93 Presents: Eli Brown (360° Set) - Panic Attack Tour	Echostage	Friday, October 30, 2026	https://echostage.com/all-events/
Winnie Wanders	Flash	Friday, October 30, 2026	http://www.flashdc.com/
Rene Wise (Moving Pressure | Lisbon), Claudius	Flash	Friday, October 30, 2026	http://www.flashdc.com/
Gary Ferguson with Special Guest TBA	Hank Dietle's Tavern	Friday, October 30, 2026	https://www.hankdietles.net/
The Rock-A-Sonics	Hank Dietle's Tavern	Friday, October 30, 2026	https://www.hankdietles.net/
An Evening with Mike Dawes	Jammin Java	Friday, October 30, 2026	http://jamminjava.com
Tribute to Angela Winbush, Alicia Keys & Toni Braxton	Keystone Korner Baltimore	Friday, October 30, 2026	https://www.keystonekornerbaltimore.com/calendar
Founder’s Day: Attacca Quartet	Library of Congress	Friday, October 30, 2026	
The Six	Mayan Monkey Brewing Co	Friday, October 30, 2026	https://www.mayanmonkeybrewingco.com/music
Charlie Wilson	MGM National Harbor	Friday, October 30, 2026	https://www.mgmnationalharbor.com/en/entertainment/the-theater.html#/Entertainment%20Calendar
Soulful Fridays ft. Craig Alston Syndicate	Next Phaze	Friday, October 30, 2026	https://www.eventbrite.com/cc/next-phaze-events-251969
The Hustle: 70s Disco Halloween	Pearl Street Warehouse	Friday, October 30, 2026	http://www.pearlstreetwarehouse.com/
Billyween: Radish	Pickett Brewing Company	Friday, October 30, 2026	https://pickettbrewingco.com/calendar
Diabla, Aphellion, Eyecatcher, Mass Ego	Pie Shop DC	Friday, October 30, 2026	https://pieshopdc.com/events/
Jah Works live at the Reckless Shepherd	Reckless Shepherd Brewery	Friday, October 30, 2026	https://recklessshepherd.com/brewery-events/
Girls Rock! Halloween, ft. RenRiot, NIIasII, The Frizz, Savage	Songbyrd DC	Friday, October 30, 2026	http://www.songbyrddc.com/events/
Cb @ Starr Hill Tysons - BrewPub	Starr Hill Tysons	Friday, October 30, 2026	https://www.starrhilltysons.com/events
Chaotic Blonde	Starr Hill Tysons	Friday, October 30, 2026	https://www.starrhilltysons.com/events
Hudson Westbrook, Kenny Whitmire, Ethan Burdick	The Anthem	Friday, October 30, 2026	http://www.theanthemdc.com/calendar/
Hoochie Daddy: Halloween Edition	The Atlantis	Friday, October 30, 2026	https://theatlantis.com/
Walter Beasley	The Birchmere	Friday, October 30, 2026	http://www.birchmere.com/calendar/
Earlybirds Club (21+)	The Fillmore Silver Spring	Friday, October 30, 2026	http://www.fillmoresilverspring.com/
White Ford Bronco	The Hamilton	Friday, October 30, 2026	http://live.thehamiltondc.com/calendar/
Loft Late Night: Mixed Business	The Hamilton	Friday, October 30, 2026	http://live.thehamiltondc.com/calendar/
Boy Harsher, True Blue, Kassie Krut	The Howard Theatre	Friday, October 30, 2026	https://www.thehowardtheatre.com/
The Legwarmers 80s Halloween Friday: The Haunte...	The State Theatre	Friday, October 30, 2026	http://www.thestatetheatre.com/events/upcoming_events.xml
Harbour	Union Stage	Friday, October 30, 2026	https://www.unionstagepresents.com/
Batworth Stone	1919	Saturday, October 31, 2026	
The Army, The Navy: The Fake Brave Tour 2026, Ella Woolsey	9:30 Club	Saturday, October 31, 2026	http://www.930.com/#upcoming-shows-container
Holywatr: Deo Gratias Tour, Mercury	9:30 Club	Saturday, October 31, 2026	http://www.930.com/#upcoming-shows-container
Fireside Collective	Baltimore Soundstage	Saturday, October 31, 2026	http://www.baltimoresoundstage.com/listing/
¡Latin Night with Tumbao!	Bossa Bistro	Saturday, October 31, 2026	http://bossadc.com/events/
Billy Strings	CFG Bank Arena	Saturday, October 31, 2026	https://www.cfgbankarena.com/events/
Miss Moon, Wild	DC9	Saturday, October 31, 2026	https://www.dc9.club/events
Halloween Party Featuring Sara & Igniters	Donna's Tavern & Restaurant of Dundalk	Saturday, October 31, 2026	https://www.facebook.com/Donnas-Tavern-Restaurant-of-Dundalk-108548041276936/events/
Twin Diplomacy, 2Face, BorII	Flash	Saturday, October 31, 2026	http://www.flashdc.com/
Jayda G (Vancouver), Tomoki Tamura (Holic Trax | Japan/Berlin), G.e.n.e., SOUL	Flash	Saturday, October 31, 2026	http://www.flashdc.com/
Ted & The Talltops	Hank Dietle's Tavern	Saturday, October 31, 2026	https://www.hankdietles.net/
Halloween Masquerade with Rocknoceros	Jammin Java	Saturday, October 31, 2026	http://jamminjava.com
The Speaks, Crash Boom Bang: Spooky Halloween Party!, Kill for Sushi	Jammin Java	Saturday, October 31, 2026	http://jamminjava.com
The Sun Ra Arkestra Halloween Spectacular	Keystone Korner Baltimore	Saturday, October 31, 2026	https://www.keystonekornerbaltimore.com/calendar
Film At Eleven (Halloween Party)	Mayan Monkey Brewing Co	Saturday, October 31, 2026	https://www.mayanmonkeybrewingco.com/music
Joe Coleman's Halloween Party	Mr Henry's Restaurant	Saturday, October 31, 2026	http://www.mrhenrysdc.com/calendar/
Paledusk, Slow Degrade, Headwreck	Pearl Street Warehouse	Saturday, October 31, 2026	http://www.pearlstreetwarehouse.com/
Billyween: The Kirk Kness Project	Pickett Brewing Company	Saturday, October 31, 2026	https://pickettbrewingco.com/calendar
Evilive "3 Pits from Hell!" Misfits cover show, "Special Guests"	Pie Shop DC	Saturday, October 31, 2026	https://pieshopdc.com/events/
The Slaughter House 2 feat. Figure and Wood	Reckless Shepherd Brewery	Saturday, October 31, 2026	https://recklessshepherd.com/brewery-events/
Night Of 1000 Taylors: Halloween Party & Costume Contest Ft. The Fearless Eras	Songbyrd DC	Saturday, October 31, 2026	http://www.songbyrddc.com/events/
8 Track Jones	Starr Hill Tysons	Saturday, October 31, 2026	https://www.starrhilltysons.com/events
Dat Organ Trio+1 (Tedd Baker, Allyn Johnson, Tommy Holladay, Dana Hawkins)	Takoma Station Tavern	Saturday, October 31, 2026	https://www.takomastation.com/
Yebba	The Anthem	Saturday, October 31, 2026	http://www.theanthemdc.com/calendar/
Blake Whiten, Slater Nalley	The Atlantis	Saturday, October 31, 2026	https://theatlantis.com/
The Rock and Roll Playhouse plays the music of David Bowie	The Atlantis	Saturday, October 31, 2026	https://theatlantis.com/
Judah & The Lion	The Fillmore Silver Spring	Saturday, October 31, 2026	http://www.fillmoresilverspring.com/
Charm City Jazz Presents: Sophisticated Funk	The Gordon Center	Saturday, October 31, 2026	https://gordoncenter.com/music/
Chopteeth Afrofunk Big Band	The Hamilton	Saturday, October 31, 2026	http://live.thehamiltondc.com/calendar/
Femme Fatale	The Howard Theatre	Saturday, October 31, 2026	https://www.thehowardtheatre.com/
The Legwarmers 80s Halloween Saturday: The Haun...	The State Theatre	Saturday, October 31, 2026	http://www.thestatetheatre.com/events/upcoming_events.xml
Madds Buckley, Brye	Union Stage	Saturday, October 31, 2026	https://www.unionstagepresents.com/
She Wants Revenge, Rosegarden Funeral Party	9:30 Club	Sunday, November 1, 2026	http://www.930.com/#upcoming-shows-container
Stephen Philip Harvey Octet - Recording Release	Blues Alley	Sunday, November 1, 2026	https://wl.seetickets.us/bluesalley
Strings & Ballads	Capital One Hall	Sunday, November 1, 2026	
Music By:, TBA, Wellness Session: 2:30pm- 4pm | 2:30pm Doors, The Future We Practice, Love Bazaar: 3-10pm, Local Vendors Marketplace	Flash	Sunday, November 1, 2026	http://www.flashdc.com/
Mary Ann Redmond Band	Hank Dietle's Tavern	Sunday, November 1, 2026	https://www.hankdietles.net/
Corey Arceneaux & the Zydeco Hot Peppers	Hank Dietle's Tavern	Sunday, November 1, 2026	https://www.hankdietles.net/
The Nth Power	Jammin Java	Sunday, November 1, 2026	http://jamminjava.com
Demola Live!	Keystone Korner Baltimore	Sunday, November 1, 2026	https://www.keystonekornerbaltimore.com/calendar
Devil Master, Early Grave, Satanic Magick, Cemetery Piss and Gorgar, Early Grave, Satanic Magick, Cemetery Piss, Gorgar	Metro Baltimore	Sunday, November 1, 2026	https://metrobmore.com//events/
Sweet Pill with Heart To Gold and Stereosity	Ottobar	Sunday, November 1, 2026	http://www.theottobar.com/calendar
Prayers – No Tengo Calma Tour 2026, Devora, Chriz Amaya	Pearl Street Warehouse	Sunday, November 1, 2026	http://www.pearlstreetwarehouse.com/
An Afternoon with Rachel Levitin, Jarreau Williams, Griefcat	Pearl Street Warehouse	Sunday, November 1, 2026	http://www.pearlstreetwarehouse.com/
Girl Girl, Fake Radio, My Mandy	Pie Shop DC	Sunday, November 1, 2026	https://pieshopdc.com/events/
Igor Levit, piano (Baltimore Debut)	Shriver Hall	Sunday, November 1, 2026	https://www.shriverconcerts.org/event/index.php
Maggie Koerner “Upstate Tour”	Songbyrd DC	Sunday, November 1, 2026	http://www.songbyrddc.com/events/
Undertale – The Determination Symphony World Tour, Undertale Symphony	The Anthem	Sunday, November 1, 2026	http://www.theanthemdc.com/calendar/
Pretty Sick, Computerwife	The Atlantis	Sunday, November 1, 2026	https://theatlantis.com/
The Gilded Age: Part I, Daniel Hope & Maxim Lando, Chamber Music at The Barns	The Barns at Wolf Trap	Sunday, November 1, 2026	https://www.wolftrap.org/calendar
Dweezil Zappa Dz20: Like Father, Like Son	The Birchmere	Sunday, November 1, 2026	http://www.birchmere.com/calendar/
Eva Ayllon with special guest Daniela Darcourt, Daniela Darcourt	The Howard Theatre	Sunday, November 1, 2026	https://www.thehowardtheatre.com/
Music in the Mansion: Maryna Krut	The Music Center at Strathmore	Sunday, November 1, 2026	https://www.strathmore.org/calendar
Rainao: Marcriá tour	Union Stage	Sunday, November 1, 2026	https://www.unionstagepresents.com/
Hovvdy, Christian Lee Hutson	9:30 Club	Monday, November 2, 2026	http://www.930.com/#upcoming-shows-container
Formosan Groove - Emerging Artist Mondays	Blues Alley	Monday, November 2, 2026	https://wl.seetickets.us/bluesalley
Bass Drum of Death, Teen Cobra	DC9	Monday, November 2, 2026	https://www.dc9.club/events
Frank Maza Featuring Javier Limon Present: Back Then., Javier Limón	Pearl Street Warehouse	Monday, November 2, 2026	http://www.pearlstreetwarehouse.com/
Jackie Evans, Elli Rowe	Songbyrd DC	Monday, November 2, 2026	http://www.songbyrddc.com/events/
Brass Against - Halloween Tour	The Atlantis	Monday, November 2, 2026	https://theatlantis.com/
halocene	Union Stage	Monday, November 2, 2026	https://www.unionstagepresents.com/
George Mason Jazz Faculty	Blues Alley	Tuesday, November 3, 2026	https://wl.seetickets.us/bluesalley
Dan Hovey	Hank Dietle's Tavern	Tuesday, November 3, 2026	https://www.hankdietles.net/
The Brother Bill Quintet	Hank Dietle's Tavern	Tuesday, November 3, 2026	https://www.hankdietles.net/
Inoculous, Spring Silver, Right Chipper, Courage Mother	Jammin Java	Tuesday, November 3, 2026	http://jamminjava.com
Cravin' Dogs	Mayan Monkey Brewing Co	Tuesday, November 3, 2026	https://www.mayanmonkeybrewingco.com/music
Ak’chamel, Ecology Homestones	Ottobar	Tuesday, November 3, 2026	http://www.theottobar.com/calendar
The Dream Eaters, Sandman Sleeps, Gigi Marie	Pie Shop DC	Tuesday, November 3, 2026	https://pieshopdc.com/events/
Michael Jesse (Ep Release Show), Berra, Astrid Lundberg	Songbyrd DC	Tuesday, November 3, 2026	http://www.songbyrddc.com/events/
Francisca Valenzuela	The Atlantis	Tuesday, November 3, 2026	https://theatlantis.com/
Choir! Choir! Choir! Presents: Landslide: An Epic Fleetwood Mac Singalong!	The Birchmere	Tuesday, November 3, 2026	http://www.birchmere.com/calendar/
Ally Venable	The Hamilton	Tuesday, November 3, 2026	http://live.thehamiltondc.com/calendar/
Silly Goose – The “Set It Off” Tour, Cheem, Muttlee	Union Stage	Tuesday, November 3, 2026	https://www.unionstagepresents.com/
The Music of Hey Arnold! - Live!	9:30 Club	Wednesday, November 4, 2026	http://www.930.com/#upcoming-shows-container
Hot Club of San Francisco - Guitar Series	Blues Alley	Wednesday, November 4, 2026	https://wl.seetickets.us/bluesalley
Dead Gowns, Lamplight	Comet Ping Pong	Wednesday, November 4, 2026	http://www.cometpingpong.com/livemusic/
Jazz Workshop Concert: Fall 2026	GMU Center For The Arts	Wednesday, November 4, 2026	https://cfa.calendar.gmu.edu/series-music/
David Goodfriend • Skip Casale	Hank Dietle's Tavern	Wednesday, November 4, 2026	https://www.hankdietles.net/
"Local Cream" Songwriter Showcase	Hank Dietle's Tavern	Wednesday, November 4, 2026	https://www.hankdietles.net/
The Alternate Routes & Pete Muller & The Kindred Souls	Jammin Java	Wednesday, November 4, 2026	http://jamminjava.com
Sonic Spell	Mayan Monkey Brewing Co	Wednesday, November 4, 2026	https://www.mayanmonkeybrewingco.com/music
Rawayana - ¿Dónde es el after? World Tour	MGM National Harbor	Wednesday, November 4, 2026	https://www.mgmnationalharbor.com/en/entertainment/the-theater.html#/Entertainment%20Calendar
Live Music Every Wednesday with Mark Stewart and Friends	Next Phaze	Wednesday, November 4, 2026	https://www.eventbrite.com/cc/next-phaze-events-251969
Paige Fish – The Midnight Crisis Tour	Pearl Street Warehouse	Wednesday, November 4, 2026	http://www.pearlstreetwarehouse.com/
Sap, Sludge Mother, easterlin	Pie Shop DC	Wednesday, November 4, 2026	https://www.facebook.com/pg/pieshopdc/events/
Ak’chamel / Ecology Homestones	Rhizome DC	Wednesday, November 4, 2026	http://www.rhizomedc.org/
Spanish Love Songs “The Cost Of Living” Tour	Songbyrd DC	Wednesday, November 4, 2026	http://www.songbyrddc.com/events/
This Is Lorelei, @	The Atlantis	Wednesday, November 4, 2026	https://theatlantis.com/
Jim Messina, Orleans	The Barns at Wolf Trap	Wednesday, November 4, 2026	https://www.wolftrap.org/calendar
Ashley Monroe & Charlie Worsham	The Birchmere	Wednesday, November 4, 2026	http://www.birchmere.com/calendar/
almost monday - Thank God It's Almost Monday Tour	The Fillmore Silver Spring	Wednesday, November 4, 2026	http://www.fillmoresilverspring.com/
Cem Adrian	Union Stage	Wednesday, November 4, 2026	https://www.unionstagepresents.com/
Hamilton Leithauser + Rostam: The Joint Tour, Madra Salach, Sam and Louise Sullivan	9:30 Club	Thursday, November 5, 2026	http://www.930.com/#upcoming-shows-container
Grayscale: Manual Override	Baltimore Soundstage	Thursday, November 5, 2026	http://www.baltimoresoundstage.com/listing/
Jeremy Pelt	Blues Alley	Thursday, November 5, 2026	https://wl.seetickets.us/bluesalley
Surely Tempo	DC9	Thursday, November 5, 2026	https://www.dc9.club/events
A Killer's Confession	Fish Head Cantina	Thursday, November 5, 2026	https://app.neonox.io/matolo/
Jack Bond	Hank Dietle's Tavern	Thursday, November 5, 2026	https://www.hankdietles.net/
The Longtimers	Hank Dietle's Tavern	Thursday, November 5, 2026	https://www.hankdietles.net/
Josh Rouse	Jammin Java	Thursday, November 5, 2026	http://jamminjava.com
Live! At the Library: Edmar Castañeda, harp	Library of Congress	Thursday, November 5, 2026	
Accidental Charm	Mayan Monkey Brewing Co	Thursday, November 5, 2026	https://www.mayanmonkeybrewingco.com/music
Room Corners Album Release Show, Geeker and Calico	Metro Baltimore	Thursday, November 5, 2026	https://metrobmore.com//events/
Allan Rayman - Hotel Allan - The 10 Year Anniversary Tour	Miracle Theatre	Thursday, November 5, 2026	https://themiracletheatre.com/event-category/live-events/
Dave Manley	Mr Henry's Restaurant	Thursday, November 5, 2026	http://www.mrhenrysdc.com/calendar/
Built to Spill Fall 2026 Tour	Ottobar	Thursday, November 5, 2026	http://www.theottobar.com/calendar
Bryan Andrews	Pearl Street Warehouse	Thursday, November 5, 2026	http://www.pearlstreetwarehouse.com/
Banda Al9, The Burkharts	Pie Shop DC	Thursday, November 5, 2026	https://pieshopdc.com/events/
Free Bluegrass Night with Rock Creek Revival	Quarry House Tavern	Thursday, November 5, 2026	https://www.quarryhousetavern.com/music
Discord Theory	Songbyrd DC	Thursday, November 5, 2026	http://www.songbyrddc.com/events/
Blu DeTiger - The Want You Baby Tonight Tour	The Atlantis	Thursday, November 5, 2026	https://theatlantis.com/
Cris Jacobs with Joe Pug	The Barns at Wolf Trap	Thursday, November 5, 2026	https://www.wolftrap.org/calendar
Euge Groove	The Birchmere	Thursday, November 5, 2026	http://www.birchmere.com/calendar/
Tul8te - World Tour	The Fillmore Silver Spring	Thursday, November 5, 2026	http://www.fillmoresilverspring.com/
Music in the Mansion: Tapestry Vocal Ensemble	The Music Center at Strathmore	Thursday, November 5, 2026	https://www.strathmore.org/calendar
Built To Spill	UNION Craft Brewing	Thursday, November 5, 2026	https://www.facebook.com/UnionCraftBrewing/events
Q Marsden - Do You See Me?, Rahm	Union Stage	Thursday, November 5, 2026	https://www.unionstagepresents.com/
Dead Poet Society x Honey Revenge, Hunny, Broadside	Baltimore Soundstage	Friday, November 6, 2026	http://www.baltimoresoundstage.com/listing/
Jeremy Pelt	Blues Alley	Friday, November 6, 2026	https://wl.seetickets.us/bluesalley
-Josh Rouse	Club 603	Friday, November 6, 2026	http://www.club603.com/calendar-2/
Imperial Teen, Gay Meat	Comet Ping Pong	Friday, November 6, 2026	http://www.cometpingpong.com/livemusic/
Half Down Returns to Dtr	Donna's Tavern & Restaurant of Dundalk	Friday, November 6, 2026	https://www.facebook.com/Donnas-Tavern-Restaurant-of-Dundalk-108548041276936/events/
Nico Moreno	Echostage	Friday, November 6, 2026	https://echostage.com/all-events/
Seth David, Superave., AG, Badtrip b2b Subsacred	Flash	Friday, November 6, 2026	http://www.flashdc.com/
Sweely [DJ Set]	Flash	Friday, November 6, 2026	http://www.flashdc.com/
Cole Larravide Band • 5 Year Anniversary Show	Hank Dietle's Tavern	Friday, November 6, 2026	https://www.hankdietles.net/
The Oklahoma Twisters	Hank Dietle's Tavern	Friday, November 6, 2026	https://www.hankdietles.net/
Grammy® Award Winning Guitarist Norman Brown	Keystone Korner Baltimore	Friday, November 6, 2026	https://www.keystonekornerbaltimore.com/calendar
"Miles Davis at 100," Guthrie P. Ramsey Jr, PhD	Library of Congress	Friday, November 6, 2026	
Unlimited Miles: John Beasley's Miles Davis at 100	Library of Congress	Friday, November 6, 2026	
The Allman Others	Mayan Monkey Brewing Co	Friday, November 6, 2026	https://www.mayanmonkeybrewingco.com/music
Rdgldgrn x Dale And The Zdubs, Feel Free	Metro Baltimore	Friday, November 6, 2026	https://metrobmore.com//events/
Eddie Anderson Project	Mr Henry's Restaurant	Friday, November 6, 2026	http://www.mrhenrysdc.com/calendar/
Arbouretum, Stinking Lizaveta, Deathbird Earth, Darsombra Sol	Ottobar	Friday, November 6, 2026	http://www.theottobar.com/calendar
Yana – The Feelings Are Forever Tour, Emma Andersen	Pearl Street Warehouse	Friday, November 6, 2026	http://www.pearlstreetwarehouse.com/
Muscle, Gassed, Duel, Mortal Ground, Trepanate	Pie Shop DC	Friday, November 6, 2026	https://pieshopdc.com/events/
The Chucks live at Reckless Shepherd	Reckless Shepherd Brewery	Friday, November 6, 2026	https://recklessshepherd.com/brewery-events/
the olllam	Songbyrd DC	Friday, November 6, 2026	http://www.songbyrddc.com/events/
Billy T Wilde	Starr Hill Tysons	Friday, November 6, 2026	https://www.starrhilltysons.com/events
Geese – Getting Killed Again Tour, Gwenifer Raymond	The Anthem	Friday, November 6, 2026	http://www.theanthemdc.com/calendar/
Ethan Regan - Young Regan Tour, Lily Kershaw	The Atlantis	Friday, November 6, 2026	https://theatlantis.com/
SiM - Hooman World Tour	The Fillmore Silver Spring	Friday, November 6, 2026	http://www.fillmoresilverspring.com/
Loft Late Night: Dead Fish	The Hamilton	Friday, November 6, 2026	http://live.thehamiltondc.com/calendar/
Strict Scrutiny: Live from DC	The Howard Theatre	Friday, November 6, 2026	https://www.thehowardtheatre.com/
The Longest Johns	The Lincoln Theatre	Friday, November 6, 2026	https://www.ticketmaster.com/lincoln-theatre-tickets-washington/venue/172087
Justin, Scott & Spiegel Uncensored	The Recher MD	Friday, November 6, 2026	https://therechermd.com/shows/
The Smithereens featuring John Cowsill	The State Theatre	Friday, November 6, 2026	http://www.thestatetheatre.com/events/upcoming_events.xml
Donna The Buffalo & Assembly Of Dust	UNION Craft Brewing	Friday, November 6, 2026	https://www.facebook.com/UnionCraftBrewing/events
Carsie Blanton, The Burning Hell	Union Stage	Friday, November 6, 2026	https://www.unionstagepresents.com/
Punch Brothers	Warner Theatre	Friday, November 6, 2026	http://www.warnertheatredc.com/
Hiss Golden Messenger - I'm People Tour, Sam Amidon	9:30 Club	Saturday, November 7, 2026	http://www.930.com/#upcoming-shows-container
Winyah, Foxtide	9:30 Club	Saturday, November 7, 2026	http://www.930.com/#upcoming-shows-container
George Clanton, Ryan Hemsworth	Black Cat	Saturday, November 7, 2026	http://www.blackcatdc.com/schedule.html
Awaken	Brewers Landing	Saturday, November 7, 2026	https://brewerslanding.net/upcoming-bands
We Rock Cancer pres. Pat McGee Band, Freddy Jones Band, & Jackopierce	Capital One Hall	Saturday, November 7, 2026	
Orange Dog Club, Lookout	Comet Ping Pong	Saturday, November 7, 2026	http://www.cometpingpong.com/livemusic/
Gavn!	DC9	Saturday, November 7, 2026	https://www.dc9.club/events
Madeon Presents Victory Live	Echostage	Saturday, November 7, 2026	https://echostage.com/all-events/
Alan Fitzpatrick (We Are The Brave | Uk)	Flash	Saturday, November 7, 2026	http://www.flashdc.com/
Big Howdy Bluegrass Showcase Featuring: TBA	Hank Dietle's Tavern	Saturday, November 7, 2026	https://www.hankdietles.net/
Big Boy Little Band	Hank Dietle's Tavern	Saturday, November 7, 2026	https://www.hankdietles.net/
Still Cool After 40 Years: James Madison High School Class of 1986 Reunion!	Jammin Java	Saturday, November 7, 2026	http://jamminjava.com
Grammy® Award Winning Guitarist Norman Brown	Keystone Korner Baltimore	Saturday, November 7, 2026	https://www.keystonekornerbaltimore.com/calendar
Study Day: Miles Davis at 100	Library of Congress	Saturday, November 7, 2026	
Cal Folger Day, Shady Bug, Jamison Field Murphy and Credit (Early Show), Shady Bug, Credit, Jamison Murphy	Metro Baltimore	Saturday, November 7, 2026	https://metrobmore.com//events/
Darcy Cooke Celebrates the Great Women of Song	Mr Henry's Restaurant	Saturday, November 7, 2026	http://www.mrhenrysdc.com/calendar/
Basia Bulat	Pearl Street Warehouse	Saturday, November 7, 2026	http://www.pearlstreetwarehouse.com/
Chloe Kimes	Quarry House Tavern	Saturday, November 7, 2026	https://www.quarryhousetavern.com/music
Vertigo Red live at the Reckless Shepherd	Reckless Shepherd Brewery	Saturday, November 7, 2026	https://recklessshepherd.com/brewery-events/
Natanya – The Attitude Tour	Songbyrd DC	Saturday, November 7, 2026	http://www.songbyrddc.com/events/
Lenny Robinson presents Stacy Dillard	Takoma Station Tavern	Saturday, November 7, 2026	https://www.takomastation.com/
Michigander, Wildermiss	The Atlantis	Saturday, November 7, 2026	https://theatlantis.com/
Red Baraat	The Barns at Wolf Trap	Saturday, November 7, 2026	https://www.wolftrap.org/calendar
Alter Bridge - What Lies Within Tour	The Fillmore Silver Spring	Saturday, November 7, 2026	http://www.fillmoresilverspring.com/
Chicago 9 Tribute Band	The Gordon Center	Saturday, November 7, 2026	https://gordoncenter.com/music/
Kate Nash	The Hamilton	Saturday, November 7, 2026	http://live.thehamiltondc.com/calendar/
Scarface Birthday Concert Feat Devin The Dude, Devin the Dude	The Howard Theatre	Saturday, November 7, 2026	https://www.thehowardtheatre.com/
The Innocence Mission	Union Stage	Saturday, November 7, 2026	https://www.unionstagepresents.com/
Mountain Grass Unit - Appalachian Smoke Tour	9:30 Club	Sunday, November 8, 2026	http://www.930.com/#upcoming-shows-container
DC Youth Orchestra Program: A World of Difference	Atlas Arts Center	Sunday, November 8, 2026	http://www.atlasarts.org/music/
Afghan Whigs, Night Moves	Baltimore Soundstage	Sunday, November 8, 2026	http://www.baltimoresoundstage.com/listing/
Aaron Lee Tasjan	Club 603	Sunday, November 8, 2026	http://www.club603.com/calendar-2/
lighthearted, Kate Stephenson	Comet Ping Pong	Sunday, November 8, 2026	http://www.cometpingpong.com/livemusic/
vaultboy	DC9	Sunday, November 8, 2026	https://www.dc9.club/events
Music at Evergreen: Viano Quartet	Evergreen Museum Library	Sunday, November 8, 2026	
Billy Price Band	Hank Dietle's Tavern	Sunday, November 8, 2026	https://www.hankdietles.net/
Eric Scott Trio	Hank Dietle's Tavern	Sunday, November 8, 2026	https://www.hankdietles.net/
Rock for Schools, - A benefit for Educate Fairfax, The Pool Boys, The Aftermath, The Randos	Jammin Java	Sunday, November 8, 2026	http://jamminjava.com
Nea Jazz Master & #1 Jazz Flutist Hubert Laws	Keystone Korner Baltimore	Sunday, November 8, 2026	https://www.keystonekornerbaltimore.com/calendar
Umbc Faculty String Sextet	Linehan Concert Hall	Sunday, November 8, 2026	https://artscalendar.umbc.edu/category/all-events/arts/music/
Jimi Smooth and The Hittime Band	Mr Henry's Restaurant	Sunday, November 8, 2026	http://www.mrhenrysdc.com/calendar/
Tear Dungeon, more TBA	Ottobar	Sunday, November 8, 2026	http://www.theottobar.com/calendar
Bluegrass Sunday: Whiskey Narrows String Band	Pickett Brewing Company	Sunday, November 8, 2026	https://pickettbrewingco.com/calendar
Lime Garden	Songbyrd DC	Sunday, November 8, 2026	http://www.songbyrddc.com/events/
Cannelle	The Atlantis	Sunday, November 8, 2026	https://theatlantis.com/
Jake Shimabukuro	The Birchmere	Sunday, November 8, 2026	http://www.birchmere.com/calendar/
Microwave, Free Throw	The Fillmore Silver Spring	Sunday, November 8, 2026	http://www.fillmoresilverspring.com/
An Evening with Jon B	The Gordon Center	Sunday, November 8, 2026	https://gordoncenter.com/music/
Fantastic Cat	The Hamilton	Sunday, November 8, 2026	http://live.thehamiltondc.com/calendar/
Akeem Ali The Texture Tour	The Howard Theatre	Sunday, November 8, 2026	https://www.thehowardtheatre.com/
Las Migas	The Music Center at Strathmore	Sunday, November 8, 2026	https://www.strathmore.org/calendar
Bumpin Uglies	The Recher MD	Sunday, November 8, 2026	https://therechermd.com/shows/
Slow Pulp, Her New Knife	9:30 Club	Monday, November 9, 2026	http://www.930.com/#upcoming-shows-container
Ronny Smith - Recording Release - Emerging Artist Mondays	Blues Alley	Monday, November 9, 2026	https://wl.seetickets.us/bluesalley
Franni Cash: Here I Am Tour 2026	Jammin Java	Monday, November 9, 2026	http://jamminjava.com
Anthony Roth Costanzo on “Countertenor”	Library of Congress	Monday, November 9, 2026	
Big Ass Truck I.e., Chamber, Mugshot, Restrictor Plate and Surfaced, Chamber, Mugshot, Surfaced, Restrictor Plate	Metro Baltimore	Monday, November 9, 2026	https://metrobmore.com//events/
The Tubs, Slippers	Songbyrd DC	Monday, November 9, 2026	http://www.songbyrddc.com/events/
Sadurn, kitchen	The Atlantis	Monday, November 9, 2026	https://theatlantis.com/
Shyne: 2622 Lgnd Tour with Barrington Levy and Lil' Cease	Warner Theatre	Monday, November 9, 2026	http://www.warnertheatredc.com/
Deerhoof, That This, Jacky Cougar & The Vampyres From Africa	Black Cat	Tuesday, November 10, 2026	http://www.blackcatdc.com/schedule.html
Matheus Fonseca - "Oas Night at Blues Alley"	Blues Alley	Tuesday, November 10, 2026	https://wl.seetickets.us/bluesalley
Dave Matthews Band	CFG Bank Arena	Tuesday, November 10, 2026	https://www.cfgbankarena.com/events/
Dan Hovey	Hank Dietle's Tavern	Tuesday, November 10, 2026	https://www.hankdietles.net/
Kiti Gartner & the Drifting Valentines	Hank Dietle's Tavern	Tuesday, November 10, 2026	https://www.hankdietles.net/
Ami Taf Ra & Kamasi Washington Present The Profit & The Madman	Keystone Korner Baltimore	Tuesday, November 10, 2026	https://www.keystonekornerbaltimore.com/calendar
Michaela Anne	Pie Shop DC	Tuesday, November 10, 2026	https://pieshopdc.com/events/
Aaron Lee Tasjan, Madeleine Kelson	Songbyrd DC	Tuesday, November 10, 2026	http://www.songbyrddc.com/events/
Dan Whitlam	The Atlantis	Tuesday, November 10, 2026	https://theatlantis.com/
Trivium: Crown In The Grave World Tour	The Fillmore Silver Spring	Tuesday, November 10, 2026	http://www.fillmoresilverspring.com/
New Constellations: It Comes In Waves Tour, Vox Rea	The Howard Theatre	Tuesday, November 10, 2026	https://www.thehowardtheatre.com/
Julia Jacklin - North America Tour 2026	The Lincoln Theatre	Tuesday, November 10, 2026	https://www.ticketmaster.com/lincoln-theatre-tickets-washington/venue/172087
Lee Emi (Emilee Petersmark of The Crane Wives)	The Recher MD	Tuesday, November 10, 2026	https://therechermd.com/shows/
Sonic Chambers Quartet, Steve Olson	The Red Room at Normals	Tuesday, November 10, 2026	http://redroom.org/
Amble, Vincent Lima	9:30 Club	Wednesday, November 11, 2026	http://www.930.com/#upcoming-shows-container
Havok, Hellripper, Slackjaw, Xoth	Baltimore Soundstage	Wednesday, November 11, 2026	http://www.baltimoresoundstage.com/listing/
Adult., A Place To Bury Strangers, VOSH	Black Cat	Wednesday, November 11, 2026	http://www.blackcatdc.com/schedule.html
Steve Herberman Plays "The American Songbook" - Guitar Series	Blues Alley	Wednesday, November 11, 2026	https://wl.seetickets.us/bluesalley
All Get Out, Motherfolk, Saint Blonde	DC9	Wednesday, November 11, 2026	https://www.dc9.club/events
Anton ⚡ Jimmy's Seafood!	Jimmy's Famous Seafood	Wednesday, November 11, 2026	
The U.S. Army Blues Album Release Celebration	Keystone Korner Baltimore	Wednesday, November 11, 2026	https://www.keystonekornerbaltimore.com/calendar
Grigorios Zamparas, piano	Linehan Concert Hall	Wednesday, November 11, 2026	https://artscalendar.umbc.edu/category/all-events/arts/music/
Pile-O-Rocks	Mayan Monkey Brewing Co	Wednesday, November 11, 2026	https://www.mayanmonkeybrewingco.com/music
The OBGMs, Blisshouse	Metro Baltimore	Wednesday, November 11, 2026	https://metrobmore.com//events/
Live Music Every Wednesday with Mark Stewart and Friends	Next Phaze	Wednesday, November 11, 2026	https://www.eventbrite.com/cc/next-phaze-events-251969
The Over Caffeinated & Under Stimulated Tour, Eddie And The Getaway, Devils Cut	Pearl Street Warehouse	Wednesday, November 11, 2026	http://www.pearlstreetwarehouse.com/
Mothlights, Bluem, Suppai Helwa	Pie Shop DC	Wednesday, November 11, 2026	https://www.facebook.com/pg/pieshopdc/events/
Freak Slug, Mila Degray	The Atlantis	Wednesday, November 11, 2026	https://theatlantis.com/
Jamal Roberts	The Birchmere	Wednesday, November 11, 2026	http://www.birchmere.com/calendar/
Yung Gravy: The Joyrider Tour	The Fillmore Silver Spring	Wednesday, November 11, 2026	http://www.fillmoresilverspring.com/
The Blasting Company plays Over The Garden Wall, Patrick McHale & J.r. Kaufman with Jerron Paxton	The Howard Theatre	Wednesday, November 11, 2026	https://www.thehowardtheatre.com/
Alyssa Grace / Wanna Be Singer Tour	The Lincoln Theatre	Wednesday, November 11, 2026	https://www.ticketmaster.com/lincoln-theatre-tickets-washington/venue/172087
Boston Manor, Ben Quad, Spaced	Union Stage	Wednesday, November 11, 2026	https://www.unionstagepresents.com/
Rocky in Concert	Warner Theatre	Wednesday, November 11, 2026	http://www.warnertheatredc.com/
Sammy Rae & The Friends, Melt	9:30 Club	Thursday, November 12, 2026	http://www.930.com/#upcoming-shows-container
Chat Pile, Who Loves The Sun Tour 2026, Soul Glo, Shallowater	Black Cat	Thursday, November 12, 2026	http://www.blackcatdc.com/schedule.html
Orrin Evans Trio	Blues Alley	Thursday, November 12, 2026	https://wl.seetickets.us/bluesalley
The Kilans, Jade Street	DC9	Thursday, November 12, 2026	https://www.dc9.club/events
Odesza (DJ Set)	Echostage	Thursday, November 12, 2026	https://echostage.com/all-events/
Maya De Vitry "All My Faith" Record Release Show	Jammin Java	Thursday, November 12, 2026	http://jamminjava.com
Groove Stu	Keystone Korner Baltimore	Thursday, November 12, 2026	https://www.keystonekornerbaltimore.com/calendar
Film At Eleven	Mayan Monkey Brewing Co	Thursday, November 12, 2026	https://www.mayanmonkeybrewingco.com/music
untitled (halo)	Metro Baltimore	Thursday, November 12, 2026	https://metrobmore.com//events/
Jodeci - 35th Anniversary Tour of Forever My Lady	MGM National Harbor	Thursday, November 12, 2026	https://www.mgmnationalharbor.com/en/entertainment/the-theater.html#/Entertainment%20Calendar
Giles Corey, Kathryn Mohr, Val Acton Loper	Pearl Street Warehouse	Thursday, November 12, 2026	http://www.pearlstreetwarehouse.com/
Persona 749, Roe Kapara	Pie Shop DC	Thursday, November 12, 2026	https://pieshopdc.com/events/
Jessica Lea Mayfield, Rachel Bobbitt	Songbyrd DC	Thursday, November 12, 2026	http://www.songbyrddc.com/events/
Austin Snell, Hayden Coffman	The Atlantis	Thursday, November 12, 2026	https://theatlantis.com/
Raiatea Helm, A Legacy of HawaIIan Song & String	The Barns at Wolf Trap	Thursday, November 12, 2026	https://www.wolftrap.org/calendar
Marty Stuart And His Fabulous Superlatives	The Birchmere	Thursday, November 12, 2026	http://www.birchmere.com/calendar/
Daniel Lanois Trio	The Hamilton	Thursday, November 12, 2026	http://live.thehamiltondc.com/calendar/
An Evening With Prateek Kuhad - Full Moon Chamber Tour (Acoustic)	The Lincoln Theatre	Thursday, November 12, 2026	https://www.ticketmaster.com/lincoln-theatre-tickets-washington/venue/172087
November Bluebeat: The Operators, The Soularites	The Wonderland Ballroom	Thursday, November 12, 2026	http://www.thewonderlandballroom.com/shows-and-events/
Willi Carlisle - The Universal Bubba Tour, Sparrow Smith & the Resonant Rogues	Union Stage	Thursday, November 12, 2026	https://www.unionstagepresents.com/
Sammy Rae & The Friends, Melt	9:30 Club	Friday, November 13, 2026	http://www.930.com/#upcoming-shows-container
Strawberry Guy, Jean-Luc Eldenwood	9:30 Club	Friday, November 13, 2026	http://www.930.com/#upcoming-shows-container
Protomartyr, J.r.c.g.	Black Cat	Friday, November 13, 2026	http://www.blackcatdc.com/schedule.html
Orrin Evans Trio	Blues Alley	Friday, November 13, 2026	https://wl.seetickets.us/bluesalley
Blade Runner Live	Capital One Hall	Friday, November 13, 2026	
Radiator Hospital, Noun	Comet Ping Pong	Friday, November 13, 2026	http://www.cometpingpong.com/livemusic/
Marci	DC9	Friday, November 13, 2026	https://www.dc9.club/events
Brutalismus 3000 - The Harmony Tour	Echostage	Friday, November 13, 2026	https://echostage.com/all-events/
Glamour Kitty	Fish Head Cantina	Friday, November 13, 2026	https://app.neonox.io/matolo/
Enzo Siragusa (Fuse | London), Durfy	Flash	Friday, November 13, 2026	http://www.flashdc.com/
Jazz4Justice™ 25th Anniversary Concert	GMU Center For The Arts	Friday, November 13, 2026	https://cfa.calendar.gmu.edu/series-music/
Charlie Parr, Maisy Owen	Jammin Java	Friday, November 13, 2026	http://jamminjava.com
Elan Trotman "Dear Marvin" Tribute to Marvin Gaye	Keystone Korner Baltimore	Friday, November 13, 2026	https://www.keystonekornerbaltimore.com/calendar
Bennewitz Quartet with Arsentiy Kharitonov	Library of Congress	Friday, November 13, 2026	
Just Us	Mayan Monkey Brewing Co	Friday, November 13, 2026	https://www.mayanmonkeybrewingco.com/music
Infinity Knives x Brian Ennals, Swoll and Babas, Swoll	Metro Baltimore	Friday, November 13, 2026	https://metrobmore.com//events/
Air Supply - A Matter of Time Tour	MGM National Harbor	Friday, November 13, 2026	https://www.mgmnationalharbor.com/en/entertainment/the-theater.html#/Entertainment%20Calendar
Sarah Hester Ross: Serving	Miracle Theatre	Friday, November 13, 2026	https://themiracletheatre.com/event-category/live-events/
Girl of Glass, Thus Spoke Zarathustra, xMercyx, A Bloodbath in Boston, One Girl 37 Razors	Ottobar	Friday, November 13, 2026	http://www.theottobar.com/calendar
Aj Lee & Blue Summit, The Cody Sisters	Pearl Street Warehouse	Friday, November 13, 2026	http://www.pearlstreetwarehouse.com/
Dead Billionaires, Trash Boat & The Ambush, Ammonite	Pie Shop DC	Friday, November 13, 2026	https://pieshopdc.com/events/
Red Brick Weekend 2026, ft. Flowers for the Dead, Omni & more	Songbyrd DC	Friday, November 13, 2026	http://www.songbyrddc.com/events/
Young Relics	Starr Hill Tysons	Friday, November 13, 2026	https://www.starrhilltysons.com/events
Geese – Getting Killed Again Tour, Gwenifer Raymond	The Anthem	Friday, November 13, 2026	http://www.theanthemdc.com/calendar/
Red Leather - Tahoe Tour, The Romance	The Atlantis	Friday, November 13, 2026	https://theatlantis.com/
Chanté Moore	The Birchmere	Friday, November 13, 2026	http://www.birchmere.com/calendar/
The War And Treaty	The Fillmore Silver Spring	Friday, November 13, 2026	http://www.fillmoresilverspring.com/
The Last Waltz	The Hamilton	Friday, November 13, 2026	http://live.thehamiltondc.com/calendar/
Joy Oladokun: The Heavy Things Tour	The Howard Theatre	Friday, November 13, 2026	https://www.thehowardtheatre.com/
The Paradox	The Recher MD	Friday, November 13, 2026	https://therechermd.com/shows/
All Star Purple Party: Tribute to Prince feat. ...	The State Theatre	Friday, November 13, 2026	http://www.thestatetheatre.com/events/upcoming_events.xml
The Baltimore Hayride Country Dance Night	UNION Craft Brewing	Friday, November 13, 2026	https://www.facebook.com/UnionCraftBrewing/events
Sweeping Promises, Clear Channel	Union Stage	Friday, November 13, 2026	https://www.unionstagepresents.com/
Joe Russo's Almost Dead	Warner Theatre	Friday, November 13, 2026	http://www.warnertheatredc.com/
Lucky Stiffs	1919	Saturday, November 14, 2026	
Sammy Rae & The Friends, Melt	9:30 Club	Saturday, November 14, 2026	http://www.930.com/#upcoming-shows-container
Fruit Bats, Sarah Klang	9:30 Club	Saturday, November 14, 2026	http://www.930.com/#upcoming-shows-container
Sir Woman	Black Cat	Saturday, November 14, 2026	http://www.blackcatdc.com/schedule.html
Sara Zito Trio	Brewers Landing	Saturday, November 14, 2026	https://brewerslanding.net/upcoming-bands
Disney Worlds Collide Concert Tour	CFG Bank Arena	Saturday, November 14, 2026	https://www.cfgbankarena.com/events/
Austin Giorgio	DC9	Saturday, November 14, 2026	https://www.dc9.club/events
Bloom at Good Hope—Ellington Carthan	Good Hope Neighborhood Recreation Center	Saturday, November 14, 2026	
Adam Ezra Group	Jammin Java	Saturday, November 14, 2026	http://jamminjava.com
Prince Tribute - Celebrating "Kiss" 40th Anniv. w/ Controversy	Keystone Korner Baltimore	Saturday, November 14, 2026	https://www.keystonekornerbaltimore.com/calendar
vi-kings	Mayan Monkey Brewing Co	Saturday, November 14, 2026	https://www.mayanmonkeybrewingco.com/music
Jeffrey Osborne & Will Downing	MGM National Harbor	Saturday, November 14, 2026	https://www.mgmnationalharbor.com/en/entertainment/the-theater.html#/Entertainment%20Calendar
Coco & Breezy	Mosaic Ultra Lounge	Saturday, November 14, 2026	
Lee Bains III, little a (record release!)	Quarry House Tavern	Saturday, November 14, 2026	https://www.quarryhousetavern.com/music
Minsoo Sohn, piano	Sixth & I	Saturday, November 14, 2026	https://www.sixthandi.org/events/category/arts-entertainment/music/list/
The Wldlfe, Landon Conrath	Songbyrd DC	Saturday, November 14, 2026	http://www.songbyrddc.com/events/
Legal in the District	Starr Hill Tysons	Saturday, November 14, 2026	https://www.starrhilltysons.com/events
Elijah Easton	Takoma Station Tavern	Saturday, November 14, 2026	https://www.takomastation.com/
Trey Anastasio Band	The Anthem	Saturday, November 14, 2026	http://www.theanthemdc.com/calendar/
Bedouine, Other Delights	The Atlantis	Saturday, November 14, 2026	https://theatlantis.com/
Chanté Moore	The Birchmere	Saturday, November 14, 2026	http://www.birchmere.com/calendar/
Charm City Jazz Presents: Tygressa Sings Natalie	The Gordon Center	Saturday, November 14, 2026	https://gordoncenter.com/music/
The Last Waltz	The Hamilton	Saturday, November 14, 2026	http://live.thehamiltondc.com/calendar/
Ax and the Hatchetmen: The Late Checkout Tour 2026, John Robert	The Howard Theatre	Saturday, November 14, 2026	https://www.thehowardtheatre.com/
Amber Autry: Happy Holler Tour	The Lincoln Theatre	Saturday, November 14, 2026	https://www.ticketmaster.com/lincoln-theatre-tickets-washington/venue/172087
Unforgettable Fire [U2 Tribute Show]	The Recher MD	Saturday, November 14, 2026	https://therechermd.com/shows/
Lez Zeppelin: The Song Remains The Same- 50th A...	The State Theatre	Saturday, November 14, 2026	http://www.thestatetheatre.com/events/upcoming_events.xml
White Ford Bronco: DC's All 90s Band	Union Stage	Saturday, November 14, 2026	https://www.unionstagepresents.com/
Boats!, Paperback Tragedy, Burger Monday, The Dead Ringers	Wax Atlas	Saturday, November 14, 2026	http://shows.waxatlas.com
Celebrating The Music Of Neil Young	Zen West	Saturday, November 14, 2026	https://www.facebook.com/pg/ZenWestCantina/events/
Giant Rooks	9:30 Club	Sunday, November 15, 2026	http://www.930.com/#upcoming-shows-container
Capital City Symphony: The Mighty Pines: An orchestral forest adventure	Atlas Arts Center	Sunday, November 15, 2026	http://www.atlasarts.org/music/
Chris Tomlin, Tobymac, Third Day	CFG Bank Arena	Sunday, November 15, 2026	https://www.cfgbankarena.com/events/
Late Night Thoughts: Days Like This Tour	Jammin Java	Sunday, November 15, 2026	http://jamminjava.com
The Bad Plus: Farewell Tour	Keystone Korner Baltimore	Sunday, November 15, 2026	https://www.keystonekornerbaltimore.com/calendar
Walt Weiskopf Quartet	Linehan Concert Hall	Sunday, November 15, 2026	https://artscalendar.umbc.edu/category/all-events/arts/music/
Beartooth: Pure Ecstasy World Tour	MGM National Harbor	Sunday, November 15, 2026	https://www.mgmnationalharbor.com/en/entertainment/the-theater.html#/Entertainment%20Calendar
WHY?	Miracle Theatre	Sunday, November 15, 2026	https://themiracletheatre.com/event-category/live-events/
In Session: Rooted In The Blues	Mr Henry's Restaurant	Sunday, November 15, 2026	http://www.mrhenrysdc.com/calendar/
Thoughts on Bowling, Computer, Softly, HummusVacuum	Pearl Street Warehouse	Sunday, November 15, 2026	http://www.pearlstreetwarehouse.com/
Bluegrass Sunday: Talbot Mayo & Friends	Pickett Brewing Company	Sunday, November 15, 2026	https://pickettbrewingco.com/calendar
Camylio	Pie Shop DC	Sunday, November 15, 2026	https://pieshopdc.com/events/
Josie Edwards	Songbyrd DC	Sunday, November 15, 2026	http://www.songbyrddc.com/events/
Worldbeat: Perkutao	Takoma Station Tavern	Sunday, November 15, 2026	https://www.takomastation.com/
Gilla Band, Annie-Claude Deschênes	The Atlantis	Sunday, November 15, 2026	https://theatlantis.com/
Hiroshima	The Birchmere	Sunday, November 15, 2026	http://www.birchmere.com/calendar/
Imminence - Axis Mundi Tour: North America 2026	The Fillmore Silver Spring	Sunday, November 15, 2026	http://www.fillmoresilverspring.com/
Jackie Greene	The Hamilton	Sunday, November 15, 2026	http://live.thehamiltondc.com/calendar/
Amber Autry: Happy Holler Tour	The Lincoln Theatre	Sunday, November 15, 2026	https://www.ticketmaster.com/lincoln-theatre-tickets-washington/venue/172087
Los Gaiteros de San Jacinto, Fruko, and Carmelo Torres present Madre Cumbia	Union Stage	Sunday, November 15, 2026	https://www.unionstagepresents.com/
Jalen Ngonda: Doctrine of Love Tour, Brooke Combe	9:30 Club	Monday, November 16, 2026	http://www.930.com/#upcoming-shows-container
Mason Jazz Vocal Night: Fall 2026	GMU Center For The Arts	Monday, November 16, 2026	https://cfa.calendar.gmu.edu/series-music/
P.e.e.	Songbyrd DC	Monday, November 16, 2026	http://www.songbyrddc.com/events/
Gregory Porter – DC Jazz Festival Benefit Concert, A Night of Stars	The Anthem	Monday, November 16, 2026	http://www.theanthemdc.com/calendar/
Greg Freeman, Robber Robber	The Atlantis	Monday, November 16, 2026	https://theatlantis.com/
Rachael Yamagata with Will Dailey	The Birchmere	Monday, November 16, 2026	http://www.birchmere.com/calendar/
Rival Sons - Domestic Bliss Tour	The Fillmore Silver Spring	Monday, November 16, 2026	http://www.fillmoresilverspring.com/
JoJo The High Road - 20 Years Unplugged	The Howard Theatre	Monday, November 16, 2026	https://www.thehowardtheatre.com/
Waterparks	The Recher MD	Monday, November 16, 2026	https://therechermd.com/shows/
Inayah - Therapy Wasn't Enough North America Tour 2026	Union Stage	Monday, November 16, 2026	https://www.unionstagepresents.com/
Love Actually Live in Concert	Warner Theatre	Monday, November 16, 2026	http://www.warnertheatredc.com/
Die Spitz, Faetooth	9:30 Club	Tuesday, November 17, 2026	http://www.930.com/#upcoming-shows-container
Ho99o9, N8noface, Sincerely___ The Void, w/ Slay Squad	Black Cat	Tuesday, November 17, 2026	http://www.blackcatdc.com/schedule.html
Seth Kibel's "Recording Release Celebration"	Blues Alley	Tuesday, November 17, 2026	https://wl.seetickets.us/bluesalley
Nick Moss Band	Jammin Java	Tuesday, November 17, 2026	http://jamminjava.com
Rise Among Rivals, Magg Dylan and More TBA	Morsberger's Tavern	Tuesday, November 17, 2026	https://morsbergers.com/live-category/music/
j ember, That Graduate	Pearl Street Warehouse	Tuesday, November 17, 2026	http://www.pearlstreetwarehouse.com/
Twenty Years Of We Are Scientists: Celebrating The 20th Anniversary Of “With Love And Squalor”	Songbyrd DC	Tuesday, November 17, 2026	http://www.songbyrddc.com/events/
Andrea Gibson’s Love Letter From The Afterlife, Megan Falley, The Washington National Opera Orchestra	The Anthem	Tuesday, November 17, 2026	http://www.theanthemdc.com/calendar/
Donny Benét	The Atlantis	Tuesday, November 17, 2026	https://theatlantis.com/
Judy Collins: Sweet Judy Blue Eyes – Farewell Tour with Oakland Rain	The Birchmere	Tuesday, November 17, 2026	http://www.birchmere.com/calendar/
Samantha Fish - Paper Doll Live World Tour	The Fillmore Silver Spring	Tuesday, November 17, 2026	http://www.fillmoresilverspring.com/
The Pineapple Thief Far and Wide Tour 2026	The Howard Theatre	Tuesday, November 17, 2026	https://www.thehowardtheatre.com/
Sleep: North America 2026	The Lincoln Theatre	Tuesday, November 17, 2026	https://www.ticketmaster.com/lincoln-theatre-tickets-washington/venue/172087
Big Head Todd and The Monsters	The Music Center at Strathmore	Tuesday, November 17, 2026	https://www.strathmore.org/calendar
Waterparks	The Recher MD	Tuesday, November 17, 2026	https://therechermd.com/shows/
The Bends – If You Insist Tour, Common People	Union Stage	Tuesday, November 17, 2026	https://www.unionstagepresents.com/
Matt Hansen - The Orchid Tour, Conall Cafferty	9:30 Club	Wednesday, November 18, 2026	http://www.930.com/#upcoming-shows-container
Suicide Silence: Reminders Of Hell Tour, Emmure, AngelMaker, Synestia	Baltimore Soundstage	Wednesday, November 18, 2026	http://www.baltimoresoundstage.com/listing/
David W. Chappell's "Birthday Celebration" - Guitar Series	Blues Alley	Wednesday, November 18, 2026	https://wl.seetickets.us/bluesalley
The Suitcase Junket	Jammin Java	Wednesday, November 18, 2026	http://jamminjava.com
Aaron Rimbui Trio	Keystone Korner Baltimore	Wednesday, November 18, 2026	https://www.keystonekornerbaltimore.com/calendar
Umbc Chamber Players	Linehan Concert Hall	Wednesday, November 18, 2026	https://artscalendar.umbc.edu/category/all-events/arts/music/
33rpm	Mayan Monkey Brewing Co	Wednesday, November 18, 2026	https://www.mayanmonkeybrewingco.com/music
Live Music Every Wednesday with Mark Stewart and Friends	Next Phaze	Wednesday, November 18, 2026	https://www.eventbrite.com/cc/next-phaze-events-251969
Francis of Delirium, Night Hawk	Pearl Street Warehouse	Wednesday, November 18, 2026	http://www.pearlstreetwarehouse.com/
Slap Dragon	Songbyrd DC	Wednesday, November 18, 2026	http://www.songbyrddc.com/events/
Bailen - Swim!!! At Your Own Risk Tour	The Atlantis	Wednesday, November 18, 2026	https://theatlantis.com/
Mark O'Connor's An Appalachian Christmas featuring Maggie O'Connor	The Barns at Wolf Trap	Wednesday, November 18, 2026	https://www.wolftrap.org/calendar
Judy Collins: Sweet Judy Blue Eyes – Farewell Tour with Oakland Rain	The Birchmere	Wednesday, November 18, 2026	http://www.birchmere.com/calendar/
Geoff Tate's Operation: Mindcrime - The Final Chapter	The Fillmore Silver Spring	Wednesday, November 18, 2026	http://www.fillmoresilverspring.com/
Yaelokre, Ben Caplan	The Howard Theatre	Wednesday, November 18, 2026	https://www.thehowardtheatre.com/
Bill Murray & His Blood Brothers	Warner Theatre	Wednesday, November 18, 2026	http://www.warnertheatredc.com/
They Might Be Giants	9:30 Club	Thursday, November 19, 2026	http://www.930.com/#upcoming-shows-container
Anetha (Mama Told Ya | Paris)	Flash	Thursday, November 19, 2026	http://www.flashdc.com/
Coral Bank Hollow, The John Wood Band	Jammin Java	Thursday, November 19, 2026	http://jamminjava.com
The Cg Project with Dennis Chambers & Gary Grainger	Keystone Korner Baltimore	Thursday, November 19, 2026	https://www.keystonekornerbaltimore.com/calendar
Sistastrings	Library of Congress	Thursday, November 19, 2026	
T3	Mayan Monkey Brewing Co	Thursday, November 19, 2026	https://www.mayanmonkeybrewingco.com/music
Paula Cole This Fire: 30, Rett Madison	Miracle Theatre	Thursday, November 19, 2026	https://themiracletheatre.com/event-category/live-events/
Blitzkid, Savage Remains	Pearl Street Warehouse	Thursday, November 19, 2026	http://www.pearlstreetwarehouse.com/
Darryl Rahn	Pie Shop DC	Thursday, November 19, 2026	https://pieshopdc.com/events/
Aga Khan Master Musicians	Sixth & I	Thursday, November 19, 2026	https://www.sixthandi.org/events/category/arts-entertainment/music/list/
ROA	The Anthem	Thursday, November 19, 2026	http://www.theanthemdc.com/calendar/
Stella Lefty: Lefty Live, Grace Enger	The Atlantis	Thursday, November 19, 2026	https://theatlantis.com/
Mark O'Connor's An Appalachian Christmas featuring Maggie O'Connor	The Barns at Wolf Trap	Thursday, November 19, 2026	https://www.wolftrap.org/calendar
Jesse Cook	The Birchmere	Thursday, November 19, 2026	http://www.birchmere.com/calendar/
Gnarls Barkley: To Whom It Still Concerns Tour	The Fillmore Silver Spring	Thursday, November 19, 2026	http://www.fillmoresilverspring.com/
Gene	The Howard Theatre	Thursday, November 19, 2026	https://www.thehowardtheatre.com/
They Might Be Giants	9:30 Club	Friday, November 20, 2026	http://www.930.com/#upcoming-shows-container
Kids Table, Pete Hayes & The Contradictions, Flowerbomb	Black Cat	Friday, November 20, 2026	http://www.blackcatdc.com/schedule.html
Ruben Studdard	Blues Alley	Friday, November 20, 2026	https://wl.seetickets.us/bluesalley
Full Moon Fever: A Tom Petty Tribute	Capital One Hall	Friday, November 20, 2026	
Doja Cat – Tour Ma Vie World Tour	CFG Bank Arena	Friday, November 20, 2026	https://www.cfgbankarena.com/events/
Nü Androids Presents: Slugg	Culture DC	Friday, November 20, 2026	https://www.culturedc.com/events
Eric Prydz - Fall 2026 North American Tour	Echostage	Friday, November 20, 2026	https://echostage.com/all-events/
Radio Slave (Rekids), Budakid (Flores | Berlin)	Flash	Friday, November 20, 2026	http://www.flashdc.com/
Michael McDermott	Jammin Java	Friday, November 20, 2026	http://jamminjava.com
Kim Waters	Keystone Korner Baltimore	Friday, November 20, 2026	https://www.keystonekornerbaltimore.com/calendar
Graindelavoix	Library of Congress	Friday, November 20, 2026	
Umbc Wind Ensemble	Linehan Concert Hall	Friday, November 20, 2026	https://artscalendar.umbc.edu/category/all-events/arts/music/
Blondie meets the talking heads	Mayan Monkey Brewing Co	Friday, November 20, 2026	https://www.mayanmonkeybrewingco.com/music
Catie Turner, Kiss Bang	Metro Baltimore	Friday, November 20, 2026	https://metrobmore.com//events/
Ebril	Pearl Street Warehouse	Friday, November 20, 2026	http://www.pearlstreetwarehouse.com/
Freddy Mac (album debut show!), Good Excuse, Wit's Beginning	Pie Shop DC	Friday, November 20, 2026	https://www.facebook.com/pg/pieshopdc/events/
Scott Kurt & Memphis 59	Starr Hill Tysons	Friday, November 20, 2026	https://www.starrhilltysons.com/events
Palace – Usa & Canada Tour, Willie J Healey	The Anthem	Friday, November 20, 2026	http://www.theanthemdc.com/calendar/
Eggy	The Atlantis	Friday, November 20, 2026	https://theatlantis.com/
Newmyer Flyer Presents The Joni Mitchell Songbook	The Barns at Wolf Trap	Friday, November 20, 2026	https://www.wolftrap.org/calendar
Trae Crowder	The Birchmere	Friday, November 20, 2026	http://www.birchmere.com/calendar/
Wage War - Emergency Broadcast Tour	The Fillmore Silver Spring	Friday, November 20, 2026	http://www.fillmoresilverspring.com/
The Breaks	The Hamilton	Friday, November 20, 2026	http://live.thehamiltondc.com/calendar/
caroline, Giant Claw	The Howard Theatre	Friday, November 20, 2026	https://www.thehowardtheatre.com/
Ilana Glazer Live!	The Lincoln Theatre	Friday, November 20, 2026	https://www.ticketmaster.com/lincoln-theatre-tickets-washington/venue/172087
Arty Hill	1919	Saturday, November 21, 2026	
They Might Be Giants	9:30 Club	Saturday, November 21, 2026	http://www.930.com/#upcoming-shows-container
Ruben Studdard	Blues Alley	Saturday, November 21, 2026	https://wl.seetickets.us/bluesalley
Area 52 Duo	Brewers Landing	Saturday, November 21, 2026	https://brewerslanding.net/upcoming-bands
Triumph: The Rock & Roll Machine Reloaded Tour	CFG Bank Arena	Saturday, November 21, 2026	https://www.cfgbankarena.com/events/
Ogazón (Berlin), Verraco (TraTraTrax, Hyperverbena | Colombia)	Flash	Saturday, November 21, 2026	http://www.flashdc.com/
Jeremy Short	Jammin Java	Saturday, November 21, 2026	http://jamminjava.com
Secret Society	Keystone Korner Baltimore	Saturday, November 21, 2026	https://www.keystonekornerbaltimore.com/calendar
Umbc New Music Ensemble	Linehan Concert Hall	Saturday, November 21, 2026	https://artscalendar.umbc.edu/category/all-events/arts/music/
Film At Eleven	Mayan Monkey Brewing Co	Saturday, November 21, 2026	https://www.mayanmonkeybrewingco.com/music
Crypt Sermon, Aphellion and Collapsing, Aphellion, Collapsing	Metro Baltimore	Saturday, November 21, 2026	https://metrobmore.com//events/
Crypt Sermon, Aphellion and Collapsing	Metro Baltimore	Saturday, November 21, 2026	https://metrobmore.com//events/
Gauri B: Years In The Breaking	Miracle Theatre	Saturday, November 21, 2026	https://themiracletheatre.com/event-category/live-events/
Prince Daddy and the Hyena, Combat, Walter Etc.	Ottobar	Saturday, November 21, 2026	http://www.theottobar.com/calendar
Saturday Nite Shockrave: The Happy Hour Spooky Bash	Ottobar	Saturday, November 21, 2026	http://www.theottobar.com/calendar
Fruition – Something More: The Final Tour, Handmade Moments	Pearl Street Warehouse	Saturday, November 21, 2026	http://www.pearlstreetwarehouse.com/
Pickett Friendsgiving featuring Rcr Bluegrass & Rockin Horse	Pickett Brewing Company	Saturday, November 21, 2026	https://pickettbrewingco.com/calendar
Spirit Electricity, Coptic Times, Soul Craft, Jenny Hates Techno, Thaylobleau, & more	Pie Shop DC	Saturday, November 21, 2026	https://pieshopdc.com/events/
June Henry, Chrysalis	Quarry House Tavern	Saturday, November 21, 2026	https://www.quarryhousetavern.com/music
Dave Hause & The Mermaid, Over Our Eyes	Songbyrd DC	Saturday, November 21, 2026	http://www.songbyrddc.com/events/
The 19th Street Band	Starr Hill Tysons	Saturday, November 21, 2026	https://www.starrhilltysons.com/events
Leigh Pilzer	Takoma Station Tavern	Saturday, November 21, 2026	https://www.takomastation.com/
Dark Star Orchestra – Celebrating 45 Years of Reckoning	The Anthem	Saturday, November 21, 2026	http://www.theanthemdc.com/calendar/
Eggy	The Atlantis	Saturday, November 21, 2026	https://theatlantis.com/
Jason Carter and Michael Cleveland	The Barns at Wolf Trap	Saturday, November 21, 2026	https://www.wolftrap.org/calendar
Trae Crowder	The Birchmere	Saturday, November 21, 2026	http://www.birchmere.com/calendar/
Lenny Pearce - Toddler Rave World Tour	The Fillmore Silver Spring	Saturday, November 21, 2026	http://www.fillmoresilverspring.com/
Flannel: A Grungy ’90s Revival	The Gordon Center	Saturday, November 21, 2026	https://gordoncenter.com/music/
Vienna Teng	The Hamilton	Saturday, November 21, 2026	http://live.thehamiltondc.com/calendar/
Nacho Redondo: Terapia de Grupo	The Howard Theatre	Saturday, November 21, 2026	https://www.thehowardtheatre.com/
Michelle Wolf - Best Job in the World	The Lincoln Theatre	Saturday, November 21, 2026	https://www.ticketmaster.com/lincoln-theatre-tickets-washington/venue/172087
Terence Blanchard & Ravi Coltrane	The Music Center at Strathmore	Saturday, November 21, 2026	https://www.strathmore.org/calendar
Liana Flores, Allie Sandt	Union Stage	Saturday, November 21, 2026	https://www.unionstagepresents.com/
They Might Be Giants	9:30 Club	Sunday, November 22, 2026	http://www.930.com/#upcoming-shows-container
Ruben Studdard	Blues Alley	Sunday, November 22, 2026	https://wl.seetickets.us/bluesalley
Marina Piccinini, flute & Justin Taylor, harpsichord	Community Concerts at Second	Sunday, November 22, 2026	https://www.cc2nd.org/index.html
Jon Tyler Wiley & His Virginia Choir, Bobby Thompson, Karen Jonas	Jammin Java	Sunday, November 22, 2026	http://jamminjava.com
"An Evening of Soul" A Tribute to Gladys Knight & Patti Labelle	Keystone Korner Baltimore	Sunday, November 22, 2026	https://www.keystonekornerbaltimore.com/calendar
Umbc Jazz in Concert	Linehan Concert Hall	Sunday, November 22, 2026	https://artscalendar.umbc.edu/category/all-events/arts/music/
Exhumed, Jarhead Fertilizer, Savage Master and Molder, Jarhead Fertilizer, Savage Master, Molder	Metro Baltimore	Sunday, November 22, 2026	https://metrobmore.com//events/
Mannheim Steamroller Christmas	MGM National Harbor	Sunday, November 22, 2026	https://www.mgmnationalharbor.com/en/entertainment/the-theater.html#/Entertainment%20Calendar
Worst Party Ever x Equipment, Cuni	Pearl Street Warehouse	Sunday, November 22, 2026	http://www.pearlstreetwarehouse.com/
Sunday Cruise, Dino Gala, Friend, Latchkey Kids	Pie Shop DC	Sunday, November 22, 2026	https://www.facebook.com/pg/pieshopdc/events/
Hélène Grimaud, piano	Shriver Hall	Sunday, November 22, 2026	https://www.shriverconcerts.org/event/index.php
James Ivy	Songbyrd DC	Sunday, November 22, 2026	http://www.songbyrddc.com/events/
West 22nd: Places To Be	The Atlantis	Sunday, November 22, 2026	https://theatlantis.com/
DC Anthem Singers Shine!, Featuring Bob McDonald, Caleb Green, and D.C. Washington	The Barns at Wolf Trap	Sunday, November 22, 2026	https://www.wolftrap.org/calendar
Marshall Crenshaw with Sarah Borges & Eric Ambel	The Birchmere	Sunday, November 22, 2026	http://www.birchmere.com/calendar/
Pouya - The Forever Glades Tour	The Fillmore Silver Spring	Sunday, November 22, 2026	http://www.fillmoresilverspring.com/
Private Eyes: A Tribute to Hall & Oates	The Gordon Center	Sunday, November 22, 2026	https://gordoncenter.com/music/
Music in the Mansion: Germán López	The Music Center at Strathmore	Sunday, November 22, 2026	https://www.strathmore.org/calendar
Colby Acuff, Levi Foster	Union Stage	Sunday, November 22, 2026	https://www.unionstagepresents.com/
Criminal Presents: Don't Worry with Phoebe Judge	9:30 Club	Monday, November 23, 2026	http://www.930.com/#upcoming-shows-container
Tia Dae "The Next Era in Entertainment" - Emerging Artist Mondays	Blues Alley	Monday, November 23, 2026	https://wl.seetickets.us/bluesalley
First to Eleven	Jammin Java	Monday, November 23, 2026	http://jamminjava.com
Makari, Kurt Travis, Mella and Resilia	Ottobar	Monday, November 23, 2026	http://www.theottobar.com/calendar
Ghostwoman, Croaker	Pearl Street Warehouse	Monday, November 23, 2026	http://www.pearlstreetwarehouse.com/
Cortex	Songbyrd DC	Monday, November 23, 2026	http://www.songbyrddc.com/events/
ToosII	The Howard Theatre	Monday, November 23, 2026	https://www.thehowardtheatre.com/
Nasar Abadey	Blues Alley	Tuesday, November 24, 2026	https://wl.seetickets.us/bluesalley
Sade's Collective	Keystone Korner Baltimore	Tuesday, November 24, 2026	https://www.keystonekornerbaltimore.com/calendar
Kurt Vile And The Violators, Twisted Teens	Ottobar	Tuesday, November 24, 2026	http://www.theottobar.com/calendar
Dolly Parton’s Threads: My Songs in Symphony	The Anthem	Tuesday, November 24, 2026	http://www.theanthemdc.com/calendar/
Tiny Habits - The Keepers Tour	The Atlantis	Tuesday, November 24, 2026	https://theatlantis.com/
emmet swimming + Dillon Fence	9:30 Club	Wednesday, November 25, 2026	http://www.930.com/#upcoming-shows-container
Dani Cortaza Presents "The Great Pan-American Songbook" - Guitar Series	Blues Alley	Wednesday, November 25, 2026	https://wl.seetickets.us/bluesalley
Todd Marcus & Virginia MacDonald Quintet: Home for Thanksgiving	Keystone Korner Baltimore	Wednesday, November 25, 2026	https://www.keystonekornerbaltimore.com/calendar
Mystic Nights VIII: GIÁ Nh? Anh LÀ Em	MGM National Harbor	Wednesday, November 25, 2026	https://www.mgmnationalharbor.com/en/entertainment/the-theater.html#/Entertainment%20Calendar
Virginia Coalition	The Atlantis	Wednesday, November 25, 2026	https://theatlantis.com/
DragonForce: Inhuman Rampage 20th Anniversary	The Fillmore Silver Spring	Wednesday, November 25, 2026	http://www.fillmoresilverspring.com/
John K’s Mystery Band	The Hamilton	Wednesday, November 25, 2026	http://live.thehamiltondc.com/calendar/
Cris Jacobs Family Reunion w/ members of Greensky Bluegrass, Cabinet, The Bridge, and more!	The Recher MD	Wednesday, November 25, 2026	https://therechermd.com/shows/
Late as usual	Mayan Monkey Brewing Co	Thursday, November 26, 2026	https://www.mayanmonkeybrewingco.com/music
Alex Bugnon	Blues Alley	Friday, November 27, 2026	https://wl.seetickets.us/bluesalley
Los Tigres del Norte: Los Tigres del Mundo	CFG Bank Arena	Friday, November 27, 2026	https://www.cfgbankarena.com/events/
Los Tucanes de Tijuana	EagleBank Arena	Friday, November 27, 2026	https://www.eaglebankarena.com/events
Crazy Chester - A Very Carrboro Tribute To The Band & The Last Waltz 50th Anniversary Tour, Jp Hudson	Jammin Java	Friday, November 27, 2026	http://jamminjava.com
Kindred The Family Soul	Keystone Korner Baltimore	Friday, November 27, 2026	https://www.keystonekornerbaltimore.com/calendar
Milagro Azul	Mayan Monkey Brewing Co	Friday, November 27, 2026	https://www.mayanmonkeybrewingco.com/music
Music: The Ryan Keith Band	Pickett Brewing Company	Friday, November 27, 2026	https://pickettbrewingco.com/calendar
Tommy & Kim Band	Starr Hill Tysons	Friday, November 27, 2026	https://www.starrhilltysons.com/events
Victoria Monét: Frequency Of Love Tour	The Anthem	Friday, November 27, 2026	http://www.theanthemdc.com/calendar/
E. Lynn Harris, Ashford & Simpson — Invisible Life (The Musical) World Premiere, A Friendsgiving Celebration	The Howard Theatre	Friday, November 27, 2026	https://www.thehowardtheatre.com/
The Dirty Grass Players	The Recher MD	Friday, November 27, 2026	https://therechermd.com/shows/
White Ford Bronco	9:30 Club	Saturday, November 28, 2026	http://www.930.com/#upcoming-shows-container
Alex Bugnon	Blues Alley	Saturday, November 28, 2026	https://wl.seetickets.us/bluesalley
The Motive	Brewers Landing	Saturday, November 28, 2026	https://brewerslanding.net/upcoming-bands
Rocky Mountain High Experience: A John Denver Christmas	Capital One Hall	Saturday, November 28, 2026	
Canadian Brass	GMU Center For The Arts	Saturday, November 28, 2026	https://cfa.calendar.gmu.edu/series-music/
Kindred The Family Soul	Keystone Korner Baltimore	Saturday, November 28, 2026	https://www.keystonekornerbaltimore.com/calendar
Bad Influence	Mayan Monkey Brewing Co	Saturday, November 28, 2026	https://www.mayanmonkeybrewingco.com/music
LIIm – Le Monde Est À Nous	Pearl Street Warehouse	Saturday, November 28, 2026	http://www.pearlstreetwarehouse.com/
Riot – The Machine World Tour feat. Architekt, HIIm, & Juck!	Reckless Shepherd Brewery	Saturday, November 28, 2026	https://recklessshepherd.com/brewery-events/
Justin Trawick & The Common Good	Starr Hill Tysons	Saturday, November 28, 2026	https://www.starrhilltysons.com/events
Psycho Killers (Talking Heads Tribute)	The Atlantis	Saturday, November 28, 2026	https://theatlantis.com/
The Manhattans Featuring Gerald Alston	The Birchmere	Saturday, November 28, 2026	http://www.birchmere.com/calendar/
Eu Feat. Sugar Bear and The Chuck Brown Band	The Hamilton	Saturday, November 28, 2026	http://live.thehamiltondc.com/calendar/
All Mighty Senators	The Recher MD	Saturday, November 28, 2026	https://therechermd.com/shows/
Alex Bugnon	Blues Alley	Sunday, November 29, 2026	https://wl.seetickets.us/bluesalley
Musicians of the Baltimore Symphony	Community Concerts at Second	Sunday, November 29, 2026	https://www.cc2nd.org/index.html
Leanna Firestone, Sydney Sprague	Jammin Java	Sunday, November 29, 2026	http://jamminjava.com
The Carl Filipiak Quartet featuring Lafayette Gilchrist	Keystone Korner Baltimore	Sunday, November 29, 2026	https://www.keystonekornerbaltimore.com/calendar
Bluegrass Sunday: The Black-Eyed Suzies	Pickett Brewing Company	Sunday, November 29, 2026	https://pickettbrewingco.com/calendar
Static Dress, I Promised The World, Septemberistheonlytimeidontthinkofyou, Car Underwater	The Atlantis	Sunday, November 29, 2026	https://theatlantis.com/
E. Lynn Harris, Ashford & Simpson — Invisible Life (The Musical) World Premiere, A Celebration of Faith, Family & Church	The Howard Theatre	Sunday, November 29, 2026	https://www.thehowardtheatre.com/
Blues Alley Youth Orchestra	Blues Alley	Monday, November 30, 2026	https://wl.seetickets.us/bluesalley
E. Lynn Harris, Ashford & Simpson — Invisible Life (The Musical) World Premiere, Celebrating the Literary Legacy of E. Lynn Harris Hbcu Night	The Howard Theatre	Monday, November 30, 2026	https://www.thehowardtheatre.com/
Yuki Chiba - First North America Headline Tour	Union Stage	Monday, November 30, 2026	https://www.unionstagepresents.com/
Soul Trombonist Herm Hopkins - Frosty the Soulman	Blues Alley	Tuesday, December 1, 2026	https://wl.seetickets.us/bluesalley
Kate Voegele "Then & Now" Tour	Jammin Java	Tuesday, December 1, 2026	http://jamminjava.com
A Soulful Christmas with Therron Fowler & BUiC	Keystone Korner Baltimore	Tuesday, December 1, 2026	https://www.keystonekornerbaltimore.com/calendar
Hank Azaria & The Ez Street Band - A Springsteen Celebration	The Atlantis	Tuesday, December 1, 2026	https://theatlantis.com/
E. Lynn Harris, Ashford & Simpson — Invisible Life (The Musical) World Premiere, A Celebration for World Aids Day: Love, Truth & Hiv	The Howard Theatre	Tuesday, December 1, 2026	https://www.thehowardtheatre.com/
Cherish the Ladies: Celtic Christmas	The Music Center at Strathmore	Tuesday, December 1, 2026	https://www.strathmore.org/calendar
Eric Felten Performs "Ellington's Nutcracker"	Blues Alley	Wednesday, December 2, 2026	https://wl.seetickets.us/bluesalley
Warren Wolf: Christmas Vibes featuring Tia Fuller	Keystone Korner Baltimore	Wednesday, December 2, 2026	https://www.keystonekornerbaltimore.com/calendar
Tyla	The Anthem	Wednesday, December 2, 2026	http://www.theanthemdc.com/calendar/
Hunxho - 2Night Only Tour	The Fillmore Silver Spring	Wednesday, December 2, 2026	http://www.fillmoresilverspring.com/
Eelke Kleijn	Union Stage	Wednesday, December 2, 2026	https://www.unionstagepresents.com/
nimino: keep me awake tour	9:30 Club	Thursday, December 3, 2026	http://www.930.com/#upcoming-shows-container
Syd - Beard Tour 2026	Echostage	Thursday, December 3, 2026	https://echostage.com/all-events/
Mason Bands Concert: Vivo (2026)	GMU Center For The Arts	Thursday, December 3, 2026	https://cfa.calendar.gmu.edu/series-music/
Jon Langford and Walter Salas-Humara	Hank Dietle's Tavern	Thursday, December 3, 2026	https://www.hankdietles.net/
A Not-So-Silent Night, Mama's Black Sheep, Regina Sayles, Colleen Clark	Jammin Java	Thursday, December 3, 2026	http://jamminjava.com
A Charlie Brown Christmas with The Eric Byrd Trio	Keystone Korner Baltimore	Thursday, December 3, 2026	https://www.keystonekornerbaltimore.com/calendar
Sheer Mag & King Tuff	Ottobar	Thursday, December 3, 2026	http://www.theottobar.com/calendar
Bluegrass Jam: Baltimore's Best Open Mic	Pickett Brewing Company	Thursday, December 3, 2026	https://pickettbrewingco.com/calendar
Free Bluegrass Night, Michael J. Stone	Quarry House Tavern	Thursday, December 3, 2026	https://www.quarryhousetavern.com/music
Devon Gabriella	Songbyrd DC	Thursday, December 3, 2026	http://www.songbyrddc.com/events/
Pigeons Playing Ping Pong	The Atlantis	Thursday, December 3, 2026	https://theatlantis.com/
Johnnyswim: The Johnnyswim Christmas Show	The Birchmere	Thursday, December 3, 2026	http://www.birchmere.com/calendar/
Bonobo - Distance In Static Live North American Tour	The Fillmore Silver Spring	Thursday, December 3, 2026	http://www.fillmoresilverspring.com/
Abbey Road: A Tribute to the Beatles	The Gordon Center	Thursday, December 3, 2026	https://gordoncenter.com/music/
Voctave: It Feels Like Christmas	The Music Center at Strathmore	Thursday, December 3, 2026	https://www.strathmore.org/calendar
Upon This Rock	Union Stage	Thursday, December 3, 2026	https://www.unionstagepresents.com/
Pigeons Playing Ping Pong, Fireside Collective	9:30 Club	Friday, December 4, 2026	http://www.930.com/#upcoming-shows-container
David Benoit Quartet w/ Guest Courtney Fortune "A Charlie Brown Christmas"	Blues Alley	Friday, December 4, 2026	https://wl.seetickets.us/bluesalley
Max Styler	Echostage	Friday, December 4, 2026	https://echostage.com/all-events/
Liz Longley with Special Guests The Young Fables: The Holiday Fuss Tour, The Young Fables	Jammin Java	Friday, December 4, 2026	http://jamminjava.com
Jazz Funk Soul with Jeff Lorber, Everette Harp & Paul Jackson Jr.	Keystone Korner Baltimore	Friday, December 4, 2026	https://www.keystonekornerbaltimore.com/calendar
The Resistance	Mosaic Ultra Lounge	Friday, December 4, 2026	
Felukah: Hibiskiss Tour	Pearl Street Warehouse	Friday, December 4, 2026	http://www.pearlstreetwarehouse.com/
Temples: The Bliss Tour, GIFT	The Atlantis	Friday, December 4, 2026	https://theatlantis.com/
New York Arabic Orchestra	The Barns at Wolf Trap	Friday, December 4, 2026	https://www.wolftrap.org/calendar
Chris Botti	The Birchmere	Friday, December 4, 2026	http://www.birchmere.com/calendar/
bleood - Kill Your Idols Tour	The Fillmore Silver Spring	Friday, December 4, 2026	http://www.fillmoresilverspring.com/
Venna	The Howard Theatre	Friday, December 4, 2026	https://www.thehowardtheatre.com/
The Rock Orchestra by Candlelight	The Lyric	Friday, December 4, 2026	https://www.lyricbaltimore.com/events
Better Off Dead – 13th Anniversary Show!	The Recher MD	Friday, December 4, 2026	https://therechermd.com/shows/
Tusk: The Classic Tribute to Fleetwood Mac	The State Theatre	Friday, December 4, 2026	http://www.thestatetheatre.com/events/upcoming_events.xml
Supersonic - Oasis Tribute	Union Stage	Friday, December 4, 2026	https://www.unionstagepresents.com/
Pigeons Playing Ping Pong, Dizgo	9:30 Club	Saturday, December 5, 2026	http://www.930.com/#upcoming-shows-container
David Benoit Quartet w/ Guest Courtney Fortune "A Charlie Brown Christmas"	Blues Alley	Saturday, December 5, 2026	https://wl.seetickets.us/bluesalley
Takuya Nakamura (Brooklyn/Tokyo), Proxxy, Julez	Flash	Saturday, December 5, 2026	http://www.flashdc.com/
Jon McLaughlin Home For The Holidays	Jammin Java	Saturday, December 5, 2026	http://jamminjava.com
Jazz Funk Soul with Jeff Lorber, Everette Harp & Paul Jackson Jr.	Keystone Korner Baltimore	Saturday, December 5, 2026	https://www.keystonekornerbaltimore.com/calendar
Koffin Kats, Voodoo Glowskulls, The Raging Nathans	Ottobar	Saturday, December 5, 2026	http://www.theottobar.com/calendar
The Mainliners, The Nu-Viles	Pearl Street Warehouse	Saturday, December 5, 2026	http://www.pearlstreetwarehouse.com/
My Third Eye: A Tool Experience	Reckless Shepherd Brewery	Saturday, December 5, 2026	https://recklessshepherd.com/brewery-events/
Eliza McLamb	Songbyrd DC	Saturday, December 5, 2026	http://www.songbyrddc.com/events/
Juice, Strutman Lane	The Atlantis	Saturday, December 5, 2026	https://theatlantis.com/
A Hanukkah Party featuring Michael Winograd and The Honorable Mentshn	The Barns at Wolf Trap	Saturday, December 5, 2026	https://www.wolftrap.org/calendar
Chris Botti	The Birchmere	Saturday, December 5, 2026	http://www.birchmere.com/calendar/
Dax - The Anger Management Tour	The Fillmore Silver Spring	Saturday, December 5, 2026	http://www.fillmoresilverspring.com/
Death From Above 1979, Wine Lips	The Howard Theatre	Saturday, December 5, 2026	https://www.thehowardtheatre.com/
Leslie Odom, Jr. The Christmas Tour 2026	The Music Center at Strathmore	Saturday, December 5, 2026	https://www.strathmore.org/calendar
Love Nut	The Recher MD	Saturday, December 5, 2026	https://therechermd.com/shows/
Start Making Sense: A Tribute to Talking Heads	The State Theatre	Saturday, December 5, 2026	http://www.thestatetheatre.com/events/upcoming_events.xml
Kyle Gordon	Union Stage	Saturday, December 5, 2026	https://www.unionstagepresents.com/
David Benoit Quartet w/ Guest Courtney Fortune "A Charlie Brown Christmas"	Blues Alley	Sunday, December 6, 2026	https://wl.seetickets.us/bluesalley
Mason Symphony Orchestra & Choirs Winter Festival 2026	GMU Center For The Arts	Sunday, December 6, 2026	https://cfa.calendar.gmu.edu/series-music/
Jazmin Ghent: Holiday Soul	Keystone Korner Baltimore	Sunday, December 6, 2026	https://www.keystonekornerbaltimore.com/calendar
Sabaton: Legends on Tour	MGM National Harbor	Sunday, December 6, 2026	https://www.mgmnationalharbor.com/en/entertainment/the-theater.html#/Entertainment%20Calendar
Bluegrass Sunday: The Plate Scrapers	Pickett Brewing Company	Sunday, December 6, 2026	https://pickettbrewingco.com/calendar
Verona Quartet Steven Banks, saxophone (Baltimore Debut)	Shriver Hall	Sunday, December 6, 2026	https://www.shriverconcerts.org/event/index.php
Stephanie Blythe, mezzo-soprano + Ryan McCullough, piano, Chamber Music at The Barns	The Barns at Wolf Trap	Sunday, December 6, 2026	https://www.wolftrap.org/calendar
The String Queens	The Birchmere	Sunday, December 6, 2026	http://www.birchmere.com/calendar/
Shaun Cassidy - Unwrapped: Songs & Stories For The Holidays	The Lincoln Theatre	Sunday, December 6, 2026	https://www.ticketmaster.com/lincoln-theatre-tickets-washington/venue/172087
A Holiday Fund(d)raiser With Dan Navarro and Marc Douglas Berardo	The Mansion on O	Sunday, December 6, 2026	
Eddie 9v, Leroy from the North	Union Stage	Sunday, December 6, 2026	https://www.unionstagepresents.com/
Montell Fish - The Nest Tour	9:30 Club	Monday, December 7, 2026	http://www.930.com/#upcoming-shows-container
Atlas Presents A Bohemian Christmas with the Bohemian Caverns Jazz Orchestra	Atlas Arts Center	Monday, December 7, 2026	http://www.atlasarts.org/music/
Samuel Prather Presents "A Nat King Cole Christmas - From Swing to Soul"	Blues Alley	Monday, December 7, 2026	https://wl.seetickets.us/bluesalley
Allman Betts Family Revival: A Decade Of Revival	Capital One Hall	Monday, December 7, 2026	
Lizz Wright with Kenny Banks Sr.	Keystone Korner Baltimore	Monday, December 7, 2026	https://www.keystonekornerbaltimore.com/calendar
ezcodylee — Make America Stunt 4 Life Tour, ninexteen	Pearl Street Warehouse	Monday, December 7, 2026	http://www.pearlstreetwarehouse.com/
GWAR, Midnight, Mac Sabbath, X-Cops	9:30 Club	Tuesday, December 8, 2026	http://www.930.com/#upcoming-shows-container
Emma Ruth Rundle, Cinder Well	Black Cat	Tuesday, December 8, 2026	http://www.blackcatdc.com/schedule.html
Renée Tannenbaum's Multi-Culti Salute to the Season	Blues Alley	Tuesday, December 8, 2026	https://wl.seetickets.us/bluesalley
Bria Skonberg Jingle Bell Swing	Keystone Korner Baltimore	Tuesday, December 8, 2026	https://www.keystonekornerbaltimore.com/calendar
Gallant	The Atlantis	Tuesday, December 8, 2026	https://theatlantis.com/
Squirrel Nut Zippers Christmas Caravan Tour	9:30 Club	Wednesday, December 9, 2026	http://www.930.com/#upcoming-shows-container
Friendship, Charlotte Cornfield	Black Cat	Wednesday, December 9, 2026	http://www.blackcatdc.com/schedule.html
Eric Felten Performs "Ellington's Nutcracker"	Blues Alley	Wednesday, December 9, 2026	https://wl.seetickets.us/bluesalley
Robert Ellis	Jammin Java	Wednesday, December 9, 2026	http://jamminjava.com
Anton ⚡ Jimmy's Seafood!	Jimmy's Famous Seafood	Wednesday, December 9, 2026	
Baltimore School For the Arts Jazz Ensemble and Big Band	Keystone Korner Baltimore	Wednesday, December 9, 2026	https://www.keystonekornerbaltimore.com/calendar
Chris Isaak “On Tour For The Holidays”	The Birchmere	Wednesday, December 9, 2026	http://www.birchmere.com/calendar/
Dexter and The Moonrocks	The Fillmore Silver Spring	Wednesday, December 9, 2026	http://www.fillmoresilverspring.com/
Dave Koz & Friends Christmas Tour 2026	The Music Center at Strathmore	Wednesday, December 9, 2026	https://www.strathmore.org/calendar
2dead Boyz x The Underachievers, Lord Sko	Union Stage	Wednesday, December 9, 2026	https://www.unionstagepresents.com/
Matisyahu - Festival of Lights	9:30 Club	Thursday, December 10, 2026	http://www.930.com/#upcoming-shows-container
Mareux	Black Cat	Thursday, December 10, 2026	http://www.blackcatdc.com/schedule.html
Nicole Henry "My Favorite Things"	Blues Alley	Thursday, December 10, 2026	https://wl.seetickets.us/bluesalley
Advance Base, bobbie	Comet Ping Pong	Thursday, December 10, 2026	http://www.cometpingpong.com/livemusic/
Pink Martini All-Stars Present: A Season of Stars	GMU Center For The Arts	Thursday, December 10, 2026	https://cfa.calendar.gmu.edu/series-music/
The Last Bison	Jammin Java	Thursday, December 10, 2026	http://jamminjava.com
Motown Christmas featuring Jukeboxx	Keystone Korner Baltimore	Thursday, December 10, 2026	https://www.keystonekornerbaltimore.com/calendar
Live! At the Library: Lizz Wright and Kenny Banks Sr.	Library of Congress	Thursday, December 10, 2026	
The Palmer Squares	Metro Baltimore	Thursday, December 10, 2026	https://metrobmore.com//events/
Milk & Bone	Pearl Street Warehouse	Thursday, December 10, 2026	http://www.pearlstreetwarehouse.com/
Wild Pink, Hiding Places	Songbyrd DC	Thursday, December 10, 2026	http://www.songbyrddc.com/events/
Tall Heights - Neptune 10 Year Anniversary Tour	The Atlantis	Thursday, December 10, 2026	https://theatlantis.com/
The Wood Brothers with Tyler Ramsey	The Birchmere	Thursday, December 10, 2026	http://www.birchmere.com/calendar/
Music in the Mansion: inti figgis-vizueta’s Music for Transitions	The Music Center at Strathmore	Thursday, December 10, 2026	https://www.strathmore.org/calendar
December Bluebeat: The Players Band, Last Resort	The Wonderland Ballroom	Thursday, December 10, 2026	http://www.thewonderlandballroom.com/shows-and-events/
The Bouncing Souls, The Suicide Machines, The Flatliners, The Jack Knives	Black Cat	Friday, December 11, 2026	http://www.blackcatdc.com/schedule.html
Nicole Henry "My Favorite Things"	Blues Alley	Friday, December 11, 2026	https://wl.seetickets.us/bluesalley
Vincent Antone	Flash	Friday, December 11, 2026	http://www.flashdc.com/
Bill Kirchen's Honky-Tonk Holiday Party	Jammin Java	Friday, December 11, 2026	http://jamminjava.com
Artemis: Sketches of Miles	Keystone Korner Baltimore	Friday, December 11, 2026	https://www.keystonekornerbaltimore.com/calendar
Ensemble Correspondances with Lucile Richardot	Library of Congress	Friday, December 11, 2026	
Distant, Heavy, Hitter, Torn Open, Katywentmissing and Squelching, Heavy//Hitter, Torn Open, Katywentmissing, Squelching	Metro Baltimore	Friday, December 11, 2026	https://metrobmore.com//events/
Bit Brigade Performs “The Legend of Zelda”, “Castlevania”, “Tetris” Live	Ottobar	Friday, December 11, 2026	http://www.theottobar.com/calendar
Octave Cat, Wck Trio	Pearl Street Warehouse	Friday, December 11, 2026	http://www.pearlstreetwarehouse.com/
Margaret Glaspy - The I Am Both Tour	The Atlantis	Friday, December 11, 2026	https://theatlantis.com/
The Wood Brothers with Tyler Ramsey	The Birchmere	Friday, December 11, 2026	http://www.birchmere.com/calendar/
Premo Rice - Another Night at the Chateau Live In Concert	The Howard Theatre	Friday, December 11, 2026	https://www.thehowardtheatre.com/
Jesse Garron's "A Holiday Tribute to Elvis Pres...	The State Theatre	Friday, December 11, 2026	http://www.thestatetheatre.com/events/upcoming_events.xml
Miniature Tigers	Black Cat	Saturday, December 12, 2026	http://www.blackcatdc.com/schedule.html
Langston Hughes II - Not So Silent Night	Blues Alley	Saturday, December 12, 2026	https://wl.seetickets.us/bluesalley
Bassrush Presents: Daily Bread - Vanishing Point Tour	Echostage	Saturday, December 12, 2026	https://echostage.com/all-events/
Bloom at Good Hope — Elijah Balbed and the JoGo Project	Good Hope Neighborhood Recreation Center	Saturday, December 12, 2026	
Joe Jordan, Blake Tyler	Jammin Java	Saturday, December 12, 2026	http://jamminjava.com
Artemis: Sketches of Miles	Keystone Korner Baltimore	Saturday, December 12, 2026	https://www.keystonekornerbaltimore.com/calendar
🐉 Punkdemic Presents: Dragon Invasion 🐉 – Rebelmatic, Year Of The Dragon, Jjx, CreatedLadyJ, PreCCure	Morsberger's Tavern	Saturday, December 12, 2026	https://morsbergers.com/live-category/music/
Bodysnatcher: Hell Is Here, Hell Is Home Tour	Ottobar	Saturday, December 12, 2026	http://www.theottobar.com/calendar
Weird Phishes	Pearl Street Warehouse	Saturday, December 12, 2026	http://www.pearlstreetwarehouse.com/
Stout, Maafa, Secret Society, The Screws, Balisong, Fade to Nothing	Songbyrd DC	Saturday, December 12, 2026	http://www.songbyrddc.com/events/
Baby Jane's Winter Forever Tour	The Atlantis	Saturday, December 12, 2026	https://theatlantis.com/
A Very Maysa Christmas	The Birchmere	Saturday, December 12, 2026	http://www.birchmere.com/calendar/
The Tenors: Season of Hope Tour	The Music Center at Strathmore	Saturday, December 12, 2026	https://www.strathmore.org/calendar
Lucy Bedroque, pinponpanpon	9:30 Club	Sunday, December 13, 2026	http://www.930.com/#upcoming-shows-container
Langston Hughes II - Not So Silent Night	Blues Alley	Sunday, December 13, 2026	https://wl.seetickets.us/bluesalley
An Evening with Caleb Caudle & The Sweet Critters	Jammin Java	Sunday, December 13, 2026	http://jamminjava.com
"All White Christmas" Tribute to Frankie Beverly & Maze	Keystone Korner Baltimore	Sunday, December 13, 2026	https://www.keystonekornerbaltimore.com/calendar
Darkest Hour, Judiciary	The Atlantis	Sunday, December 13, 2026	https://theatlantis.com/
Eric Benet	The Birchmere	Sunday, December 13, 2026	http://www.birchmere.com/calendar/
The Trills: Home for the Holidays	Union Stage	Sunday, December 13, 2026	https://www.unionstagepresents.com/
Benjie Porecki Celebrates "I'll Be Home for Christmas"	Blues Alley	Monday, December 14, 2026	https://wl.seetickets.us/bluesalley
Michael W. Smith Every Christmas Tour	Capital One Hall	Monday, December 14, 2026	
Rockabilly Rumble: A Very Rockabilly Christmas	Jammin Java	Monday, December 14, 2026	http://jamminjava.com
The Redd Brothers - "A Redd Christmas"	Blues Alley	Tuesday, December 15, 2026	https://wl.seetickets.us/bluesalley
Trsh – Gone Fishin' Tour, Adjust the Sails, Dear Maryanne, Dear Cincinnati	Jammin Java	Tuesday, December 15, 2026	http://jamminjava.com
Birckhead Presents Noël	Keystone Korner Baltimore	Tuesday, December 15, 2026	https://www.keystonekornerbaltimore.com/calendar
Tab Benoit with Bonerama “Blues & Brass Winter Tour”	The Birchmere	Tuesday, December 15, 2026	http://www.birchmere.com/calendar/
Matt Rogers: This Time It's *Really* Christmas Tour	9:30 Club	Wednesday, December 16, 2026	http://www.930.com/#upcoming-shows-container
Eric Felten Performs "Ellington's Nutcracker"	Blues Alley	Wednesday, December 16, 2026	https://wl.seetickets.us/bluesalley
King Buffalo	Black Cat	Thursday, December 17, 2026	http://www.blackcatdc.com/schedule.html
Jane Monheit - "The Merriest"	Blues Alley	Thursday, December 17, 2026	https://wl.seetickets.us/bluesalley
Small Town Titans with Scotty Austin	Fish Head Cantina	Thursday, December 17, 2026	https://app.neonox.io/matolo/
An Evening of Holiday Jazz & Soul with Lori Williams	Keystone Korner Baltimore	Thursday, December 17, 2026	https://www.keystonekornerbaltimore.com/calendar
Bluegrass Jam: Baltimore's Best Open Mic	Pickett Brewing Company	Thursday, December 17, 2026	https://pickettbrewingco.com/calendar
Haley Heynderickx	Sixth & I	Thursday, December 17, 2026	https://www.sixthandi.org/events/category/arts-entertainment/music/list/
Angela Autumn	Songbyrd DC	Thursday, December 17, 2026	http://www.songbyrddc.com/events/
Carbon Leaf	The Birchmere	Thursday, December 17, 2026	http://www.birchmere.com/calendar/
Cb & The Riders	1919	Friday, December 18, 2026	
Jane Monheit - "The Merriest"	Blues Alley	Friday, December 18, 2026	https://wl.seetickets.us/bluesalley
Rishab Rikhiram Sharma, Sitar For Mental Health	Capital One Hall	Friday, December 18, 2026	
Nitefall Returns to Donna's Tavern in Dundalk	Donna's Tavern & Restaurant of Dundalk	Friday, December 18, 2026	https://www.facebook.com/Donnas-Tavern-Restaurant-of-Dundalk-108548041276936/events/
Dos Santos	Jammin Java	Friday, December 18, 2026	http://jamminjava.com
Nea Jazz Master Terri Lyne Carrington + Social Science	Keystone Korner Baltimore	Friday, December 18, 2026	https://www.keystonekornerbaltimore.com/calendar
Stradivari Anniversary: Brentano Quartet with Hsin-Yun Huang (Concert 1)	Library of Congress	Friday, December 18, 2026	
Carbon Leaf	The Birchmere	Friday, December 18, 2026	http://www.birchmere.com/calendar/
Sammy Obeid	The Howard Theatre	Friday, December 18, 2026	https://www.thehowardtheatre.com/
Strathmore Jazz Orchestra Christmas	The Music Center at Strathmore	Friday, December 18, 2026	https://www.strathmore.org/calendar
Lucky Stiffs	1919	Saturday, December 19, 2026	
Thievery Corporation	9:30 Club	Saturday, December 19, 2026	http://www.930.com/#upcoming-shows-container
Atlas Presents Furia Flamenca: Zambomba!	Atlas Arts Center	Saturday, December 19, 2026	http://www.atlasarts.org/music/
Veronneau's Snow Time	Blues Alley	Saturday, December 19, 2026	https://wl.seetickets.us/bluesalley
Seasons Bleghsings, Gone Cold & Thin The Herd Va, Uga Buga, Cursor, Age of Ruin	Jammin Java	Saturday, December 19, 2026	http://jamminjava.com
Nea Jazz Master Terri Lyne Carrington + Social Science	Keystone Korner Baltimore	Saturday, December 19, 2026	https://www.keystonekornerbaltimore.com/calendar
Stradivari Anniversary: Brentano Quartet with Hsin-Yun Huang (Concert 2)	Library of Congress	Saturday, December 19, 2026	
Thee Sinseers: Love Stories Tour, Taylor Williams	The Atlantis	Saturday, December 19, 2026	https://theatlantis.com/
John Violinist Live!	The Birchmere	Saturday, December 19, 2026	http://www.birchmere.com/calendar/
Chad Frick, Hathaway, Fools in the Sun	The Howard Theatre	Saturday, December 19, 2026	https://www.thehowardtheatre.com/
Zarna Garg: Million Dollar Excuses	The Lincoln Theatre	Saturday, December 19, 2026	https://www.ticketmaster.com/lincoln-theatre-tickets-washington/venue/172087
The Rush Experience	The State Theatre	Saturday, December 19, 2026	http://www.thestatetheatre.com/events/upcoming_events.xml
Veronneau's Snow Time	Blues Alley	Sunday, December 20, 2026	https://wl.seetickets.us/bluesalley
An Evening with Trace Bundy	Jammin Java	Sunday, December 20, 2026	http://jamminjava.com
Tribute to The Mighty O'Jays ft. Craig Dobson, David Lawson & Marc Staggers	Keystone Korner Baltimore	Sunday, December 20, 2026	https://www.keystonekornerbaltimore.com/calendar
Sounds of Harmony	Mr Henry's Restaurant	Sunday, December 20, 2026	http://www.mrhenrysdc.com/calendar/
Bluegrass Sunday: Old & In the Way	Pickett Brewing Company	Sunday, December 20, 2026	https://pickettbrewingco.com/calendar
Luther Relives “Holiday Show” Featuring William “Smooth” Wardlaw	The Birchmere	Sunday, December 20, 2026	http://www.birchmere.com/calendar/
Dave Detwiler's "Christmastime in Washington"	Blues Alley	Monday, December 21, 2026	https://wl.seetickets.us/bluesalley
A Christmas Brass Spectacular! With The Capitol Bones All-brass Big Band With Lena Seikaly	The Birchmere	Monday, December 21, 2026	http://www.birchmere.com/calendar/
Svetlana and the New York Collective's "New York Holidays"	Blues Alley	Tuesday, December 22, 2026	https://wl.seetickets.us/bluesalley
Lamkin3 Entertainment Presents "A Soulful Christmas: Motown and Beyond"	Blues Alley	Wednesday, December 23, 2026	https://wl.seetickets.us/bluesalley
Marcus Johnson Holiday Celebration	Keystone Korner Baltimore	Wednesday, December 23, 2026	https://www.keystonekornerbaltimore.com/calendar
'Twas the Night Before Christmas with Bryan Eng	Blues Alley	Thursday, December 24, 2026	https://wl.seetickets.us/bluesalley
Marcus Johnson Holiday Celebration	Keystone Korner Baltimore	Thursday, December 24, 2026	https://www.keystonekornerbaltimore.com/calendar
Early Nye Dance Party!, DJ Binaly: Turkish, Balkan, Levantine & Popular Beats	Jammin Java	Saturday, December 26, 2026	http://jamminjava.com
Miki Howard	Keystone Korner Baltimore	Saturday, December 26, 2026	https://www.keystonekornerbaltimore.com/calendar
Tarsha Fitzgerald Presents: Voices Of Motown Christmas Show	The Birchmere	Saturday, December 26, 2026	http://www.birchmere.com/calendar/
Miki Howard	Keystone Korner Baltimore	Sunday, December 27, 2026	https://www.keystonekornerbaltimore.com/calendar
Bela Dona Band	The Birchmere	Sunday, December 27, 2026	http://www.birchmere.com/calendar/
Maysa's New Year's Eve Party!	Keystone Korner Baltimore	Wednesday, December 30, 2026	https://www.keystonekornerbaltimore.com/calendar
Rebirth Brass Band	The Hamilton	Wednesday, December 30, 2026	http://live.thehamiltondc.com/calendar/
Ultimate 80's Nye Dance Party with DJ D	Jammin Java	Thursday, December 31, 2026	http://jamminjava.com
Maysa's New Year's Eve Party!	Keystone Korner Baltimore	Thursday, December 31, 2026	https://www.keystonekornerbaltimore.com/calendar
New Year’s Eve with DJ Trixie Mattel	The Anthem	Thursday, December 31, 2026	http://www.theanthemdc.com/calendar/
shallou	The Atlantis	Thursday, December 31, 2026	https://theatlantis.com/
New Year’s Eve with The Seldom Scene and Tim & Savannah Finch & The Eastman String Band	The Birchmere	Thursday, December 31, 2026	http://www.birchmere.com/calendar/
Rebirth Brass Band	The Hamilton	Thursday, December 31, 2026	http://live.thehamiltondc.com/calendar/
Jonathan Sloane Presents: Midnight On Bourbon Street	The Hamilton	Thursday, December 31, 2026	http://live.thehamiltondc.com/calendar/
Kermit Ruffins	The Hamilton	Saturday, January 2, 2027	http://live.thehamiltondc.com/calendar/
Kiwi Jr.	Pearl Street Warehouse	Saturday, January 9, 2027	http://www.pearlstreetwarehouse.com/
Maui The Writer - For The Lovers	The Howard Theatre	Sunday, January 10, 2027	https://www.thehowardtheatre.com/
Audra McDonald	Library of Congress	Wednesday, January 13, 2027	
Noah Pierre Band: Roots	Keystone Korner Baltimore	Thursday, January 14, 2027	https://www.keystonekornerbaltimore.com/calendar
Cloak	Metro Baltimore	Friday, January 15, 2027	https://metrobmore.com//events/
American Nomad, The Jogo Project	Pearl Street Warehouse	Friday, January 15, 2027	http://www.pearlstreetwarehouse.com/
1964: The Tribute	The Barns at Wolf Trap	Friday, January 15, 2027	https://www.wolftrap.org/calendar
Billy Prine Presents: The Songs of John Prine	The Hamilton	Friday, January 15, 2027	http://live.thehamiltondc.com/calendar/
Ninajirachi’s I Love My Computer and It Loves Me Tour, iKeda	The Anthem	Saturday, January 16, 2027	http://www.theanthemdc.com/calendar/
1964: The Tribute	The Barns at Wolf Trap	Saturday, January 16, 2027	https://www.wolftrap.org/calendar
Falco & Book Play Garcia	The Hamilton	Saturday, January 16, 2027	http://live.thehamiltondc.com/calendar/
Mysterious Traveler	Hank Dietle's Tavern	Sunday, January 17, 2027	https://www.hankdietles.net/
Emma Smith	Keystone Korner Baltimore	Sunday, January 17, 2027	https://www.keystonekornerbaltimore.com/calendar
An Evening with Don Ross & Julie Malia	Jammin Java	Thursday, January 21, 2027	http://jamminjava.com
Cyrus Chestnut & Affirmation w/ Tim Green, Eric Kennedy & Obasi Akoto	Keystone Korner Baltimore	Thursday, January 21, 2027	https://www.keystonekornerbaltimore.com/calendar
Live! At the Library: Christopher Maltman, baritone and Bryan Wagorn, piano	Library of Congress	Thursday, January 21, 2027	
Mariachi Herencia de México, Honoring Juan Gabriel	The Barns at Wolf Trap	Thursday, January 21, 2027	https://www.wolftrap.org/calendar
Anna Von Hausswolff	Union Stage	Thursday, January 21, 2027	https://www.unionstagepresents.com/
Cyrus Chestnut & Affirmation w/ Tim Green, Eric Kennedy & Obasi Akoto	Keystone Korner Baltimore	Friday, January 22, 2027	https://www.keystonekornerbaltimore.com/calendar
Ruth B	Pearl Street Warehouse	Friday, January 22, 2027	http://www.pearlstreetwarehouse.com/
Mariachi Herencia de México, Honoring Juan Gabriel	The Barns at Wolf Trap	Friday, January 22, 2027	https://www.wolftrap.org/calendar
KatzPascale	Union Stage	Friday, January 22, 2027	https://www.unionstagepresents.com/
Stella Lefty: Long Way Home Tour	The Anthem	Saturday, January 23, 2027	http://www.theanthemdc.com/calendar/
Rayland Baxter: The True Violet Tour	The Atlantis	Saturday, January 23, 2027	https://theatlantis.com/
Gabe Dixon	The Barns at Wolf Trap	Saturday, January 23, 2027	https://www.wolftrap.org/calendar
Dead Pioneers	Comet Ping Pong	Sunday, January 24, 2027	http://www.cometpingpong.com/livemusic/
Musicians Of The Baltimore Symphony Made possible by the Amy Sponseller Fund	Community Concerts at Second	Sunday, January 24, 2027	https://www.cc2nd.org/index.html
Keyboard Conversations® with Jeffrey Siegel: The Brahms I Love	GMU Center For The Arts	Sunday, January 24, 2027	https://cfa.calendar.gmu.edu/series-music/
The Gilded Age: Part II, Daniel Hope & Simon Crawford-Phillips, Chamber Music at The Barns	The Barns at Wolf Trap	Sunday, January 24, 2027	https://www.wolftrap.org/calendar
DakhaBrakha	The Music Center at Strathmore	Sunday, January 24, 2027	https://www.strathmore.org/calendar
@	Metro Baltimore	Tuesday, January 26, 2027	https://metrobmore.com//events/
@	Ottobar	Tuesday, January 26, 2027	http://www.theottobar.com/calendar
Boy Golden	Pearl Street Warehouse	Tuesday, January 26, 2027	http://www.pearlstreetwarehouse.com/
Kronos Quartet’s A Hard Rain	The Music Center at Strathmore	Tuesday, January 26, 2027	https://www.strathmore.org/calendar
The Del McCoury Band	The Barns at Wolf Trap	Thursday, January 28, 2027	https://www.wolftrap.org/calendar
Tophouse	9:30 Club	Friday, January 29, 2027	http://www.930.com/#upcoming-shows-container
Jack Quartet	Library of Congress	Friday, January 29, 2027	
never easy — I Still Care 2027 American Tour, Wayside, Postdrome	Pearl Street Warehouse	Friday, January 29, 2027	http://www.pearlstreetwarehouse.com/
Jessica Kirson	The Lincoln Theatre	Friday, January 29, 2027	https://www.ticketmaster.com/lincoln-theatre-tickets-washington/venue/172087
The Del McCoury Band	The Barns at Wolf Trap	Saturday, January 30, 2027	https://www.wolftrap.org/calendar
National Symphony Orchestra of Ukraine	GMU Center For The Arts	Sunday, January 31, 2027	https://cfa.calendar.gmu.edu/series-music/
The Del McCoury Band	The Barns at Wolf Trap	Sunday, January 31, 2027	https://www.wolftrap.org/calendar
Marian Hill Act Two: The Tour	The Atlantis	Tuesday, February 2, 2027	https://theatlantis.com/
The Del McCoury Band	The Barns at Wolf Trap	Tuesday, February 2, 2027	https://www.wolftrap.org/calendar
"Reverie: Dreams of Harlem and Paris:” Valerie Coleman and Friends	Library of Congress	Wednesday, February 3, 2027	
The Del McCoury Band	The Barns at Wolf Trap	Wednesday, February 3, 2027	https://www.wolftrap.org/calendar
Twilight In Concert	Capital One Hall	Friday, February 5, 2027	
Pablo Sainz-Villegas, Chamber Music at The Barns	The Barns at Wolf Trap	Friday, February 5, 2027	https://www.wolftrap.org/calendar
Third Coast Percussion	GMU Center For The Arts	Saturday, February 6, 2027	https://cfa.calendar.gmu.edu/series-music/
Alan Walker	The Anthem	Saturday, February 6, 2027	http://www.theanthemdc.com/calendar/
Bo Staloch - The 'Too Big, Too Big' Tour	The Atlantis	Saturday, February 6, 2027	https://theatlantis.com/
French 79 - Close To The Giants	The Howard Theatre	Saturday, February 6, 2027	https://www.thehowardtheatre.com/
Music at Evergreen: Empire Wild	Evergreen Museum Library	Sunday, February 7, 2027	
Midori, violin Özgür Aydin, piano (Baltimore Debut)	Shriver Hall	Sunday, February 7, 2027	https://www.shriverconcerts.org/event/index.php
The Metropolitan Opera Laffont Competition, Middle Atlantic Region	The Barns at Wolf Trap	Sunday, February 7, 2027	https://www.wolftrap.org/calendar
Music in the Mansion: CelloGayageum	The Music Center at Strathmore	Sunday, February 7, 2027	https://www.strathmore.org/calendar
Ibeyi	9:30 Club	Monday, February 8, 2027	http://www.930.com/#upcoming-shows-container
James Marriott World Tour	Union Stage	Tuesday, February 9, 2027	https://www.unionstagepresents.com/
Bad Suns - Disappear Here: A Ten Year Celebration	9:30 Club	Wednesday, February 10, 2027	http://www.930.com/#upcoming-shows-container
Live! At the Library: Alfredo Rodríguez Band featuring Pedrito Martínez	Library of Congress	Thursday, February 11, 2027	
Nashville Emerging Artists Night	The Barns at Wolf Trap	Thursday, February 11, 2027	https://www.wolftrap.org/calendar
Music in the Mansion: Titilayo Ayangade and Edwin Kaplan	The Music Center at Strathmore	Thursday, February 11, 2027	https://www.strathmore.org/calendar
Missio - Love & Heartbreak Tour, Oxymorrons, Kent Osborne	Union Stage	Thursday, February 11, 2027	https://www.unionstagepresents.com/
Najee Celebrates Valentine's Day Weekend	Keystone Korner Baltimore	Friday, February 12, 2027	https://www.keystonekornerbaltimore.com/calendar
The Lemonheads: The Love Chant Tour	Ottobar	Friday, February 12, 2027	http://www.theottobar.com/calendar
Nashville Emerging Artists Night	The Barns at Wolf Trap	Friday, February 12, 2027	https://www.wolftrap.org/calendar
Najee Celebrates Valentine's Day Weekend	Keystone Korner Baltimore	Saturday, February 13, 2027	https://www.keystonekornerbaltimore.com/calendar
Terra String Quartet (Baltimore Debut)	Shriver Hall	Saturday, February 13, 2027	https://www.shriverconcerts.org/event/index.php
Nashville Emerging Artists Night	The Barns at Wolf Trap	Saturday, February 13, 2027	https://www.wolftrap.org/calendar
Najee Celebrates Valentine's Day Weekend	Keystone Korner Baltimore	Sunday, February 14, 2027	https://www.keystonekornerbaltimore.com/calendar
Time for Three, Chamber Music at The Barns	The Barns at Wolf Trap	Sunday, February 14, 2027	https://www.wolftrap.org/calendar
Puddles Pity Party	The Barns at Wolf Trap	Monday, February 15, 2027	https://www.wolftrap.org/calendar
Puddles Pity Party	The Barns at Wolf Trap	Tuesday, February 16, 2027	https://www.wolftrap.org/calendar
Gary Allan (rescheduled from 8/22)	Capital One Hall	Thursday, February 18, 2027	
Nervosa, Castrator, Embryonic Autopsy and Vigil, Castrator, Embryonic Autopsy	Metro Baltimore	Thursday, February 18, 2027	https://metrobmore.com//events/
Seth Parker Woods, cello, and Conor Hanick, piano	Sixth & I	Thursday, February 18, 2027	https://www.sixthandi.org/events/category/arts-entertainment/music/list/
Music in the Mansion: Argus Quartet	The Music Center at Strathmore	Thursday, February 18, 2027	https://www.strathmore.org/calendar
Fake Names	Black Cat	Friday, February 19, 2027	http://www.blackcatdc.com/schedule.html
The Legend Of Korra In Concert	Capital One Hall	Friday, February 19, 2027	
Vansire	The Atlantis	Friday, February 19, 2027	https://theatlantis.com/
I'm With The (Boy) Band with DJ D	Jammin Java	Saturday, February 20, 2027	http://jamminjava.com
Schoenberg’s “Erwartung” with Tony Arnold, Sharon Harms, and the Argento Ensemble	Library of Congress	Saturday, February 20, 2027	
Claud and the Live Music	The Atlantis	Saturday, February 20, 2027	https://theatlantis.com/
Morgan State University Choir	Community Concerts at Second	Sunday, February 21, 2027	https://www.cc2nd.org/index.html
Music in the Mansion: Allison Miller’s Boom Tic Boom	The Music Center at Strathmore	Sunday, February 21, 2027	https://www.strathmore.org/calendar
Mason Jazz Ensemble Concert: Centennial Celebration: Stan Getz and Gerry Mulligan at 100	GMU Center For The Arts	Tuesday, February 23, 2027	https://cfa.calendar.gmu.edu/series-music/
The Buena Vista Orchestra	The Barns at Wolf Trap	Tuesday, February 23, 2027	https://www.wolftrap.org/calendar
Dan and Peggy Reeder	Union Stage	Tuesday, February 23, 2027	https://www.unionstagepresents.com/
The Buena Vista Orchestra	The Barns at Wolf Trap	Wednesday, February 24, 2027	https://www.wolftrap.org/calendar
Live! At the Library: Cuarteto Casals with Santiago Cañón Valencia	Library of Congress	Thursday, February 25, 2027	
Romare	The Atlantis	Thursday, February 25, 2027	https://theatlantis.com/
THAO	Black Cat	Saturday, February 27, 2027	http://www.blackcatdc.com/schedule.html
Balourdet Quartet	Sixth & I	Saturday, February 27, 2027	https://www.sixthandi.org/events/category/arts-entertainment/music/list/
L. Shankar, Presented in Partnership with District of Raga	The Barns at Wolf Trap	Saturday, February 27, 2027	https://www.wolftrap.org/calendar
Strathmore Jazz Orchestra featuring Anat Cohen and Camille Thurman	The Music Center at Strathmore	Saturday, February 27, 2027	https://www.strathmore.org/calendar
Trio Afiori (Baltimore Debut)	Shriver Hall	Sunday, February 28, 2027	https://www.shriverconcerts.org/event/index.php
Rhiannon Giddens	The Anthem	Sunday, February 28, 2027	http://www.theanthemdc.com/calendar/
Mason Symphony Orchestra and Concerto Competition Winners Concert: Symphonic Reflections (2027)	GMU Center For The Arts	Monday, March 1, 2027	https://cfa.calendar.gmu.edu/series-music/
University Chamber Singers Concert: Where Light Begins: A Choral Meditation on Creation	GMU Center For The Arts	Tuesday, March 2, 2027	https://cfa.calendar.gmu.edu/series-music/
International Guitar Night	The Barns at Wolf Trap	Wednesday, March 3, 2027	https://www.wolftrap.org/calendar
Live! At the Library: Tango Night with the Pan American Symphony Orchestra	Library of Congress	Thursday, March 4, 2027	
International Guitar Night	The Barns at Wolf Trap	Thursday, March 4, 2027	https://www.wolftrap.org/calendar
Music in the Mansion: Yaël Weiss	The Music Center at Strathmore	Thursday, March 4, 2027	https://www.strathmore.org/calendar
Beethoven/Liszt Symphonies 8 and 9 with Christopher Taylor	Library of Congress	Friday, March 5, 2027	
Unplugged (Mtv Unplugged Tribute Band)	Reckless Shepherd Brewery	Friday, March 5, 2027	https://recklessshepherd.com/brewery-events/
Derek Gripper and Alam Khan, Presented in Partnership with District of Raga	The Barns at Wolf Trap	Friday, March 5, 2027	https://www.wolftrap.org/calendar
Mike Clark Boptet with Patrice Rushen & Eddie Henderson	Keystone Korner Baltimore	Saturday, March 6, 2027	https://www.keystonekornerbaltimore.com/calendar
Matthew Whitaker’s Uplift!	The Music Center at Strathmore	Saturday, March 6, 2027	https://www.strathmore.org/calendar
Music at Evergreen: Claremont Trio	Evergreen Museum Library	Sunday, March 7, 2027	
Mike Clark Boptet with Patrice Rushen & Eddie Henderson	Keystone Korner Baltimore	Sunday, March 7, 2027	https://www.keystonekornerbaltimore.com/calendar
Death From Above 1979	The Howard Theatre	Sunday, March 7, 2027	https://www.thehowardtheatre.com/
Music in the Mansion: Viva Brasil	The Music Center at Strathmore	Sunday, March 7, 2027	https://www.strathmore.org/calendar
Kirill Gerstein, piano	Library of Congress	Friday, March 12, 2027	
Zukerman Trio Plays Beethoven, Chamber Music at The Barns	The Barns at Wolf Trap	Friday, March 12, 2027	https://www.wolftrap.org/calendar
Valley - Do You Need to Be Entertained Tour, Moody Joody	9:30 Club	Sunday, March 14, 2027	http://www.930.com/#upcoming-shows-container
Musicians Of The Baltimore Symphony Made possible by the Amy Sponseller Fund	Community Concerts at Second	Sunday, March 14, 2027	https://www.cc2nd.org/index.html
Games We Play – "I Wish I Never Quit" Us Tour, Bears In Trees	Pearl Street Warehouse	Sunday, March 14, 2027	http://www.pearlstreetwarehouse.com/
Les Violons du Roy Avi Avital, mandolin	Shriver Hall	Sunday, March 14, 2027	https://www.shriverconcerts.org/event/index.php
Way Dynamic	Union Stage	Sunday, March 14, 2027	https://www.unionstagepresents.com/
Blondshell - Scaring Strangers Tour	9:30 Club	Monday, March 15, 2027	http://www.930.com/#upcoming-shows-container
The High Kings	The Lyric	Tuesday, March 16, 2027	https://www.lyricbaltimore.com/events
Kayhan Kalhor with Brooklyn Rider	Library of Congress	Wednesday, March 17, 2027	
Marcus Miller	Keystone Korner Baltimore	Thursday, March 18, 2027	https://www.keystonekornerbaltimore.com/calendar
Matthew Morrison, Show Up	The Barns at Wolf Trap	Thursday, March 18, 2027	https://www.wolftrap.org/calendar
Kodo One Earth Tour 2027: Luminance	The Music Center at Strathmore	Thursday, March 18, 2027	https://www.strathmore.org/calendar
Alaska Thunderf*ck: The Revolution Tour	Union Stage	Thursday, March 18, 2027	https://www.unionstagepresents.com/
Marcus Miller	Keystone Korner Baltimore	Friday, March 19, 2027	https://www.keystonekornerbaltimore.com/calendar
Swinging Songs of Broadway, Jazz at Lincoln Center Presents	The Barns at Wolf Trap	Friday, March 19, 2027	https://www.wolftrap.org/calendar
Brit Floyd, Animals 50	The Lyric	Friday, March 19, 2027	https://www.lyricbaltimore.com/events
The Mary Wallopers	Union Stage	Friday, March 19, 2027	https://www.unionstagepresents.com/
Virginia Opera: Turandot	GMU Center For The Arts	Saturday, March 20, 2027	https://cfa.calendar.gmu.edu/series-music/
The Nields	Jammin Java	Saturday, March 20, 2027	http://jamminjava.com
Marcus Miller	Keystone Korner Baltimore	Saturday, March 20, 2027	https://www.keystonekornerbaltimore.com/calendar
Longleash	Library of Congress	Saturday, March 20, 2027	
Jake Xerxes Fussell	Miracle Theatre	Saturday, March 20, 2027	https://themiracletheatre.com/event-category/live-events/
Valencia Grace	Union Stage	Saturday, March 20, 2027	https://www.unionstagepresents.com/
Virginia Opera: Turandot	GMU Center For The Arts	Sunday, March 21, 2027	https://cfa.calendar.gmu.edu/series-music/
Marcus Miller	Keystone Korner Baltimore	Sunday, March 21, 2027	https://www.keystonekornerbaltimore.com/calendar
Music in the Mansion: Jason Vieaux & Eunice Kim	The Music Center at Strathmore	Thursday, March 25, 2027	https://www.strathmore.org/calendar
Robert Jon & The Wreck	Metro Baltimore	Friday, March 26, 2027	https://metrobmore.com//events/
Sona Jobarteh	The Music Center at Strathmore	Friday, March 26, 2027	https://www.strathmore.org/calendar
Brooke Alexx: Dream Girl Tour	Union Stage	Friday, March 26, 2027	https://www.unionstagepresents.com/
Metropolitan Jazz Orchestra: The Divas of Cool	GMU Center For The Arts	Saturday, March 27, 2027	https://cfa.calendar.gmu.edu/series-music/
Yuridia - Cartas Sobre La Mesa Tour 2027	MGM National Harbor	Sunday, March 28, 2027	https://www.mgmnationalharbor.com/en/entertainment/the-theater.html#/Entertainment%20Calendar
Jazz Big Band Showdown: Spring 2027	GMU Center For The Arts	Monday, March 29, 2027	https://cfa.calendar.gmu.edu/series-music/
Calema — Origin Tour	The Howard Theatre	Thursday, April 1, 2027	https://www.thehowardtheatre.com/
Broadway Showcase: Legends and Legacies: George Mason University Chorale Annual Broadway Showcase	GMU Center For The Arts	Friday, April 2, 2027	https://cfa.calendar.gmu.edu/series-music/
A BandHouse Gigs Tribute to Van Morrison	The Barns at Wolf Trap	Friday, April 2, 2027	https://www.wolftrap.org/calendar
Arthur Hill	Union Stage	Friday, April 2, 2027	https://www.unionstagepresents.com/
Broadway Showcase: Legends and Legacies: George Mason University Chorale Annual Broadway Showcase	GMU Center For The Arts	Saturday, April 3, 2027	https://cfa.calendar.gmu.edu/series-music/
Yi-Chen Feng, piano (Winner of the 2026 Yale Gordon Competition)	Shriver Hall	Saturday, April 3, 2027	https://www.shriverconcerts.org/event/index.php
Anthony “Tony” Walker, Friends, DC Icons	Sixth & I	Saturday, April 3, 2027	https://www.sixthandi.org/events/category/arts-entertainment/music/list/
Eliane Elias, Jobim Centennial Celebration	The Barns at Wolf Trap	Saturday, April 3, 2027	https://www.wolftrap.org/calendar
Capital City Symphony: Restless Seas	Atlas Arts Center	Sunday, April 4, 2027	http://www.atlasarts.org/music/
Keyboard Conversations® with Jeffrey Siegel: Virtuoso Variations	GMU Center For The Arts	Sunday, April 4, 2027	https://cfa.calendar.gmu.edu/series-music/
Beirut	9:30 Club	Tuesday, April 6, 2027	http://www.930.com/#upcoming-shows-container
Beirut	9:30 Club	Wednesday, April 7, 2027	http://www.930.com/#upcoming-shows-container
Jazz Workshop Concert: Spring 2027	GMU Center For The Arts	Wednesday, April 7, 2027	https://cfa.calendar.gmu.edu/series-music/
Stanley Clarke and Hiromi: Music of Chick Corea and Beyond	The Music Center at Strathmore	Thursday, April 8, 2027	https://www.strathmore.org/calendar
Varijashree Venugopal, Presented in Partnership with District of Raga	The Barns at Wolf Trap	Friday, April 9, 2027	https://www.wolftrap.org/calendar
Silkroad Ensemble featuring Cécile McLorin Salvant	GMU Center For The Arts	Saturday, April 10, 2027	https://cfa.calendar.gmu.edu/series-music/
This Is The Kit	Songbyrd DC	Saturday, April 10, 2027	http://www.songbyrddc.com/events/
Eileen Ivers and Universal Roots	The Barns at Wolf Trap	Saturday, April 10, 2027	https://www.wolftrap.org/calendar
Matt Friend	The Lincoln Theatre	Saturday, April 10, 2027	https://www.ticketmaster.com/lincoln-theatre-tickets-washington/venue/172087
Axiom Brass: Love, Mystery, and Despair	Community Concerts at Second	Sunday, April 11, 2027	https://www.cc2nd.org/index.html
Music in the Mansion: Fabiana Cozza	The Music Center at Strathmore	Sunday, April 11, 2027	https://www.strathmore.org/calendar
Mason Jazz Vocal Night: Spring 2027	GMU Center For The Arts	Monday, April 12, 2027	https://cfa.calendar.gmu.edu/series-music/
Iceage	Black Cat	Thursday, April 15, 2027	http://www.blackcatdc.com/schedule.html
Music in the Mansion: Trio Karénine	The Music Center at Strathmore	Thursday, April 15, 2027	https://www.strathmore.org/calendar
Gustavo Santaolalla - Ronroco Tour	The Music Center at Strathmore	Thursday, April 15, 2027	https://www.strathmore.org/calendar
Fairfax Symphony Orchestra with Itzhak Perlman	GMU Center For The Arts	Saturday, April 17, 2027	https://cfa.calendar.gmu.edu/series-music/
Terrian – Mad Big World Tour	Pearl Street Warehouse	Saturday, April 17, 2027	http://www.pearlstreetwarehouse.com/
Leonkoro Quartet, Chamber Music at The Barns	The Barns at Wolf Trap	Sunday, April 18, 2027	https://www.wolftrap.org/calendar
Music in the Mansion: Maximilian Jacobs: Chamber Symphony for Jazz Octet	The Music Center at Strathmore	Sunday, April 18, 2027	https://www.strathmore.org/calendar
Mason Bands and Choirs Concert: Picture This... (2027)	GMU Center For The Arts	Tuesday, April 20, 2027	https://cfa.calendar.gmu.edu/series-music/
Haiden Henderson - The Dumblond Tour	The Atlantis	Tuesday, April 20, 2027	https://theatlantis.com/
John McCutcheon	The Barns at Wolf Trap	Thursday, April 22, 2027	https://www.wolftrap.org/calendar
Foy Vance World Tour, 2026 & 2027, Ryan McMullan, Bonnie Bishop	The Howard Theatre	Saturday, April 24, 2027	https://www.thehowardtheatre.com/
Angélique Kidjo	GMU Center For The Arts	Sunday, April 25, 2027	https://cfa.calendar.gmu.edu/series-music/
The Great Clarinet Quintets, Mozart & Brahms, Chamber Music Society of Lincoln Center	The Barns at Wolf Trap	Sunday, April 25, 2027	https://www.wolftrap.org/calendar
Mason Symphony Orchestra and Concerto Competition Winners Concert: Festive Finale (2027)	GMU Center For The Arts	Sunday, May 2, 2027	https://cfa.calendar.gmu.edu/series-music/
Calidore String Quartet	Shriver Hall	Sunday, May 2, 2027	https://www.shriverconcerts.org/event/index.php
Adrenalize - The Ultimate Def Leppard Experience	The State Theatre	Friday, May 7, 2027	http://www.thestatetheatre.com/events/upcoming_events.xml
Dewberry School of Music Honors Recital 2027	GMU Center For The Arts	Saturday, May 8, 2027	https://cfa.calendar.gmu.edu/series-music/
Paloma Morphy, Nina Del Rio	The Atlantis	Saturday, May 8, 2027	https://theatlantis.com/
Music in the Mansion: Imam Collective	The Music Center at Strathmore	Sunday, May 9, 2027	https://www.strathmore.org/calendar
The Jazz at Lincoln Center Orchestra with Wynton Marsalis	The Music Center at Strathmore	Tuesday, May 11, 2027	https://www.strathmore.org/calendar
The Jazz at Lincoln Center Orchestra with Wynton Marsalis	The Music Center at Strathmore	Thursday, May 13, 2027	https://www.strathmore.org/calendar
Paul Huang, violin, Anne-Marie McDermott, piano, Jose Franch-Ballester, clarinet, and Clive Greensmith, cello	Sixth & I	Saturday, May 15, 2027	https://www.sixthandi.org/events/category/arts-entertainment/music/list/
40th Anniversary Celebration Concert	Community Concerts at Second	Sunday, May 16, 2027	https://www.cc2nd.org/index.html
Béla Fleck, Edmar Castañeda, Antonio Sánchez Trio	The Music Center at Strathmore	Sunday, May 16, 2027	https://www.strathmore.org/calendar
The Airborne Toxic Event - The Way Home 20 Year Anniversary Tour	9:30 Club	Thursday, May 20, 2027	http://www.930.com/#upcoming-shows-container
Music in the Mansion: Ryan Montbleau	The Music Center at Strathmore	Thursday, May 20, 2027	https://www.strathmore.org/calendar
Kim Richey with Special Guest Caroline Spence, Caroline Spence	Jammin Java	Thursday, June 3, 2027	http://jamminjava.com
Ana Vidović, guitar	Community Concerts at Second	Sunday, June 6, 2027	https://www.cc2nd.org/index.html
Fkj – Tyber Tour	The Anthem	Monday, June 7, 2027	http://www.theanthemdc.com/calendar/
Music in the Mansion: Ellen Gira and Friends	The Music Center at Strathmore	Sunday, June 20, 2027	https://www.strathmore.org/calendar
Lizzy McAlpine: The Over Country Tour, Searows Post Animal	Merriweather Post Pavilion	Friday, June 25, 2027	http://www.merriweathermusic.com/
The Orchestral Qawwali Project	The Music Center at Strathmore	Friday, June 25, 2027	https://www.strathmore.org/calendar
The Orchestral Qawwali Project	The Music Center at Strathmore	Saturday, June 26, 2027	https://www.strathmore.org/calendar
(Postponed) Himra	Union Stage	Monday, June 28, 2027	https://www.unionstagepresents.com/
Attack on Titan - Symphony from Paradis	Capital One Hall	Thursday, July 15, 2027	
Attack on Titan - Symphony from Paradis	Capital One Hall	Friday, July 16, 2027	
